CA-A Cancer Journal for Clinicians	685.2
Nature Reviews Molecular Cell Biology	118
Lancet	109
Nature Reviews Microbiology	104.6
Nature Reviews Clinical Oncology	94.6
Nature Reviews Drug Discovery	91.2
New England Journal of Medicine	84.5
Nature Reviews Materials	83.3
Annals of Oncology	80.4
Nature Reviews Disease Primers	79.8
World Psychiatry	79.5
Nature Energy	70.1
JAMA-Journal of the American Medical Association	65.4
Chemical Reviews	64.2
Nature Reviews Gastroenterology & Hepatology	57.5
Nature	56.1
Cancer Cell	56.1
Annual Review of Organizational Psychology and Organizational Behavior	55.9
Lancet Neurology	54.6
Nature Medicine	52.5
Nature Reviews Genetics	51.4
Electrochemical Energy Reviews	50.7
IEEE Communications Surveys and Tutorials	50.6
Nature Reviews Chemistry	50.3
Nature Reviews Cardiology	50.2
Reviews of Modern Physics	48.9
Chemical Society Reviews	48.3
Nature Catalysis	48.3
Journal of Hematology & Oncology	47.8
Science	47.3
Nature Reviews Nephrology	46.7
Nature Reviews Physics	46.6
European Heart Journal	45.3
Cell	45.1
Journal of Clinical Oncology	44.7
Nature Biotechnology	44.5
Progress in Materials Science	42.9
Nature Electronics	42.3
Molecular Cancer	42.2
Annual Review of Psychology	41.8
Circulation	41.3
Progress in Energy and Combustion Science	41.3
Journal of Hepatology	40.1
Annual Review of Immunology	39.8
Lancet Gastroenterology & Hepatology	39.1
Nature Reviews Endocrinology	39.1
International Journal of Educational Technology in Higher Education	38.7
Reviews of Geophysics	38.5
Nano-Micro Letters	38.5
Nature Photonics	38.1
Nature Materials	38
Nature Nanotechnology	37.5
Joule	37.1
Cell Metabolism	37
Lancet Diabetes & Endocrinology	36.3
Physiological Reviews	35.7
Lancet Respiratory Medicine	34.7
Annual Review of Pathology-Mechanisms of Disease	34.5
Lancet Oncology	33.7
Nature Reviews Rheumatology	33.7
Progress in Polymer Science	32.8
Molecular Plant	32.7
Nature Sustainability	32.1
Nature Reviews Neurology	31.2
Cell Research	31.1
International Journal of Information Management	31
Proceedings of the IEEE	30.9
Immunity	30.6
Energy & Environmental Science	30.5
ACM Computing Surveys	30.4
Advances in Optics and Photonics	30.1
Nature Machine Intelligence	29.8
Gastroenterology	29.7
Lancet Rheumatology	29.5
Cancer Discovery	29.5
Lancet Infectious Diseases	29.4
Advanced Materials	29.1
European Urology	29.1
Annual Review of Condensed Matter Physics	29
Cancer Communications	28.4
Nature Methods	28.3
Nature Cancer	28
Physics Reports-Review Section of Physics Letters	27.5
Nature Metabolism	27.5
Fungal Diversity	27
Nature Climate Change	26.9
Lancet Public Health	26.5
Nature Immunology	26.5
Annual Review Plant Biology	26.4
Nature Biomedical Engineering	26.3
JAMA Internal Medicine	26.3
Annual Review of Fluid Mechanics	26.1
Coordination Chemistry Reviews	25.6
Nature Genetics	25.5
Advanced Energy Materials	25.5
Lancet Digital Health	25.5
Science Robotics	25.5
Trends in Cell Biology	25.3
Environmental Chemistry Letters	25.2
International Journal of Extreme Manufacturing	25.1
Annual Review of Biochemistry	24.9
Gut	24.6
Nature Chemistry	24.5
Progress in Aerospace Sciences	24.2
International Journal of Machine Tools & Manufacture	24.1
Materials Today	24.1
Annals of the Rheumatic Diseases	24
Trends in Pharmacological Sciences	24
Endocrine Reviews	23.9
Cellular & Molecular Immunology	23.9
JAMA Oncology	23.9
Blood	23.9
European Respiratory Journal	23.8
Advances in Colloid and Interface Science	23.7
JAMA Neurology	23.6
Bioactive Materials	23.6
Journal of Thoracic Oncology	23.3
Cell Stem Cell	23.3
Cell Host & Microbe	23.2
Nature Cell Biology	22.7
Cancer Research	22.6
Advanced Fiber Materials	22.6
Diabetes Care	22.6
Annual Review of Marine Science	22.5
Lancet Global Health	22.5
Opto-Electronic Advances	22.4
Journal of the American College of Cardiology	22.3
Drug Resistance Updates	22
Intensive Care Medicine	22
Kidney International	21.8
Journal of Extracellular Vesicles	21.7
American Journal of Respiratory and Critical Care Medicine	21.7
Clinical and Molecular Hepatology	21.7
Trends in Cancer	21.6
Carbon Energy	21.4
Trends in Plant Science	21.2
Materials Science & Engineering R-Reports	21.1
Advanced Drug Delivery Reviews	21
Clinical Microbiology Reviews	20.7
Science Bulletin	20.7
Nature Geoscience	20.6
Lancet Planetary Health	20.5
IEEE Transactions on Pattern Analysis and Machine Intelligence	20.4
Lancet Haematology	20.4
Nature Neuroscience	20.3
Annual Review of Physiology	20.3
Trends in Cognitive Sciences	20.3
Seminars in Cancer Biology	20.3
Pharmacological Reviews	20.3
Human Reproduction Update	20.1
Trends in Endocrinology and Metabolism	20.1
Psychological Bulletin	19.9
Advanced Functional Materials	19.9
Applied Catalysis B-Environmental	19.7
Molecular Neurodegeneration	19.6
InfoMat	19.6
Advanced Photonics	19.5
Energy Storage Materials	19.3
Applied Mechanics Reviews	19.1
Translational Neurodegeneration	19.1
Chem	19.1
JACC-Cardiovascular Imaging	19
Annual Review of Pharmacology and Toxicology	19
Annual Review of Medicine	18.8
Artificial Intelligence Review	18.8
Trends in Microbiology	18.7
eTransportation	18.7
Nature Microbiology	18.7
Annual Review of Clinical Psychology	18.6
Autophagy	18.6
Nature Protocols	18.4
IEEE-CAA Journal of Automatica Sinica	18.3
Protein & Cell	18.2
Nature Communications	18.1
Trends in Molecular Medicine	18.1
Progress in Lipid Research	18.1
National Science Review	18.1
Accounts of Chemical Research	18
JAMA Psychiatry	18
Academy of Management Annals	18
npj Digital Medicine	18
Hepatology	18
Renewable & Sustainable Energy Reviews	18
Nature Physics	18
Circulation Research	18
Trends in Ecology & Evolution	17.9
Periodontology 2000	17.8
Radiology	17.6
International Journal of Oral Science	17.6
Angewandte Chemie-International Edition	17.6
American Journal of Bioethics	17.6
Journal of the National Comprehensive Cancer Network	17.5
Experimental Hematology & Oncology	17.5
Experimental and Molecular Medicine	17.5
Computer Science Review	17.5
ACS Energy Letters	17.5
Nature Human Behaviour	17.5
Trends in Food Science & Technology	17.4
Information Fusion	17.4
ACS Nano	17.3
Annals of Internal Medicine	17.2
Annual Review of Public Health	17.2
Nature Ecology & Evolution	17.1
Journal of Advanced Research	17.1
JAMA Pediatrics	17.1
Current Obesity Reports	17
International Materials Reviews	17
Annual Review of Entomology	16.9
Cell Discovery	16.9
Neuron	16.9
FEMS Microbiology Reviews	16.9
IEEE Journal on Selected Areas in Communications	16.8
Journal of Materials Science & Technology	16.8
Physical Review X	16.8
Nano Energy	16.7
Metabolism-Clinical and Experimental	16.7
Journal of the American Chemical Society	16.6
Trends in Biotechnology	16.6
Science Immunology	16.4
Clinical Gastroenterology and Hepatology	16.2
Redox Biology	16.2
MMWR-Morbidity and Mortality Weekly Report	16.2
Progress in Retinal and Eye Research	16.2
Molecular Cell	16
IEEE Reviews in Biomedical Engineering	16
IEEE Transactions on Evolutionary Computation	15.9
American Journal of Psychiatry	15.9
Progress in Particle and Nuclear Physics	15.9
International Journal of Mining Science and Technology	15.9
Nature Chemical Biology	15.8
Journal of Magnesium and Alloys	15.8
Trends in Neurosciences	15.7
Comprehensive Reviews in Food Science and Food Safety	15.6
Science Translational Medicine	15.6
Annual Review of Earth and Planetary Sciences	15.6
JAMA Surgery	15.6
Cardiovascular Diabetology	15.6
Journal of Energy Chemistry	15.6
Advanced Composites and Hybrid Materials	15.5
Ageing Research Reviews	15.5
JACC: Cardiooncology	15.5
British Journal of Sports Medicine	15.5
Reports on Progress in Physics	15.4
Annual Review of Food Science and Technology	15.4
International Journal of Plasticity	15.4
npj Flexible Electronics	15.4
Gut Microbes	15.3
IEEE Transactions on Image Processing	15.3
Nature Astronomy	15.2
JAMA Cardiology	15.2
Biochar	15.1
Reviews in Environmental Science and Bio-Technology	15.1
Nucleic Acids Research	15
Wiley Interdisciplinary Reviews-Data Mining and Knowledge Discovery	15
Journal of Nanobiotechnology	15
Journal of Manufacturing Systems	14.9
Theranostics	14.9
Microbiome	14.9
Drugs	14.7
Personality and Social Psychology Review	14.6
Lancet HIV	14.6
Advances in Methods and Practices in Psychological Science	14.6
Physiology	14.6
Acta Pharmaceutica Sinica B	14.6
Biomarker Research	14.6
Tourism Management	14.5
Trends in Biochemical Sciences	14.4
Annual Reviews in Control	14.4
Cement & Concrete Composites	14.4
Journal of Statistical Software	14.3
Journal of Clinical Investigation	14.3
Journal of Experimental & Clinical Cancer Research	14.3
Biotechnology Advances	14.1
Current Opinion in Solid State & Materials Science	14.1
Advanced Science	14.1
Journal of Advanced Ceramics	14
Composites Part B-Engineering	14
Medical Image Analysis	14
Cement and Concrete Research	14
Science Advances	13.9
Annual Review of Neuroscience	13.8
Energy & Environmental Materials	13.8
Nano Convergence	13.8
Food Hydrocolloids	13.8
Oeconomia Copernicana	13.8
Progress in Reaction Kinetics and Mechanism	13.8
Protection and Control of Modern Power Systems	13.8
Molecular Aspects of Medicine	13.8
Blood Cancer Journal	13.8
Academy of Management Review	13.8
Reviews in Aquaculture	13.8
Journal of Retailing and Consumer Services	13.7
Reliability Engineering & System Safety	13.7
IEEE Geoscience and Remote Sensing Magazine	13.7
Medicinal Research Reviews	13.6
ACS Catalysis	13.6
Nature Reviews Urology	13.6
Biomaterials	13.6
Cell Death and Differentiation	13.6
Technological Forecasting and Social Change	13.5
TRAC-Trends in Analytical Chemistry	13.5
Food Engineering Reviews	13.5
Acta Physico-Chimica Sinica	13.5
Pharmacology & Therapeutics	13.5
Plant Cell	13.5
Energy Economics	13.5
Journal of Supply Chain Management	13.5
International Journal of Management Reviews	13.4
IEEE Wireless Communications	13.4
Cytokine & Growth Factor Reviews	13.4
Lancet Child & Adolescent Health	13.4
Sustainable Cities and Society	13.3
Annual Review of Phytopathology	13.2
Computers & Education	13.2
Carbohydrate Polymers	13.2
Business Strategy and the Environment	13.2
Trends in Immunology	13.1
Neuro-Oncology	13.1
Quarterly Journal of Economics	13.1
npj Computational Materials	13.1
Journal of Sport and Health Science	13.1
British Journal of Educational Technology	13
ACM Transactions on Graphics	13
Archives of Computational Methods in Engineering	12.9
Technology in Society	12.9
Annual Review of Ecology Evolution and Systematics	12.9
ISPRS Journal of Photogrammetry and Remote Sensing	12.9
Trends in Genetics	12.9
Annual Review of Biophysics	12.9
Alzheimers & Dementia	12.8
eClinicalMedicine	12.8
Journal of Economic Literature	12.8
Academy of Management Journal	12.8
Plant Biotechnology Journal	12.8
Water Research	12.8
Critical Reviews in Solid State and Materials Sciences	12.7
Advances in Nutrition	12.7
Cancer and Metastasis Reviews	12.7
Carbon	12.7
Geoscience Frontiers	12.7
JACC-Cardiovascular Interventions	12.7
Brain	12.6
Automation in Construction	12.6
Asian Journal of Pharmaceutical Sciences	12.6
Chemical Engineering Journal	12.5
Cardiovascular Research	12.5
Global Change Biology	12.5
Journal of Integrative Plant Biology	12.5
Annual Review of Cell and Developmental Biology	12.5
Natural Product Reports	12.5
Critical Reviews in Environmental Science and Technology	12.5
IEEE Transactions on Medical Imaging	12.4
Journal of Controlled Release	12.4
Journal of Hospitality Marketing & Management	12.4
Cancer Biology & Medicine	12.4
Annual Review of Animal Biosciences	12.3
Remote Sensing of Environment	12.3
Current Climate Change Reports	12.3
PRX Quantum	12.3
Journal of the American Academy of Dermatology	12.3
Robotics and Computer-Integrated Manufacturing	12.3
Trends in Environmental Analytical Chemistry	12.2
Annual Review of Microbiology	12.2
Computers in Human Behavior	12.2
Environmental Science & Technology	12.2
Engineering	12.2
Environmental Impact Assessment Review	12.2
Soil Biology & Biochemistry	12.2
Pharmacological Research	12.2
Annual Review of Economics	12.2
Business & Information Systems Engineering	12.2
Journal of Finance	12.2
Applied Energy	12.2
Cell Death & Disease	12.2
Cellular & Molecular Biology Letters	12.2
Energy Strategy Reviews	12.1
Rare Metals	12.1
Journal of Product Innovation Management	12
Technovation	12
Educational Psychology Review	11.9
British Journal of Biomedical Science	11.9
JACC-Heart Failure	11.9
Physics of Life Reviews	11.8
Biosensors & Bioelectronics	11.8
Small	11.8
Microbiology and Molecular Biology Reviews	11.8
Energy Conversion and Management	11.8
Endoscopy	11.8
Cancer Letters	11.8
JAMA Network Open	11.7
Journal of Allergy and Clinical Immunology	11.7
Journal for Immunotherapy of Cancer	11.7
International Journal of Biological Sciences	11.7
Transactions of the Association for Computational Linguistics	11.7
Current Forestry Reports	11.6
Journal of Toxicology and Environmental Health-Part B-Critical Reviews	11.6
IEEE Transactions on Knowledge and Data Engineering	11.6
Journal of Photochemistry and Photobiology C-Photochemistry Reviews	11.6
Sleep Medicine Reviews	11.6
Surface Science Reports	11.6
Journal of Experimental Medicine	11.6
Cell Communication and Signaling	11.6
Journal of Neuroinflammation	11.5
Seminars in Immunology	11.5
Advanced Engineering Informatics	11.5
Seminars in Immunopathology	11.5
Annual Review of Biomedical Engineering	11.5
Clinical Reviews in Allergy & Immunology	11.5
Critical Care	11.4
American Journal of Clinical Dermatology	11.4
International Journal of Mechanical Sciences	11.4
Molecular Therapy	11.4
Landscape and Urban Planning	11.4
Review of Managerial Science	11.4
Materials Horizons	11.4
npj Biofilms and Microbiomes	11.4
IEEE Transactions on Affective Computing	11.3
IEEE Transactions on Cybernetics	11.3
Earth-Science Reviews	11.3
Allergy	11.3
Additive Manufacturing	11.3
Hemasphere	11.3
International Journal of Contemporary Hospitality Management	11.3
Phytomedicine	11.3
Angiogenesis	11.2
eBioMedicine	11.2
ACM Transactions on Information Systems	11.2
Clinical Psychology Review	11.2
Journal of Pharmaceutical Analysis	11.2
Biochimica et Biophysica Acta-Reviews on Cancer	11.2
Diagnostic and Interventional Imaging	11.1
Trends in Chemistry	11.1
Stroke	11.1
ACS Central Science	11.1
IEEE Transactions on Robotics	11.1
Journal of Business Research	11.1
Astrophysical Journal Letters	11.1
Microsystems & Nanoengineering	11.1
Materials Today Bio	11
Advanced Healthcare Materials	11
Journal of Travel & Tourism Marketing	11
Economic Geography	11
Journal of Research in Interactive Marketing	11
Current Opinion in Green and Sustainable Chemistry	11
Cancer Genetics	11
Journal of Stroke	11
Supply Chain Management-An International Journal	11
Sports Medicine	11
Transport Reviews	11
npj Clean Water	11
Ophthalmology	10.9
JAMA Dermatology	10.9
Topics in Current Chemistry	10.9
Clinical Cancer Research	10.9
ACS Sensors	10.9
Wiley Interdisciplinary Reviews-Computational Molecular Science	10.9
Biological Reviews	10.9
Environmental Health Perspectives	10.9
Archives of Toxicology	10.9
Facta Universitatis-Series Mechanical Engineering	10.9
Government Information Quarterly	10.8
European Respiratory Review	10.8
IEEE Signal Processing Magazine	10.8
Personnel Psychology	10.8
BMJ Evidence-Based Medicine	10.8
Applied Physics Reviews	10.8
Food Packaging and Shelf Life	10.8
Journal of Rock Mechanics and Geotechnical Engineering	10.8
Journal of Big Data	10.8
IEEE Transactions on Circuits and Systems for Video Technology	10.8
Progress in Quantum Electronics	10.8
Genome Medicine	10.8
International Journal of Stem Education	10.7
Journal of Business Logistics	10.7
ACM Transactions on Intelligent Systems and Technology	10.7
Nano Today	10.7
Journal of Cleaner Production	10.7
Acta Materialia	10.7
Journal of Energy Storage	10.7
Internet and Higher Education	10.6
Journal of the Renin-Angiotensin-Aldosterone System	10.6
Green Chemistry	10.6
International Journal of Production Economics	10.6
Critical Reviews in Food Science and Nutrition	10.6
Cancer Treatment Reviews	10.6
ESMO Open	10.6
Educational Psychologist	10.6
Journal of Materiomics	10.6
Journal of Marketing	10.6
Particle and Fibre Toxicology	10.6
Progress in Cardiovascular Diseases	10.6
Immunological Reviews	10.6
Journal of Hazardous Materials	10.6
Liver Cancer	10.5
JAMA Ophthalmology	10.5
Polymer Reviews	10.5
Resources Conservation and Recycling	10.4
Acta Biomaterialia	10.4
Molecular Psychiatry	10.4
Acta Pharmacologica Sinica	10.4
Food Chemistry	10.4
Journal of Accounting Research	10.4
Diabetologia	10.4
Cell Death Discovery	10.4
Computers and Electronics in Agriculture	10.3
European Journal of Heart Failure	10.3
Educational Research Review	10.3
Corrosion Science	10.3
Engineering Geology	10.3
British Journal of Anaesthesia	10.3
Journal of Crohns & Colitis	10.3
Acta Neuropathologica	10.3
International Journal of Computer Vision	10.3
IEEE Transactions on Sustainable Energy	10.3
Biological Psychiatry	10.3
IEEE Transactions on Wireless Communications	10.3
Journal of International Business Studies	10.2
Implementation Science	10.2
International Review of Financial Analysis	10.2
Progress in Photovoltaics	10.2
IEEE Transactions on Fuzzy Systems	10.2
Ultrasonics Sonochemistry	10.2
Europace	10.2
Environment International	10.2
Mechanical Systems and Signal Processing	10.2
ISME Journal	10.2
Journal of Tissue Engineering	10.1
Journal of Operations Management	10.1
Wiley Interdisciplinary Reviews-Climate Change	10.1
Nature Structural & Molecular Biology	10.1
Journal of Economic Perspectives	10.1
IEEE Transactions on Smart Grid	10.1
Energy	10.1
Journal of Hospitality and Tourism Management	10.1
Corporate Social Responsibility and Environmental Management	10.1
Leadership Quarterly	10
Dialogues in Human Geography	10
European Journal of Preventive Cardiology	10
Journal of Infection	10
Journal of Management	10
Computers in Industry	10
International Journal of Consumer Studies	9.9
Telematics and Informatics	9.9
Journal of Cachexia Sarcopenia and Muscle	9.9
IEEE Transactions on Multimedia	9.9
npj Precision Oncology	9.9
Arthritis & Rheumatology	9.9
IEEE Transactions on Consumer Electronics	9.9
Journal of Cardiac Failure	9.9
Desalination	9.9
Advances in Physics-X	9.9
Composites Science and Technology	9.9
IEEE Transactions on Industrial Informatics	9.8
Journal of Orthopaedic Translation	9.8
Autoimmunity Reviews	9.8
Virtual and Physical Prototyping	9.8
Chest	9.8
Science China-Chemistry	9.8
Hypertension	9.8
Space Science Reviews	9.8
Annual Review of Statistics and Its Application	9.8
Health Psychology Review	9.8
IEEE Robotics & Automation Magazine	9.8
Sustainable Materials and Technologies	9.7
Journal of Travel Research	9.7
Journal of Urology	9.7
Laser & Photonics Reviews	9.7
npj Science of Food	9.7
Brain Stimulation	9.7
Asia Pacific Journal of Management	9.7
Learning and Individual Differences	9.7
IEEE Transactions on Neural Networks and Learning Systems	9.7
Journal of the American Society of Nephrology	9.7
Journal of Translational Medicine	9.7
Review of Economic Studies	9.7
Journal of Rare Earths	9.6
Journal of the American Academy of Child and Adolescent Psychiatry	9.6
Science China-Life Sciences	9.6
Progress in Nuclear Magnetic Resonance Spectroscopy	9.6
ACM Transactions on Computer-Human Interaction	9.6
Clinical Nuclear Medicine	9.6
npj Climate and Atmospheric Science	9.6
Swarm and Evolutionary Computation	9.6
Journal of Nuclear Medicine	9.6
NBER Macroeconomics Annual	9.6
Journal of Colloid and Interface Science	9.6
Aging and Disease	9.6
Chinese Chemical Letters	9.5
Horticulture Research	9.5
Journal of Knowledge Management	9.5
Proceedings of the National Academy of Sciences of the United States of America	9.5
Perspectives on Psychological Science	9.5
Bioscience	9.5
American Economic Review	9.5
Lancet Regional Health-Western Pacific	9.4
Anesthesiology	9.4
IEEE Transactions on Geoscience and Remote Sensing	9.4
Nano Research	9.4
Journal of Physiotherapy	9.4
American Journal of Hematology	9.4
Materials Today Sustainability	9.4
Expert Systems With Applications	9.4
Physical Review Letters	9.4
American Journal of Kidney Diseases	9.4
Business Horizons	9.4
Current Pollution Reports	9.3
Sustainable Development	9.3
Communications Earth & Environment	9.3
Materials Today Physics	9.3
Transportation Research Part E-Logistics and Transportation Review	9.3
Diabetes	9.3
Energy Policy	9.3
Circulation-Arrhythmia and Electrophysiology	9.3
Global Environmental Change-Human and Policy Dimensions	9.3
International Journal of Hydrogen Energy	9.2
Journal of Materials Chemistry A	9.2
Osteoarthritis and Cartilage	9.2
npj 2D Materials and Applications	9.2
Journal of Environmental Management	9.2
Eurointervention	9.2
Developmental Cell	9.2
Computer-Aided Civil and Infrastructure Engineering	9.2
Food Chemistry-X	9.2
Sustainable Production and Consumption	9.2
Journal of the European Academy of Dermatology and Venereology	9.2
Basic Research in Cardiology	9.2
Journal of Enterprise Information Management	9.1
Annual Review of Genetics	9.1
Circulation-Cardiovascular Imaging	9.1
Oncogene	9.1
Separation and Purification Technology	9.1
Pattern Recognition	9.1
Renewable Energy	9.1
Nano Letters	9.1
IEEE Transactions on Intelligent Transportation Systems	9.1
Thorax	9.1
Chinese Medical Journal	9.1
Journal of Strategic Information Systems	9.1
Tourism Review	9.1
Journal of Organizational Behavior	9
International Journal of Surgery	9
Psychotherapy and Psychosomatics	9
Cell Chemical Biology	9
Apoptosis	9
Engineering Applications of Artificial Intelligence	9
Economic Analysis and Policy	9
Ecological Monographs	9
npj Quantum Information	9
NPG Asia Materials	9
Computers Environment and Urban Systems	8.9
Cladistics	8.9
Journal of Retailing	8.9
Alzheimers Research & Therapy	8.9
Research Policy	8.9
Construction and Building Materials	8.9
Neurology	8.9
QJM-An International Journal of Medicine	8.9
Chemical Record	8.9
Gondwana Research	8.9
Leukemia	8.8
Journal of Medical Systems	8.8
Optica	8.8
Sustainability Accounting Management and Policy Journal	8.8
Journal of Financial Economics	8.8
International Journal of Minerals Metallurgy and Materials	8.8
IEEE Network	8.8
Electronic Markets	8.8
Journal of the Academy of Marketing Science	8.8
Arteriosclerosis Thrombosis and Vascular Biology	8.8
Journal of Membrane Science	8.8
Food Research International	8.8
IEEE Transactions on Mobile Computing	8.8
Journal of Headache and Pain	8.7
Organizational Research Methods	8.7
IEEE Transactions on Information Forensics and Security	8.7
Drug Discovery Today	8.7
Small Methods	8.7
Clinical Microbiology and Infection	8.7
New Phytologist	8.7
IEEE Internet of Things Journal	8.7
Wiley Interdisciplinary Reviews-Water	8.7
International Journal of Nursing Studies	8.7
International Journal of Production Research	8.7
Computer Assisted Language Learning	8.7
Tunnelling and Underground Space Technology	8.7
International Journal of Biological Macromolecules	8.7
IEEE Transactions on Power Systems	8.7
Water Resources and Industry	8.7
Critical Reviews in Biotechnology	8.7
Ecological Indicators	8.7
BMC Medicine	8.7
JHEP Reports	8.7
Critical Reviews in Biochemistry and Molecular Biology	8.7
Transportation Research Part D-Transport and Environment	8.7
International Journal of Research in Marketing	8.7
Reviews in Endocrine & Metabolic Disorders	8.7
Deutsches Arzteblatt International	8.7
Journal of Information Technology	8.7
Regenerative Biomaterials	8.7
Archivos de Bronconeumologia	8.7
Annual Review of Political Science	8.6
Journal of Service Research	8.6
Current Opinion in Chemical Engineering	8.6
Information Technology & Tourism	8.6
Composites Communications	8.6
Canadian Medical Association Journal	8.6
Current Opinion in Environmental Sustainability	8.6
Journal of CO2 Utilization	8.6
ACS Materials Letters	8.6
International Journal of Operations & Production Management	8.6
Wiley Interdisciplinary Reviews-Nanomedicine and Nanobiotechnology	8.6
Trends in Cardiovascular Medicine	8.6
Review of Educational Research	8.6
Human Reproduction Open	8.6
European Urology Oncology	8.5
Neuroscience and Biobehavioral Reviews	8.5
Cold Spring Harbor Perspectives in Biology	8.5
Earths Future	8.5
Ecological Informatics	8.5
European Journal of Vascular and Endovascular Surgery	8.5
British Journal of Psychiatry	8.5
Microbiological Research	8.5
International Journal of Molecular Medicine	8.5
Habitat International	8.5
Neural Regeneration Research	8.5
Journal of Educational Computing Research	8.5
American Journal of Gastroenterology	8.5
International Journal of Rock Mechanics and Mining Sciences	8.5
IEEE Transactions on Transportation Electrification	8.5
Biodrugs	8.5
IEEE Vehicular Technology Magazine	8.5
Human Resource Management	8.5
npj Parkinsons Disease	8.5
Journal of Service Management	8.5
IEEE Journal of Selected Topics in Signal Processing	8.5
Transportation Research Part C-Emerging Technologies	8.4
Soil & Tillage Research	8.4
IEEE Transactions on Communications	8.4
Annual Review of Sociology	8.4
JACC-Basic to Translational Science	8.4
Journal of Sustainable Tourism	8.4
IEEE Transactions on Systems Man Cybernetics-Systems	8.4
EMBO Journal	8.4
Building and Environment	8.4
npj Breast Cancer	8.4
Journal of Power Sources	8.4
Sensors and Actuators B-Chemical	8.3
IEEE Communications Magazine	8.3
Immunity & Ageing	8.3
Circulation-Heart Failure	8.3
Thin-Walled Structures	8.3
Adolescent Research Review	8.3
Diabetes-Metabolism Research and Reviews	8.3
Molecular Medicine	8.3
Annual Review of Genomics and Human Genetics	8.3
International Journal of Hospitality Management	8.3
Annual Review of Analytical Chemistry	8.3
Tourism Management Perspectives	8.3
Reviews of Environmental Contamination and Toxicology	8.3
Journal of the American Society of Echocardiography	8.3
Clinical Infectious Diseases	8.3
Clinical Chemistry	8.3
Nephrology Dialysis Transplantation	8.3
Journal of Clinical Periodontology	8.3
International Soil and Water Conservation Research	8.3
Computational Visual Media	8.3
Current Opinion in Food Science	8.2
Diabetes & Metabolism Journal	8.2
Psychology & Marketing	8.2
Plant Phenomics	8.2
Archives of Pharmacal Research	8.2
Plant Physiology	8.2
Haematologica	8.2
European Heart Journal-Cardiovascular Pharmacotherapy	8.2
Journal of Hospitality and Tourism Technology	8.2
Antioxidants	8.2
ChemBioEng Reviews	8.2
Catalysis Reviews-Science and Engineering	8.2
Neuropsychology Review	8.2
Composites Part A-Applied Science and Manufacturing	8.2
SIAM Review	8.2
Materials & Design	8.2
Cellular and Molecular Gastroenterology and Hepatology	8.2
International Journal of Logistics Management	8.2
International Journal of Applied Earth Observation and Geoinformation	8.2
Environmental Research	8.2
British Journal of Dermatology	8.2
Bioresource Technology	8.2
Urban Forestry & Urban Greening	8.2
Behavioral and Brain Sciences	8.2
Biofabrication	8.2
Agronomy for Sustainable Development	8.2
Information Systems Journal	8.2
Fertility and Sterility	8.1
Friction	8.1
Annals of Tourism Research	8.1
Animal Health Research Reviews	8.1
Service Industries Journal	8.1
IEEE Transactions on Big Data	8.1
Hepatobiliary Surgery and Nutrition	8.1
European Journal of Internal Medicine	8.1
Journal of Building Engineering	8.1
Journal of Consumer Research	8.1
Chemical Science	8.1
American Journal of Transplantation	8.1
Materials Today Energy	8.1
Journal of Business Venturing	8.1
Frontiers in Energy	8.1
Science China-Information Sciences	8.1
European Neuropsychopharmacology	8.1
Phytotherapy Research	8.1
Organization & Environment	8.1
Information Processing & Management	8.1
Materials Chemistry Frontiers	8.1
Polymer Degradation and Stability	8.1
European Journal of Information Systems	8.1
Japanese Dental Science Review	8.1
British Accounting Review	8
Free Radical Biology and Medicine	8
Materials Today Advances	8
Current Nutrition Reports	8
Human Resource Management Journal	8
IEEE Transactions on Cognitive Communications and Networking	8
Current Opinion in Microbiology	8
Energy and Buildings	8
Research Synthesis Methods	8
Gastrointestinal Endoscopy	8
Journal of Destination Marketing & Management	8
International Journal of Management Education	8
Knowledge-Based Systems	8
Neurology-Neuroimmunology & Neuroinflammation	8
Language Teaching	8
Drug Delivery	8
System	8
Clinical Child and Family Psychology Review	7.9
Journal of Genetics and Genomics	7.9
Journal of Materials Processing Technology	7.9
Administrative Science Quarterly	7.9
European Psychiatry	7.9
International Journal of Pharmaceutics-X	7.9
American Journal of Obstetrics and Gynecology	7.9
mAbs	7.9
Cancer Immunology Research	7.9
European Journal of Cancer	7.9
EMBO Molecular Medicine	7.9
IEEE Transactions on Automation Science and Engineering	7.9
Geoderma	7.9
Materials Science and Engineering A-Structural Materials Properties Microstructure and Processing	7.9
Solar Energy	7.9
Clinical and Translational Medicine	7.9
Current Environmental Health Reports	7.9
Clinical Nutrition	7.9
Investigative Radiology	7.9
International Journal of Physical Distribution & Logistics Management	7.9
Field Crops Research	7.9
Process Safety and Environmental Protection	7.9
Journal of Cheminformatics	7.9
Biodata Mining	7.9
Progress in Organic Coatings	7.9
American Journal of Chinese Medicine	7.8
ACS Applied Materials & Interfaces	7.8
Reviews in Fisheries Science & Aquaculture	7.8
Journal of Accounting & Economics	7.8
Applied Soft Computing	7.8
Journal of Management Studies	7.8
Information Systems Research	7.8
Big Data & Society	7.8
European Journal of Anaesthesiology	7.8
Fuel Processing Technology	7.8
Current Opinion in Biotechnology	7.8
Biosystems Engineering	7.8
Green Chemistry Letters and Reviews	7.8
Journal of Manufacturing Processes	7.8
Ecosystem Services	7.8
Fuel	7.8
Clinical Psychology-Science and Practice	7.8
Journal of Manufacturing Technology Management	7.8
Animal Frontiers	7.8
Composite Structures	7.8
American Journal of Public Health	7.8
European Heart Journal-Acute Cardiovascular Care	7.8
Therapeutic Advances in Endocrinology and Metabolism	7.8
Current Opinion in Structural Biology	7.8
British Journal of Cancer	7.8
Artificial Intelligence in Medicine	7.8
Agricultural Water Management	7.8
Stem Cell Research & Therapy	7.8
Hepatology International	7.8
World Journal of Gastroenterology	7.7
Astrophysical Journal Supplement Series	7.7
American Journal of Human Genetics	7.7
Critical Reviews in Analytical Chemistry	7.7
IEEE Journal of Biomedical and Health Informatics	7.7
Agriculture Ecosystems & Environment	7.7
Journal of Advertising	7.7
Political Analysis	7.7
Review of Economics and Statistics	7.7
Recall	7.7
Journal of Second Language Writing	7.7
Blood Advances	7.7
Current Biology	7.7
Applied Spectroscopy Reviews	7.7
International Journal of Robotics Research	7.7
Inflammation and Regeneration	7.7
Science China-Materials	7.7
Family Business Review	7.7
Journal of Intelligent Manufacturing	7.7
IEEE Computational Intelligence Magazine	7.7
JNCI-Journal of the National Cancer Institute	7.7
Journal of Network and Computer Applications	7.7
World Journal of Emergency Surgery	7.7
Journal of Neurology Neurosurgery and Psychiatry	7.7
Aging Cell	7.7
Movement Disorders	7.7
Ecology Letters	7.7
Trends in Parasitology	7.6
Neuropsychopharmacology	7.6
ACS Sustainable Chemistry & Engineering	7.6
International Journal of Project Management	7.6
Assessing Writing	7.6
International Review of Economics & Finance	7.6
Research in International Business and Finance	7.6
Obesity Reviews	7.6
Review of Financial Studies	7.6
Materials Today Nano	7.6
Computer Methods in Applied Mechanics and Engineering	7.6
Current Opinion in Colloid & Interface Science	7.6
Precision Agriculture	7.6
Journal of Internal Medicine	7.6
European Management Journal	7.6
Strategic Management Journal	7.6
Cell Proliferation	7.6
European Journal of Nuclear Medicine and Molecular Imaging	7.6
Engineering Structures	7.6
Tribology International	7.6
IEEE Transactions on Vehicular Technology	7.5
Journal of Nursing Regulation	7.5
Translational Psychiatry	7.5
Annual Review of Resource Economics	7.5
Communication Theory	7.5
Annals of Neurology	7.5
Journal of Intensive Care	7.5
British Journal of Pharmacology	7.5
British Medical Bulletin	7.5
npj Materials Degradation	7.5
Cell Systems	7.5
Journal of the Association for Information Systems	7.5
Current Psychiatry Reports	7.5
Global Food Security-Agriculture Policy Economics and Environment	7.5
Urban Climate	7.5
Journal of Pineal Research	7.5
Critical Reviews in Plant Sciences	7.5
Brain Behavior and Immunity	7.5
Financial Management	7.5
Applied Thermal Engineering	7.5
Materials Research Letters	7.5
Nutrition Research Reviews	7.5
Decision Support Systems	7.5
Journal of Ginseng Research	7.5
Psychological Methods	7.5
Critical Care Medicine	7.5
European Journal of Innovation Management	7.5
Current Osteoporosis Reports	7.4
Physics of the Dark Universe	7.4
Progress in Natural Science-Materials International	7.4
International Business Review	7.4
Genes & Development	7.4
Age and Ageing	7.4
Annals of Surgery	7.4
IEEE Transactions on Learning Technologies	7.4
JMIR Mental Health	7.4
Current Opinion in Psychology	7.4
Journal of Computer-Mediated Communication	7.4
Diabetes Technology & Therapeutics	7.4
Kardiologia Polska	7.4
Journal of Public Administration Research and Theory	7.4
International Review of Sport and Exercise Psychology	7.4
Cellular and Molecular Neurobiology	7.4
Academy of Management Learning & Education	7.4
Global Challenges	7.4
Sustainable Energy Technologies and Assessments	7.4
Rice Science	7.4
Accident Analysis and Prevention	7.4
Anaesthesia	7.4
International Journal of Accounting Information Systems	7.4
Annual Review of Virology	7.4
Cognitive Computation	7.4
Chinese Medicine	7.4
Journal of Purchasing and Supply Management	7.4
Human Resource Management Review	7.4
International Journal of Radiation Oncology Biology Physics	7.4
American Journal of Roentgenology	7.4
Materials Today Chemistry	7.4
Landslides	7.4
Applied Geography	7.4
Neurotherapeutics	7.4
Current Neurology and Neuroscience Reports	7.4
IEEE Transactions on Industrial Electronics	7.4
Separation and Purification Reviews	7.3
Journal of Materials Research and Technology-JMR&T	7.3
Food Science and Human Wellness	7.3
Analytical Chemistry	7.3
International Journal of Oncology	7.3
Environmental Science & Technology Letters	7.3
Environmental Technology & Innovation	7.3
Journal of Medicinal Chemistry	7.3
Journal of Hydrology	7.3
Environmental Health	7.3
Limnology and Oceanography Letters	7.3
MIS Quarterly	7.3
Metabolic Engineering	7.3
Industrial Marketing Management	7.3
Briefings in Bioinformatics	7.3
Postharvest Biology and Technology	7.3
World Journal of Pediatrics	7.3
Journal of Environmental Informatics	7.3
Current Opinion in Plant Biology	7.3
Waste Management	7.3
International Journal of Coal Geology	7.3
IEEE Transactions on Network Science and Engineering	7.3
Expert Opinion on Drug Discovery	7.3
Computers & Industrial Engineering	7.3
Journal of Environmental Psychology	7.3
International Journal of Advertising	7.3
Clinical Science	7.3
Frontiers of Computer Science	7.3
Weather and Climate Extremes	7.2
Journal of Allergy and Clinical Immunology-In Practice	7.2
Science China-Physics Mechanics & Astronomy	7.2
Neural Networks	7.2
Education and Information Technologies	7.2
Advanced Optical Materials	7.2
RELC Journal	7.2
Internet Research	7.2
International Journal of Qualitative Methods	7.2
Blood Reviews	7.2
Current Molecular Pharmacology	7.2
Current Diabetes Reports	7.2
Respirology	7.2
Energy Research & Social Science	7.2
Wear	7.2
Journal of Management Information Systems	7.2
Genomics Proteomics & Bioinformatics	7.2
Circulation-Cardiovascular Interventions	7.2
Current Opinion in Chemical Biology	7.2
Review of Finance	7.2
Scientific Data	7.2
Fluids and Barriers of the Cns	7.2
Environmental Pollution	7.2
Transportation Research Part A-Policy and Practice	7.2
npj Vaccines	7.2
Annual Review of Criminology	7.1
Chemistry of Materials	7.1
Proceedings of the Nutrition Society	7.1
LWT-Food Science and Technology	7.1
International Journal of Behavioral Nutrition and Physical Activity	7.1
Atherosclerosis	7.1
IEEE Transactions on Power Electronics	7.1
Rock Mechanics and Rock Engineering	7.1
Computers and Geotechnics	7.1
Frontiers of Environmental Science & Engineering	7.1
Journal of Hospitality & Tourism Research	7.1
Finance Research Letters	7.1
Food Structure-Netherlands	7.1
American Journal of Clinical Nutrition	7.1
Communications of the ACM	7.1
Russian Chemical Reviews	7.1
Photonics Research	7.1
Journal of Industrial and Engineering Chemistry	7.1
Annals of Allergy Asthma & Immunology	7.1
Journal of Product and Brand Management	7.1
Journal of the American Medical Informatics Association	7.1
IEEE Transactions on Aerospace and Electronic Systems	7
IEEE Transactions on Automatic Control	7
Heart Rhythm	7
Journal of Consumer Behaviour	7
Sleep	7
Journal of Vocational Behavior	7
Water Research X	7
JAMA Otolaryngology-Head & Neck Surgery	7
Critical Reviews in Microbiology	7
Food Control	7
Applied Materials Today	7
Progress in Human Geography	7
Best Practice & Research in Clinical Rheumatology	7
International Journal of Fatigue	7
Frontiers in Immunology	7
Biomass & Bioenergy	7
EPMA Journal	7
npj Regenerative Medicine	7
Engineering Failure Analysis	7
Emerging Microbes & Infections	7
IEEE Transactions on Instrumentation and Measurement	7
Clinical Journal of the American Society of Nephrology	7
Pedosphere	7
Science Signaling	7
Asia-Pacific Journal of Ophthalmology	7
Cities	7
CNS Drugs	7
Frontiers in Neuroendocrinology	7
Carbon Balance and Management	7
Cancer Cell International	7
Journal of Investigative Dermatology	7
Environmental Evidence	7
European Journal of Operational Research	7
Information & Management	7
Chinese Journal of Aeronautics	6.9
ACM Transactions on Knowledge Discovery From Data	6.9
American Sociological Review	6.9
Journal of Orthopaedic & Sports Physical Therapy	6.9
Innovative Food Science & Emerging Technologies	6.9
Circulation-Cardiovascular Quality and Outcomes	6.9
Drug Delivery and Translational Research	6.9
Entrepreneurship Theory and Practice	6.9
Academy of Management Perspectives	6.9
Surface & Coatings Technology	6.9
Journal of Consumer Psychology	6.9
Best Practice & Research Clinical Endocrinology & Metabolism	6.9
ACM Transactions on Software Engineering and Methodology	6.9
Communications Chemistry	6.9
Plant Cell and Environment	6.9
Journal of the Taiwan Institute of Chemical Engineers	6.9
Case Studies in Construction Materials	6.9
Photoacoustics	6.9
Bulletin of the American Meteorological Society	6.9
Bulletin of the World Health Organization	6.9
Prostate Cancer and Prostatic Diseases	6.9
Building Simulation	6.9
Pharmaceutics	6.9
American Economic Journal-Macroeconomics	6.9
Assessment & Evaluation in Higher Education	6.9
Lipids in Health and Disease	6.9
OMEGA-International Journal of Management Science	6.9
International Journal of Stroke	6.9
Global Biogeochemical Cycles	6.9
IEEE Control Systems Magazine	6.9
Journal of Corporate Finance	6.9
Arthroscopy-The Journal of Arthroscopic and Related Surgery	6.9
IEEE Transactions on Green Communications and Networking	6.9
Frontiers in Synaptic Neuroscience	6.9
Journal of Clinical Lipidology	6.9
Annals of Intensive Care	6.9
Molecular Cancer Therapeutics	6.9
European Polymer Journal	6.8
Biology and Fertility of Soils	6.8
Journal of Autoimmunity	6.8
Nanophotonics	6.8
Computers & Security	6.8
IEEE Transactions on Visualization and Computer Graphics	6.8
Journal of Personality and Social Psychology	6.8
Lab Animal	6.8
Seminars in Oncology	6.8
Food Policy	6.8
BMJ Quality & Safety	6.8
Human Reproduction	6.8
Alimentary Pharmacology & Therapeutics	6.8
Publications of the Astronomical Society of the Pacific	6.8
Virulence	6.8
Journal of Transport Geography	6.8
International Journal of Computer-Supported Collaborative Learning	6.8
IEEE Transactions on Dependable and Secure Computing	6.8
GIScience & Remote Sensing	6.8
Information and Organization	6.8
Neuroscience Bulletin	6.8
Food Reviews International	6.8
Journal of Intellectual Capital	6.8
Survey of Ophthalmology	6.8
Medical Journal of Australia	6.8
Electronic Commerce Research and Applications	6.8
Maritime Economics & Logistics	6.8
Journal of Ethnopharmacology	6.8
JCI Insight	6.8
Clinical and Experimental Hypertension	6.8
Antioxidants & Redox Signaling	6.8
International Journal of Sustainable Development and World Ecology	6.8
Colloid and Interface Science Communications	6.7
Chinese Journal of Cancer Research	6.7
Propulsion and Power Research	6.7
Advanced Intelligent Systems	6.7
Journal of Analytical and Applied Pyrolysis	6.7
Fuzzy Optimization and Decision Making	6.7
Sustainable Chemistry and Pharmacy	6.7
Interactive Learning Environments	6.7
Journal of Agricultural and Food Chemistry	6.7
Journal of Applied Psychology	6.7
NanoImpact	6.7
Journal of Alloys and Compounds	6.7
Journal of Service Theory and Practice	6.7
Trauma Violence & Abuse	6.7
Microbial Biotechnology	6.7
Strategic Entrepreneurship Journal	6.7
JPAD-Journal of Prevention of Alzheimers Disease	6.7
Ecological Economics	6.7
International Journal of Impact Engineering	6.7
Neurocomputing	6.7
Journal of Oral Microbiology	6.7
Talanta	6.7
Biochip Journal	6.7
European Journal of Agronomy	6.7
European Journal of Medicinal Chemistry	6.7
Molecular Systems Biology	6.7
Seminars in Cell & Developmental Biology	6.7
Journal of Occupational Health Psychology	6.7
Journal of Heart and Lung Transplantation	6.7
European Journal of Endocrinology	6.7
Fire Ecology	6.7
Health Affairs	6.7
International Journal of Heat and Mass Transfer	6.6
International Journal of Precision Engineering and Manufacturing-Green Technology	6.6
Science and Technology of Advanced Materials	6.6
Journal of Investigational Allergology and Clinical Immunology	6.6
Journal of Economic Surveys	6.6
Land Use Policy	6.6
Agricultural and Forest Meteorology	6.6
Applied Surface Science	6.6
Thyroid	6.6
Journal of Dental Research	6.6
npj Quantum Materials	6.6
Solar Energy Materials and Solar Cells	6.6
Tourism Geographies	6.6
Journal of Water Process Engineering	6.6
Ocular Surface	6.6
ISA Transactions	6.6
Journal of World Business	6.6
Case Studies in Thermal Engineering	6.6
Seminars in Nuclear Medicine	6.6
American Psychologist	6.6
Modern Pathology	6.6
Ecotoxicology and Environmental Safety	6.6
Energy Reports	6.6
Management Decision	6.6
CATENA	6.6
Journal of Child Psychology and Psychiatry	6.6
Journal of Computer Information Systems	6.6
European Journal of Epidemiology	6.6
Statistical Science	6.6
Frontiers of Physics	6.6
Current Atherosclerosis Reports	6.6
CNS Neuroscience & Therapeutics	6.6
IEEE Transactions on Neural Systems and Rehabilitation Engineering	6.6
Frontiers in Ecology and the Environment	6.5
Mechanisms of Ageing and Development	6.5
Transportation Research Part B-Methodological	6.5
Bulletin of Mathematical Sciences	6.5
Global Ecology and Biogeography	6.5
Molecular Therapy-Nucleic Acids	6.5
International Journal of Smart and Nano Materials	6.5
Pakistan Veterinary Journal	6.5
Visual Neuroscience	6.5
Production Planning & Control	6.5
Mutation Research-Reviews in Mutation Research	6.5
British Journal of Management	6.5
Acta Geotechnica	6.5
Progress in Surface Science	6.5
Acta Neuropathologica Communications	6.5
Biochemical Pharmacology	6.5
Current Opinion in Electrochemistry	6.5
Annual Review of Vision Science	6.5
Cellular and Molecular Life Sciences	6.5
Journal of Environmental Sciences	6.5
International Security	6.5
Annals of Emergency Medicine	6.5
Mayo Clinic Proceedings	6.5
Telecommunications Policy	6.5
Journal of Experimental Botany	6.5
Cell and Bioscience	6.5
Journal of Bone and Mineral Research	6.5
Financial Innovation	6.4
Alexandria Engineering Journal	6.4
ACM Transactions on Interactive Intelligent Systems	6.4
Gels	6.4
Aerospace Science and Technology	6.4
Meat Science	6.4
Journal of Political Economy	6.4
Journal of Cosmology and Astroparticle Physics	6.4
Cancer Gene Therapy	6.4
Polymer Testing	6.4
Integrated Computer-Aided Engineering	6.4
International Endodontic Journal	6.4
Palliative Medicine	6.4
Industrial Crops and Products	6.4
Cambridge Journal of Regions Economy and Society	6.4
Conflict and Health	6.4
Journal of Chemical Information and Modeling	6.4
Journal of Interactive Marketing	6.4
Petroleum Science	6.4
Molecular Biology and Evolution	6.4
Life Sciences	6.4
Computer Methods and Programs in Biomedicine	6.4
Organization Studies	6.4
Journal of Environmental Economics and Management	6.4
Journal of Educational Psychology	6.4
United European Gastroenterology Journal	6.4
Biology of Sport	6.4
Nanoscale Horizons	6.4
Journal of King Saud University-Computer and Information Sciences	6.4
Molecular Metabolism	6.3
Bioresources and Bioprocessing	6.3
Water Resources Research	6.3
Fish and Fisheries	6.3
IEEE Journal of Selected Topics in Applied Earth Observations and Remote Sensing	6.3
Progress in Orthodontics	6.3
Environmental Reviews	6.3
Batteries-Basel	6.3
Journal of Marketing Research	6.3
IEEE-ASME Transactions on Mechatronics	6.3
Current Hypertension Reports	6.3
Journal of Ecology	6.3
Food & Function	6.3
Nanoscale Advances	6.3
Information Technology & People	6.3
Advances in Engineering Software	6.3
Journal of Behavioral Addictions	6.3
Hydrometallurgy	6.3
Genome Research	6.3
Lab on a Chip	6.3
Inflammopharmacology	6.3
JMIR mHealth and uHealth	6.3
Journal of the European Ceramic Society	6.3
Nutrition Reviews	6.3
Ocean Engineering	6.3
Biomedical Journal	6.3
Phytochemistry Reviews	6.3
Journal of Business Ethics	6.3
Organizational Dynamics	6.3
Dental Materials	6.3
Australasian Journal of Educational Technology	6.3
European Urology Focus	6.3
Current Allergy and Asthma Reports	6.3
Journal of Biological Engineering	6.3
Transportation Geotechnics	6.2
Genetics in Medicine	6.2
Transport Policy	6.2
Food Bioscience	6.2
Safety Science	6.2
Annals of Hepatology	6.2
Engineering Applications of Computational Fluid Mechanics	6.2
Surveys in Geophysics	6.2
Journal of the Mechanics and Physics of Solids	6.2
Materials Characterization	6.2
Inorganic Chemistry Frontiers	6.2
Bioengineering & Translational Medicine	6.2
Plant Journal	6.2
Policy and Society	6.2
Journal of Planning Literature	6.2
Radiographics	6.2
Ain Shams Engineering Journal	6.2
Sports Medicine-Open	6.2
Sustainable Computing-Informatics & Systems	6.2
Plant Physiology and Biochemistry	6.2
Value in Health	6.2
IEEE Transactions on Engineering Management	6.2
Journal of Modern Power Systems and Clean Energy	6.2
Innovations in Education and Teaching International	6.2
International Communications in Heat and Mass Transfer	6.2
Critical Reviews in Clinical Laboratory Sciences	6.2
Critical Reviews in Oncology Hematology	6.2
Inflammation Research	6.2
Oncoimmunology	6.2
IEEE Transactions on Services Computing	6.2
Carbon Letters	6.2
Current Opinion in Cell Biology	6.2
Information Systems Frontiers	6.2
Liver International	6.2
Medical Education	6.2
Agricultural Systems	6.2
Econometrica	6.2
Engineering Fracture Mechanics	6.2
Journal of Materials Chemistry B	6.2
European Research on Management and Business Economics	6.2
Milbank Quarterly	6.2
Kidney International Reports	6.2
Systemic Biology	6.2
Automatica	6.2
Innovation in Aging	6.2
Biosensors-Basel	6.2
Journal of Brand Management	6.2
Allergology International	6.2
Environmental Innovation and Societal Transitions	6.1
Analytica Chimica Acta	6.1
American Economic Journal-Applied Economics	6.1
Current Neuropharmacology	6.1
Drug Design Development and Therapy	6.1
Measurement	6.1
Industrial Management & Data Systems	6.1
European Heart Journal-Cardiovascular Imaging	6.1
Journal of Cell Biology	6.1
Astronomy & Astrophysics	6.1
International Journal of Neural Systems	6.1
High Power Laser Science and Engineering	6.1
Journal of High Energy Astrophysics	6.1
Circulation-Genomic and Precision Medicine	6.1
Wiley Interdisciplinary Reviews-Computational Statistics	6.1
Journal of Neuroimmune Pharmacology	6.1
Structural Change and Economic Dynamics	6.1
Korean Journal of Radiology	6.1
International Journal of Life Cycle Assessment	6.1
International Journal of Human-Computer Interaction	6.1
Globalization and Health	6.1
Pediatrics	6.1
RSC Advances	6.1
Biomaterials Science	6.1
Gastric Cancer	6.1
Diabetes Obesity & Metabolism	6.1
California Management Review	6.1
IEEE Transactions on Energy Conversion	6.1
Translational Research	6.1
Neurobiology of Disease	6
Robotics and Autonomous Systems	6
EMBO Reports	6
American Journal of Medicine	6
Oncogenesis	6
International Psychogeriatrics	6
Journal of International Financial Markets Institutions & Money	6
Theoretical and Applied Fracture Mechanics	6
Journal of Inorganic and Organometallic Polymers and Materials	6
Journal of Clinical Anesthesia	6
Marketing Intelligence & Planning	6
Advanced Materials Technologies	6
International Journal of Human-Computer Studies	6
Journal of Consulting and Clinical Psychology	6
Information Sciences	6
Journal of the American Heart Association	6
Wiley Interdisciplinary Reviews-Energy and Environment	6
Energy & Fuels	6
European Radiology	6
ACS Biomaterials Science & Engineering	6
Surfaces and Interfaces	6
NDT & E International	6
Ceramics International	6
Developmental Review	6
International Journal of Bank Marketing	6
Geroscience	6
IEEE Transactions on Software Engineering	6
Mass Spectrometry Reviews	6
Journal of Clinical and Translational Hepatology	6
Minerals Engineering	6
Body Image	6
Journal of Management in Engineering	6
Expert Opinion on Drug Delivery	6
ACS Photonics	6
Foods	6
Pharmaceutical Biology	6
Natural Resources Research	6
Journal of Neuroengineering and Rehabilitation	6
Journal of Catalysis	6
Autonomous Robots	6
Hepatology Communications	6
IEEE Transactions on Emerging Topics in Computational Intelligence	6
International Journal of Pharmaceutics	6
Cells	6
Resuscitation	6
Gene Therapy	5.9
Advanced Electronic Materials	5.9
IEEE Transactions on Broadcasting	5.9
Small Business Economics	5.9
International Journal of Agricultural Sustainability	5.9
Frontiers in Plant Science	5.9
International Journal of Geographical Information Science	5.9
Scripta Materialia	5.9
Future Generation Computer Systems-The International Journal of Escience	5.9
European Journal of Marketing	5.9
Political Communication	5.9
Journal of Physics and Chemistry of Solids	5.9
Mechanism and Machine Theory	5.9
ChemSusChem	5.9
Journal of Clinical Microbiology	5.9
Regional Studies	5.9
Cancer & Metabolism	5.9
Matrix Biology	5.9
Immune Network	5.9
Molecular Ecology Resources	5.9
Journal of Biomedical Informatics	5.9
Biomacromolecules	5.9
Psychiatry and Clinical Neurosciences	5.9
IEEE Transactions on Antennas and Propagation	5.9
International Journal of Tourism Research	5.9
American Political Science Review	5.9
Clinical Oral Implants Research	5.9
Stem Cells Translational Medicine	5.9
China Economic Review	5.9
Food Quality and Preference	5.9
Journal of Exposure Science and Environmental Epidemiology	5.9
Current Opinion in Psychiatry	5.9
Inorganic Chemistry Communications	5.9
Best Practice & Research Clinical Obstetrics & Gynaecology	5.9
Intelligent Service Robotics	5.9
International Journal of Greenhouse Gas Control	5.9
IEEE Transactions on Parallel and Distributed Systems	5.9
Public Administration Review	5.9
Combustion and Flame	5.9
Journal of the Royal Society of Medicine	5.9
Colloids and Surfaces B-Biointerfaces	5.9
Ocean & Coastal Management	5.9
Drug Safety	5.9
Addiction	5.9
Journal of Functional Biomaterials	5.9
Journal of Parkinsons Disease	5.9
Journal of Diabetes	5.9
Journal of Chemical Theory and Computation	5.8
Chemical and Biological Technologies in Agriculture	5.8
People and Nature	5.8
Rice	5.8
Radiotherapy and Oncology	5.8
Journal of Food Engineering	5.8
Diabetes & Metabolism	5.8
Annals of General Psychiatry	5.8
Microbial Cell Factories	5.8
Journal of Sound and Vibration	5.8
Journal of Computing in Civil Engineering	5.8
Esophagus	5.8
Astronomical Journal	5.8
Communications Biology	5.8
Current Treatment Options in Oncology	5.8
BMJ Global Health	5.8
Nutrients	5.8
Communication Methods and Measures	5.8
Pain	5.8
Journal of Dentistry	5.8
Travel Behaviour and Society	5.8
Engineering Science and Technology-An International Journal-Jestech	5.8
Molecular Cancer Research	5.8
ACS Applied Nano Materials	5.8
Human-Computer Interaction	5.8
Journal of Clinical Epidemiology	5.8
Materials Research Bulletin	5.8
Frontiers in Bioengineering and Biotechnology	5.8
Molecular Diagnosis & Therapy	5.8
European Transport Research Review	5.8
Journal of Inflammation-London	5.8
Cephalalgia	5.8
Cancer Immunology Immunotherapy	5.8
Electrochimica Acta	5.8
Journal of Ocean Engineering and Science	5.8
Frontiers in Microbiology	5.8
Social Media + Society	5.8
Circulation Journal	5.8
Polymers	5.8
European Journal of Pharmacology	5.7
Borsa Istanbul Review	5.7
Chinese Journal of Chemistry	5.7
Materials Science and Engineering B-Advanced Functional Solid-State Materials	5.7
Journal of Zhejiang University-Science B	5.7
Journal of Services Marketing	5.7
Nonlinear Dynamics	5.7
Cell Biology and Toxicology	5.7
Journal of Rural Studies	5.7
Ambio	5.7
Essays in Biochemistry	5.7
IEEE Journal of Emerging and Selected Topics in Power Electronics	5.7
Applied Water Science	5.7
Energy Sustainability and Society	5.7
Advances in Wound Care	5.7
International Journal of Food Microbiology	5.7
Sustainable Energy Grids & Networks	5.7
International Journal of Forecasting	5.7
Structural Safety	5.7
Macromolecules	5.7
Management Science	5.7
Acta Physiologica	5.7
Clinical Epigenetics	5.7
Reproductive Biology and Endocrinology	5.7
International Journal of Electronic Commerce	5.7
Biomedical Signal Processing and Control	5.7
Nutrition & Diabetes	5.7
Systematic Reviews	5.7
Molecular Autism	5.7
Pharmaceuticals	5.7
Frontiers in Endocrinology	5.7
Schizophrenia Bulletin	5.7
Cancer Biology & Therapy	5.7
Rhinology	5.7
Journal of Industrial Ecology	5.7
Global Heart	5.7
Geotechnique	5.7
Journal of Geographical Sciences	5.7
Vehicular Communications	5.7
Water Resources Management	5.7
Autism	5.7
Journal of Affective Disorders	5.7
Review of Accounting Studies	5.7
Mitochondrion	5.7
Geomechanics and Geophysics for Geo-Energy and Geo-Resources	5.7
Journal of Endocrinology	5.7
Organization Science	5.7
Nutrition Journal	5.7
Structural Health Monitoring-An International Journal	5.7
Psychological Review	5.7
Dm Disease-A-Month	5.7
Methods in Ecology and Evolution	5.7
Journal of Eating Disorders	5.7
Journal of Physics-Energy	5.7
FlatChem	5.7
Learning and Instruction	5.7
Marine Drugs	5.7
APL Photonics	5.7
Chaos Solitons & Fractals	5.7
Journal of Gastroenterology	5.7
MRS Bulletin	5.7
Astrophysical Journal	5.7
High Voltage	5.7
Journal of Computer Assisted Learning	5.7
Canadian Journal of Cardiology	5.7
Journal of Integrative Agriculture	5.7
International Journal of Epidemiology	5.7
IEEE Transactions on Network and Service Management	5.7
Biomolecules	5.6
Preventing Chronic Disease	5.6
Stem Cell Reports	5.6
SciPost Physics	5.6
Advances in Climate Change Research	5.6
BMC Plant Biology	5.6
Computers & Structures	5.6
Artificial Cells Nanomedicine and Biotechnology	5.6
ETR&D-Educational Technology Research and Development	5.6
Plasmonics	5.6
Current Opinion in Immunology	5.6
International Immunopharmacology	5.6
Long Range Planning	5.6
Insights Into Imaging	5.6
Environmental Science-Nano	5.6
IEEE Journal of Oceanic Engineering	5.6
Current Directions in Psychological Science	5.6
Current Opinion in Neurobiology	5.6
European Heart Journal-Quality of Care and Clinical Outcomes	5.6
CSEE Journal of Power and Energy Systems	5.6
Journal of Hydrology-Regional Studies	5.6
IEEE Transactions on Circuits and Systems I-Regular Papers	5.6
ACM Transactions on Multimedia Computing Communications and Applications	5.6
Cellular Oncology	5.6
IEEE Journal of Solid-State Circuits	5.6
International Journal of Logistics-Research and Applications	5.6
Critical Reviews in Toxicology	5.6
Infectious Diseases and Therapy	5.6
Journal of Vacation Marketing	5.6
Marine Structures	5.6
Journal of Polymers and the Environment	5.6
Advanced Sustainable Systems	5.6
Journal of Hypertension	5.6
Travel Medicine and Infectious Disease	5.6
New Biotechnology	5.6
Journal of Prosthetic Dentistry	5.6
Expert Review of Vaccines	5.6
Epilepsia	5.6
Thermal Science and Engineering Progress	5.6
Cancer	5.6
Applied Soil Ecology	5.6
Coastal Engineering	5.6
Protein Science	5.6
Food and Bioprocess Technology	5.6
IEEE Circuits and Systems Magazine	5.6
CIRP Journal of Manufacturing Science and Technology	5.6
Zoological Research	5.6
Journal of European Public Policy	5.6
Climate Risk Management	5.5
Transactions of Nonferrous Metals Society of China	5.5
Neurochemistry International	5.5
Journal of Construction Engineering and Management	5.5
BMC Medical Informatics and Decision Making	5.5
ACS Applied Energy Materials	5.5
Molecular Neurobiology	5.5
Glia	5.5
Computers & Electrical Engineering	5.5
Soft Robotics	5.5
Cluster Computing-The Journal of Networks Software Tools and Applications	5.5
Journal of Travel Medicine	5.5
Journal of International Financial Management & Accounting	5.5
Altex-Alternatives to Animal Experimentation	5.5
Reviews in Medical Virology	5.5
Inflammatory Bowel Diseases	5.5
Powder Technology	5.5
Knee Surgery Sports Traumatology Arthroscopy	5.5
Journal of Chinese Governance	5.5
Journal of Science Education and Technology	5.5
Mucosal Immunology	5.5
Antibiotics-Basel	5.5
Current Opinion in Virology	5.5
Conservation Letters	5.5
Current Opinion in Insect Science	5.5
International Journal of Food Properties	5.5
Frontiers in Cellular and Infection Microbiology	5.5
Current Opinion in Pharmacology	5.5
Computerized Medical Imaging and Graphics	5.5
Science China-Earth Sciences	5.5
Climate Policy	5.5
Bioinformatics	5.5
Journal of Cloud Computing-Advances Systems and Applications	5.5
Asia Pacific Journal of Marketing and Logistics	5.5
Nucleus	5.5
IEEE Intelligent Transportation Systems Magazine	5.5
Frontiers in Nutrition	5.5
Optical Switching and Networking	5.5
Public Policy and Administration	5.5
Catalysis Communications	5.5
Ethics and Information Technology	5.5
Journal of Cystic Fibrosis	5.5
Journal of Contaminant Hydrology	5.5
Data Mining and Knowledge Discovery	5.5
Innovation in Language Learning and Teaching	5.5
Biology Direct	5.5
IEEE Transactions on Signal Processing	5.5
Journal of Pharmacy and Pharmaceutical Sciences	5.5
Applied Mathematical Modelling	5.5
Journal of Agricultural Economics	5.5
Bone & Joint Research	5.5
Journal of Global Health	5.5
Educational Researcher	5.5
Work and Stress	5.5
Environmental Science & Policy	5.5
Economic Modelling	5.5
Annual Review of Cancer Biology	5.5
Functional Ecology	5.5
Communications Physics	5.5
Fortschritte der Physik-Progress of Physics	5.4
Immunology	5.4
Food Microbiology	5.4
Yale Law Journal	5.4
BMC Biology	5.4
BMC Microbiology	5.4
Psychological Science	5.4
Environmental Research Letters	5.4
European Journal of Cardiovascular Nursing	5.4
International Journal of Obesity	5.4
International Journal of Gynecological Cancer	5.4
Epidemiology and Psychiatric Sciences	5.4
Inflammation	5.4
International Journal of Engineering Science	5.4
American Journal of Sports Medicine	5.4
Colloids and Surfaces A-Physicochemical and Engineering Aspects	5.4
Osteoporosis International	5.4
Cranio-The Journal of Craniomandibular & Sleep Practice	5.4
International Reviews of Immunology	5.4
International Marketing Review	5.4
Climate Services	5.4
Journal of Cardiovascular Computed Tomography	5.4
International Journal of Digital Earth	5.4
mBio	5.4
European Journal of Emergency Medicine	5.4
IEEE Transactions on Reliability	5.4
Tsinghua Science and Technology	5.4
Geo-Spatial Information Science	5.4
Journal of Technology Transfer	5.4
Virtual Reality	5.4
Current Opinion in Rheumatology	5.4
Agricultural and Food Economics	5.4
American Journal of Respiratory Cell and Molecular Biology	5.4
Ad Hoc Networks	5.4
Microchimica Acta	5.4
Reactive & Functional Polymers	5.4
Anaesthesia Critical Care & Pain Medicine	5.4
Human Resources for Health	5.4
Journal of Pathology	5.4
Journal of Periodontal Research	5.4
GPS Solutions	5.4
Journal of Chinese Political Science	5.4
Journal of Neurology	5.4
Journal of Clinical Endocrinology & Metabolism	5.4
American Journal of Physiology-Cell Physiology	5.4
Corporate Governance-An International Review	5.4
Frontiers in Pharmacology	5.4
Pacific-Basin Finance Journal	5.4
Intermetallics	5.3
Control Engineering Practice	5.3
Brain Topography	5.3
Artificial Intelligence and Law	5.3
Annals of Thoracic Surgery	5.3
Frontiers in Chemistry	5.3
Frontiers in Cell and Developmental Biology	5.3
Biogerontology	5.3
Journal of Systems Architecture	5.3
Georisk-Assessment and Management of Risk for Engineered Systems and Geohazards	5.3
Thinking Skills and Creativity	5.3
Sustainability Science	5.3
Neuroimage	5.3
Journal of Enzyme Inhibition and Medicinal Chemistry	5.3
Radiologia Medica	5.3
Clinical Kidney Journal	5.3
Journal of Communication	5.3
International Journal of Retail & Distribution Management	5.3
VLDB Journal	5.3
International Journal of Electrical Power & Energy Systems	5.3
IEEE Robotics and Automation Letters	5.3
Plant Cell Reports	5.3
Journal of Engineering Education	5.3
Ultrasound in Obstetrics & Gynecology	5.3
Journal of Psychopharmacology	5.3
npj Genomic Medicine	5.3
International Journal of Disaster Risk Science	5.3
Annals of Family Medicine	5.3
Worldviews on Evidence-Based Nursing	5.3
Journal of the American College of Radiology	5.3
Quantum	5.3
Sociological Methods & Research	5.3
Ecography	5.3
Journal of Food Composition and Analysis	5.3
Journal of Public Policy & Marketing	5.3
IEEE Transactions on Cloud Computing	5.3
Heart Failure Reviews	5.3
One Health	5.3
IEEE Transactions on Control of Network Systems	5.3
Lung Cancer	5.3
Probiotics and Antimicrobial Proteins	5.3
Journal of Applied Ecology	5.3
Biology of Sex Differences	5.3
European Journal of Education	5.3
IEEE Transactions on Sustainable Computing	5.3
IEEE-ACM Transactions on Networking	5.3
International Journal of Numerical Methods for Heat & Fluid Flow	5.3
Chinese Journal of Physics	5.3
Philosophical Transactions of the Royal Society B-Biological Sciences	5.3
Journal of Ovarian Research	5.3
Arabian Journal of Chemistry	5.3
RMD Open	5.3
Asia Pacific Journal of Tourism Research	5.2
Geochimica et Cosmochimica Acta	5.2
European Journal of Public Health	5.2
ACM Transactions on Autonomous and Adaptive Systems	5.2
Journal of Thrombosis and Haemostasis	5.2
Cleveland Clinic Journal of Medicine	5.2
Reviews on Environmental Health	5.2
Climatic Change	5.2
ACS Applied Polymer Materials	5.2
Environmental Modelling & Software	5.2
IEEE-ACM Transactions on Audio Speech and Language Processing	5.2
Applied Clay Science	5.2
Annals of Biomedical Engineering	5.2
Exercise and Sport Sciences Reviews	5.2
Child Development Perspectives	5.2
Plant Methods	5.2
Criminology	5.2
Psychological Medicine	5.2
Antimicrobial Resistance and Infection Control	5.2
New Technology Work and Employment	5.2
Macromolecular Materials and Engineering	5.2
Business Process Management Journal	5.2
Frontiers in Aging Neuroscience	5.2
Diamond and Related Materials	5.2
Remote Sensing in Ecology and Conservation	5.2
Journal of the International AIDS Society	5.2
Current Oncology Reports	5.2
Journal of Integrative Medicine-Jim	5.2
Toxicology	5.2
Asian Journal of Surgery	5.2
Energy for Sustainable Development	5.2
Toxicological Sciences	5.2
Journal of the Academy of Nutrition and Dietetics	5.2
Journal of Geotechnical and Geoenvironmental Engineering	5.2
IEEE Transactions on Microwave Theory and Techniques	5.2
Public Management Review	5.2
Marketing Science	5.2
Journal of Lightwave Technology	5.2
BMC Nursing	5.2
Conservation Biology	5.2
Socio-Economic Planning Sciences	5.2
Monthly Notices of the Royal Astronomical Society	5.2
ChemElectroChem	5.2
Global Finance Journal	5.2
Materials Chemistry and Physics	5.2
Journal of Nutritional Biochemistry	5.2
Biofactors	5.2
Annual Review of Linguistics	5.2
Materials Science in Semiconductor Processing	5.2
Microchemical Journal	5.2
Eye and Vision	5.2
Regulation & Governance	5.2
Best Practice & Research Clinical Gastroenterology	5.2
IEEE Transactions on Industry Applications	5.2
Thrombosis and Haemostasis	5.2
International Journal for Equity in Health	5.2
Annals of Clinical Microbiology and Antimicrobials	5.2
International Dental Journal	5.2
Nanoscale	5.2
Optics and Laser Technology	5.2
Heritage Science	5.2
Studies in Second Language Acquisition	5.2
Chemico-Biological Interactions	5.2
ACS Omega	5.2
mSystems	5.2
European Stroke Journal	5.2
Breast	5.2
Nano Futures	5.2
Drones	5.2
Journal of Commodity Markets	5.2
Journal of Clinical Child and Adolescent Psychology	5.2
Interdisciplinary Sciences-Computational Life Sciences	5.2
Journal of Drug Delivery Science and Technology	5.2
Journal of Saudi Chemical Society	5.2
Global Environmental Politics	5.2
Journal of Organizational and End User Computing	5.1
BMC Chemistry	5.1
Journal of Digital Imaging	5.1
Science China-Technological Sciences	5.1
Sensors and Actuators A-Physical	5.1
Bioorganic Chemistry	5.1
Catalysis Today	5.1
American Economic Review-Insights	5.1
IEEE Wireless Communications Letters	5.1
World Journal of Diabetes	5.1
TESOL Quarterly	5.1
Digital Journalism	5.1
Academy of Management Discoveries	5.1
Dialogues in Clinical Neuroscience	5.1
Journal of Wind Engineering and Industrial Aerodynamics	5.1
Obstetrics and Gynecology	5.1
European Review of Agricultural Economics	5.1
Journal of Ethnobiology and Ethnomedicine	5.1
Journal of Materials Chemistry C	5.1
Energy & Environment	5.1
Biological Conservation	5.1
Chemical Engineering Science	5.1
British Journal of General Practice	5.1
Experimental Gerontology	5.1
Clean Technologies and Environmental Policy	5.1
Environmental and Experimental Botany	5.1
Anatomical Sciences Education	5.1
Spine Journal	5.1
Journal of Gastric Cancer	5.1
Amyloid-Journal of Protein Folding Disorders	5.1
IEEE Transactions on Biomedical Circuits and Systems	5.1
Annals of Global Health	5.1
Chinese Journal of Mechanical Engineering	5.1
Journal of Field Robotics	5.1
Egyptian Journal of Remote Sensing and Space Sciences	5.1
Personnel Review	5.1
Tissue Engineering and Regenerative Medicine	5.1
Expert Opinion on Therapeutic Targets	5.1
Annals of Mathematics	5.1
Journal of Optical Communications and Networking	5.1
Journal of Multinational Financial Management	5.1
Clinical Psychological Science	5.1
Journal of the Association for Information Science and Technology	5.1
Journal of Physiology and Biochemistry	5.1
Psychiatry Research	5.1
World Development	5.1
Economic Geology	5.1
Polymer	5.1
Applied Ocean Research	5.1
European Journal of Pharmaceutical Sciences	5.1
Soil Dynamics and Earthquake Engineering	5.1
Bone Marrow Transplantation	5.1
Molecules	5.1
Intensive and Critical Care Nursing	5.1
Clinical and Experimental Ophthalmology	5.1
Annals of Microbiology	5.1
American Journal of Geriatric Psychiatry	5.1
IEEE Aerospace and Electronic Systems Magazine	5.1
Studies in Second Language Learning and Teaching	5.1
Endocrinology and Metabolism	5.1
AAPS Pharmscitech	5.1
International Journal of Entrepreneurial Behavior & Research	5.1
Targeted Oncology	5.1
ACM Transactions on Internet Technology	5.1
Algal Research-Biomass Biofuels and Bioproducts	5
Review of International Political Economy	5
Perspectives in Ecology and Conservation	5
Journal of Anxiety Disorders	5
Neurospine	5
Molecular Plant Pathology	5
Transportation Science	5
Aquaculture Economics & Management	5
Joint Bone Spine	5
Advances in Atmospheric Sciences	5
Image and Vision Computing	5
Journal of Neuroendocrinology	5
Journal of Nutrition Health & Aging	5
Molecular Medicine Reports	5
Journal of Peasant Studies	5
Physics Letters B	5
GigaScience	5
Food Science & Nutrition	5
European Journal of Pharmaceutics and Biopharmaceutics	5
Organizational Behavior and Human Decision Processes	5
Geohealth	5
International Journal of Information Security	5
CIRP Annals-Manufacturing Technology	5
Journal of Artificial Intelligence and Soft Computing Research	5
HLA	5
Brain Pathology	5
Structural Control & Health Monitoring	5
International Journal of Antimicrobial Agents	5
Biochimica et Biophysica Acta-Molecular Basis of Disease	5
Hypertension Research	5
Current Issues in Tourism	5
IEEE Consumer Electronics Magazine	5
Molecular Therapy-Methods & Clinical Development	5
JMIR Medical Informatics	5
International Journal of Medical Informatics	5
Clinical and Experimental Allergy	5
Transportation Research Part F-Traffic Psychology and Behaviour	5
Mineralium Deposita	5
Geophysical Research Letters	5
Therapeutic Advances in Psychopharmacology	5
R & D Management	5
International Affairs	5
Educational Administration Quarterly	5
Contemporary Physics	5
Journal der Deutschen Dermatologischen Gesellschaft	5
Presse Medicale	5
Journal of Molecular Medicine-Jmm	5
Geotextiles and Geomembranes	5
Journal of Archaeological Research	5
Gut Pathogens	5
Channels	5
Frontiers of Mechanical Engineering	5
Journal of Development Economics	5
Molecular Pharmaceutics	4.9
Project Management Journal	4.9
Stem Cell Reviews and Reports	4.9
American Journal of Agricultural Economics	4.9
Food Science of Animal Resources	4.9
Transplantation	4.9
Journal of High Energy Physics	4.9
Marine Pollution Bulletin	4.9
ACM Transactions on the Web	4.9
Environment Development and Sustainability	4.9
Structures	4.9
Toxics	4.9
Bioelectrochemistry	4.9
Utilities Policy	4.9
International Journal of Health Policy and Management	4.9
International Journal of Thermal Sciences	4.9
Mathematical Programming Computation	4.9
Journal of Molecular and Cellular Cardiology	4.9
Journal of Molecular Structure	4.9
Communication Research	4.9
Biological Procedures Online	4.9
Scientific Reports	4.9
International Journal of Cancer	4.9
Clinical Pharmacology & Therapeutics	4.9
International Forum of Allergy & Rhinology	4.9
Astroparticle Physics	4.9
Journal of Marketing Management	4.9
Bulletin of Engineering Geology and the Environment	4.9
Biological Psychiatry-Cognitive Neuroscience and Neuroimaging	4.9
npj Microgravity	4.9
Archives of Civil and Mechanical Engineering	4.9
Journal of International Marketing	4.9
Cell Calcium	4.9
Annals of Medicine	4.9
International Small Business Journal-Researching Entrepreneurship	4.9
Food Quality and Safety	4.9
European Physical Journal C	4.9
Earthquake Engineering & Structural Dynamics	4.9
Global Change Biology Bioenergy	4.9
Child and Adolescent Psychiatry and Mental Health	4.9
Diabetology & Metabolic Syndrome	4.9
Quantum Science and Technology	4.9
Translational Oncology	4.9
Current Rheumatology Reports	4.9
Journal of the International Society of Sports Nutrition	4.9
European Thyroid Journal	4.9
IEEE Transactions on Computers	4.9
Journal of Outdoor Recreation and Tourism-Research Planning and Management	4.9
Integrative Medicine Research	4.9
Biocybernetics and Biomedical Engineering	4.9
American Journal of Pathology	4.9
Biomolecules & Therapeutics	4.9
Cold Spring Harbor Perspectives in Medicine	4.9
Journal of Civil Structural Health Monitoring	4.9
ACS Macro Letters	4.9
Geomatics Natural Hazards & Risk	4.9
World Journal of Stem Cells	4.9
Applied Mathematics and Mechanics-English Edition	4.9
Cold Regions Science and Technology	4.9
Materials Today Communications	4.9
Electronic Commerce Research	4.9
Computers & Chemical Engineering	4.9
Qualitative Research in Psychology	4.9
Journal of Real-Time Image Processing	4.9
Service Business	4.9
Studies in Higher Education	4.9
Journal of Lipid Research	4.9
Mediators of Inflammation	4.9
Polymer Composites	4.9
APL Bioengineering	4.9
BJS Open	4.9
Machine Learning	4.9
Digestive and Liver Disease	4.9
Contemporary Accounting Research	4.9
Pediatric Critical Care Medicine	4.9
Bioscience Trends	4.9
Cancer Science	4.9
Obesity	4.9
Asian Journal of Psychiatry	4.9
IEEE Systems Journal	4.9
Experimental Neurology	4.8
Research in Transportation Business and Management	4.8
International Journal of Disaster Risk Reduction	4.8
IEEE Geoscience and Remote Sensing Letters	4.8
Pesticide Biochemistry and Physiology	4.8
Journal of Earth Science	4.8
BJOG-An International Journal of Obstetrics and Gynaecology	4.8
Journal of Business and Psychology	4.8
Entrepreneurship and Regional Development	4.8
Ultrasonics	4.8
Creativity Research Journal	4.8
Computational and Structural Biotechnology Journal	4.8
Ecological Processes	4.8
Solar RRL	4.8
Journal of Plant Physiology	4.8
Geomechanics for Energy and the Environment	4.8
Sleep Health	4.8
Journal of Psychiatry & Neuroscience	4.8
Neoplasia	4.8
Bone & Joint Journal	4.8
Plant and Soil	4.8
International Nursing Review	4.8
Comprehensive Psychiatry	4.8
Dental Traumatology	4.8
International Journal of Heat and Fluid Flow	4.8
Economic Policy	4.8
Applied Catalysis A-General	4.8
International Journal of Neuropsychopharmacology	4.8
Nanomaterials	4.8
Stroke and Vascular Neurology	4.8
IET Nanobiotechnology	4.8
Revista Espanola de Enfermedades Digestivas	4.8
Environmental Development	4.8
BMC Biotechnology	4.8
European Journal of Personality	4.8
IEEE Transactions on Emerging Topics in Computing	4.8
Spectrochimica Acta Part A-Molecular and Biomolecular Spectroscopy	4.8
Journal of Loss Prevention in the Process Industries	4.8
Asian Economic Policy Review	4.8
Reviews in the Neurosciences	4.8
Journal of Research in Science Teaching	4.8
Earth and Planetary Science Letters	4.8
International Organization	4.8
Journal of Occupational and Organizational Psychology	4.8
Stem Cells	4.8
International Journal of Intelligent Systems	4.8
Synthetic and Systems Biotechnology	4.8
Current Pain and Headache Reports	4.8
Cancers	4.8
Journal of Infection and Public Health	4.8
International Journal of Implant Dentistry	4.7
ACM Transactions on Sensor Networks	4.7
International Entrepreneurship and Management Journal	4.7
Anthropocene	4.7
Chemical Research in Chinese Universities	4.7
Global and Planetary Change	4.7
Virologica Sinica	4.7
IEEE Transactions on Computational Imaging	4.7
Minds and Machines	4.7
Journal of the World Aquaculture Society	4.7
Packaging Technology and Science	4.7
Journal of Liposome Research	4.7
Cellular Signalling	4.7
Oncology Reports	4.7
Language Teaching Research	4.7
Neurology and Therapy	4.7
Geothermal Energy	4.7
Wiley Interdisciplinary Reviews-Cognitive Science	4.7
Medical Oncology	4.7
Asia Pacific Journal of Human Resources	4.7
JMIR Serious Games	4.7
Applied Microbiology and Biotechnology	4.7
Pharmacoeconomics	4.7
Nurse Education Today	4.7
Health Policy	4.7
Journal of Cellular and Molecular Medicine	4.7
International Journal of Mechanics and Materials in Design	4.7
Agricultural Economics	4.7
Archives of Gerontology and Geriatrics	4.7
Journal of Geodesy	4.7
Journal of the Learning Sciences	4.7
Academic Radiology	4.7
American Journal of Political Science	4.7
European Review of Aging and Physical Activity	4.7
Journal of Dairy Science	4.7
Drug Metabolism Reviews	4.7
Public Administration	4.7
Journal of Drug Targeting	4.7
Zeitschrift fuer medizinische Physik	4.7
World Journal of Microbiology & Biotechnology	4.7
Mineral Processing and Extractive Metallurgy Review	4.7
IEEE Transactions on Cognitive and Developmental Systems	4.7
Artificial Intelligence	4.7
Brodogradnja	4.7
Reviews in Fish Biology and Fisheries	4.7
JCO Precision Oncology	4.7
Journal of Materials Science-Materials in Medicine	4.7
IEEE Transactions on Power Delivery	4.7
npj Primary Care Respiratory Medicine	4.7
Journal of Family Business Strategy	4.7
Expert Opinion on Therapeutic Patents	4.7
Journal of Central South University	4.7
Journal of Econometrics	4.7
Current Opinion in Neurology	4.7
International Journal of Eating Disorders	4.7
Plants-Basel	4.7
Foreign Affairs	4.7
European Journal of Mechanics A-Solids	4.7
Nuclear Science and Techniques	4.7
Landscape Ecology	4.7
Particuology	4.7
Advances in Therapy	4.7
Acta Psychiatrica Scandinavica	4.7
Anesthesia and Analgesia	4.7
ACS Applied Electronic Materials	4.7
American Journal of Ophthalmology	4.7
Religion Brain & Behavior	4.7
Neuropharmacology	4.7
Chinese Physics Letters	4.7
Obstetrical & Gynecological Survey	4.7
Endoscopic Ultrasound	4.7
Computer Networks	4.7
International Journal of Refractory Metals & Hard Materials	4.7
Oncologist	4.7
Journal of Molecular Biology	4.7
Journal of Thoracic and Cardiovascular Surgery	4.7
Education for Chemical Engineers	4.7
Research & Politics	4.7
Plant and Cell Physiology	4.7
International Journal of Human Resource Management	4.7
Rheumatology	4.7
American Journal of Preventive Medicine	4.7
Food and Bioproducts Processing	4.7
Synthetic Biology	4.7
Journal of Cerebral Blood Flow and Metabolism	4.7
Journal of Pharmaceutical Investigation	4.7
Organic Letters	4.7
Journal of Evidence Based Medicine	4.7
Molecular and Cellular Biochemistry	4.7
Microorganisms	4.7
CNS Spectrums	4.6
Big Data Research	4.6
IEEE Transactions on Circuits and Systems Ii-Express Briefs	4.6
Cellulose	4.6
IEEE Electron Device Letters	4.6
Journal of Sport Management	4.6
Endocrinology and Metabolism Clinics of North America	4.6
RSC Medicinal Chemistry	4.6
Computer Standards & Interfaces	4.6
Dermatology and Therapy	4.6
Human Gene Therapy	4.6
International Journal of Concrete Structures and Materials	4.6
International Journal of Infectious Diseases	4.6
IEEE Transactions on Signal and Information Processing Over Networks	4.6
IEEE Transactions on Computational Social Systems	4.6
Information and Software Technology	4.6
Diabetes Research and Clinical Practice	4.6
Plant Science	4.6
Simulation Modelling Practice and Theory	4.6
Japanese Journal of Radiology	4.6
Scientia Horticulturae	4.6
Computers & Operations Research	4.6
Journal of Neurochemistry	4.6
Physics and Chemistry of the Earth	4.6
Journal of Physiology-London	4.6
Journal of Esthetic and Restorative Dentistry	4.6
Biomedical Engineering Online	4.6
Environment and Behavior	4.6
Public Opinion Quarterly	4.6
Inorganic Chemistry	4.6
Journal of Geochemical Exploration	4.6
BMC Psychology	4.6
Clinical Autonomic Research	4.6
Journal of Innate Immunity	4.6
Journal of Constructional Steel Research	4.6
Journal of Sleep Research	4.6
Political Geography	4.6
Epilepsy Currents	4.6
IEEE Antennas and Wireless Propagation Letters	4.6
Developmental Cognitive Neuroscience	4.6
International Journal of Social Robotics	4.6
Journal of Air Transport Management	4.6
Proceedings of the Combustion Institute	4.6
Human Relations	4.6
Structure	4.6
Journal of Dermatological Science	4.6
Photonic Sensors	4.6
Journal of the American Geriatrics Society	4.6
BMC Psychiatry	4.6
European Journal of Human Genetics	4.6
Industry and Innovation	4.6
Journal of Advances in Modeling Earth Systems	4.6
Journal of Electroanalytical Chemistry	4.6
Chinese Journal of Polymer Science	4.6
Aquatic Toxicology	4.6
Environmental Toxicology and Pharmacology	4.6
Journal of Inflammation Research	4.6
Forest Policy and Economics	4.6
Helicobacter	4.6
Ecological Applications	4.6
Geology	4.6
Expert Review of Anti-Infective Therapy	4.6
Endocrine Pathology	4.6
Journals of Gerontology Series A-Biological Sciences and Medical Sciences	4.6
Journal of International Economics	4.6
Nanomedicine	4.6
Grey Systems-Theory and Application	4.6
Geothermics	4.6
Food and Energy Security	4.6
International Journal of Solids and Structures	4.6
ICT Express	4.6
Environmental Politics	4.6
Design Studies	4.6
Oncology Research	4.6
British Journal of Political Science	4.6
EFORT Open Reviews	4.6
Sustainable Energy & Fuels	4.6
New Media & Society	4.6
Progress in Neurobiology	4.6
Aquaculture Nutrition	4.6
International Journal of Critical Infrastructure Protection	4.6
Complex & Intelligent Systems	4.5
Engineering Construction and Architectural Management	4.5
Metabolites	4.5
Biomedicines	4.5
IEEE Communications Letters	4.5
Pharmacological Reports	4.5
Acta Biochimica et Biophysica Sinica	4.5
Batteries & Supercaps	4.5
Journal of Labor Economics	4.5
iScience	4.5
Expert Opinion on Drug Metabolism & Toxicology	4.5
BMC Geriatrics	4.5
Academic Medicine	4.5
Nucleic Acid Therapeutics	4.5
Chinese Journal of Electronics	4.5
ACS Synthetic Biology	4.5
ACS Chemical Neuroscience	4.5
Bioconjugate Chemistry	4.5
International Journal of Bipolar Disorders	4.5
Mechanics of Time-Dependent Materials	4.5
World Wide Web-Internet and Web Information Systems	4.5
Microporous and Mesoporous Materials	4.5
Current Opinion in Infectious Diseases	4.5
Molecular Oncology	4.5
Journal of Organizational Change Management	4.5
Atmospheric Research	4.5
Gynecologic Oncology	4.5
Journal of Teacher Education	4.5
Management Accounting Research	4.5
IEEE Journal of Selected Topics in Quantum Electronics	4.5
Journal of Periodontology	4.5
Progress in Biophysics & Molecular Biology	4.5
Poultry Science	4.5
Accounting Organizations and Society	4.5
Synthetic Metals	4.5
Information Technology for Development	4.5
Sustainable Environment Research	4.5
British Journal of Educational Psychology	4.5
Asia-Pacific Education Researcher	4.5
Molecular Nutrition & Food Research	4.5
Journal of Orthopaedics and Traumatology	4.5
Clinical and Experimental Medicine	4.5
Current Opinion in Lipidology	4.5
Agriculture-Basel	4.5
Quality Assurance and Safety of Crops & Foods	4.5
IEEE Sensors Journal	4.5
Balkan Medical Journal	4.5
Extractive Industries and Society-An International Journal	4.5
IEEE Intelligent Systems	4.5
Advanced Materials Interfaces	4.5
International Journal of Photoenergy	4.5
Nurse Education in Practice	4.5
Computational Mechanics	4.5
Bioscience Reports	4.5
Vehicle System Dynamics	4.5
Journal of Youth and Adolescence	4.5
Advanced Powder Technology	4.5
Pediatric Allergy and Immunology	4.5
User Modeling and User-Adapted Interaction	4.5
Cytotherapy	4.5
Annals of Dyslexia	4.5
Work and Occupations	4.5
Natural Hazards	4.5
Aggression and Violent Behavior	4.5
Journal of Industrial Microbiology & Biotechnology	4.5
Materials and Manufacturing Processes	4.5
Journal of Physical Chemistry Letters	4.5
APL Materials	4.5
Medical Clinics of North America	4.5
Modern Language Journal	4.5
Extreme Mechanics Letters	4.5
Psychology Research and Behavior Management	4.5
Cognitive Neurodynamics	4.5
Annals of the New York Academy of Sciences	4.5
International Review of Research in Open and Distributed Learning	4.5
Neurochemical Research	4.5
Organic Chemistry Frontiers	4.5
Brain Research Bulletin	4.5
Journal of Bone and Joint Surgery-American Volume	4.5
Policy Sciences	4.5
Global Strategy Journal	4.5
Metals and Materials International	4.5
Precision Engineering-Journal of the International Societies for Precision Engineering and Nanotechnology	4.5
European Journal of Nutrition	4.5
ACS Infectious Diseases	4.5
Journal of Theoretical and Applied Electronic Commerce Research	4.5
Journal of Science and Medicine in Sport	4.5
British Journal of Ophthalmology	4.5
Structural and Multidisciplinary Optimization	4.5
Contemporary Security Policy	4.5
Journal of Plant Ecology	4.5
Microbial Genomics	4.5
Catalysts	4.5
Human Resource Development Review	4.5
Food Security	4.5
Current HIV/AIDS Reports	4.4
Journal of Information Security and Applications	4.4
Urban Studies	4.4
Journal of Bionic Engineering	4.4
Aquacultural Engineering	4.4
Research in Microbiology	4.4
Journal of the American Mathematical Society	4.4
Aquaculture	4.4
General Hospital Psychiatry	4.4
American Journal of Orthodontics and Dentofacial Orthopedics	4.4
Journal of the American Dental Association	4.4
International Journal of Clinical and Health Psychology	4.4
BMC Public Health	4.4
European Journal of Work and Organizational Psychology	4.4
Process Biochemistry	4.4
Pain and Therapy	4.4
Heart	4.4
Eye	4.4
Eurasian Business Review	4.4
Frontiers in Environmental Science	4.4
Current Opinion in Behavioral Sciences	4.4
Journal of the Korean Ceramic Society	4.4
ERJ Open Research	4.4
Mitigation and Adaptation Strategies for Global Change	4.4
Journal of Materials Science	4.4
Maritime Policy & Management	4.4
Epidemiology	4.4
Journal of Medical Ethics	4.4
Child and Adolescent Mental Health	4.4
Anais Brasileiros de Dermatologia	4.4
BMJ Open Diabetes Research & Care	4.4
Educational and Psychological Measurement	4.4
IEEE Micro	4.4
British Food Journal	4.4
Journal of Arthroplasty	4.4
Journal of Pest Science	4.4
International Biodeterioration & Biodegradation	4.4
Frontiers in Cellular Neuroscience	4.4
Journal of Nursing Management	4.4
Wiley Interdisciplinary Reviews-RNA	4.4
International Journal of Naval Architecture and Ocean Engineering	4.4
npj Systems Biology and Applications	4.4
Endocrine Practice	4.4
Frontiers of Architectural Research	4.4
Quantitative Infrared Thermography Journal	4.4
International Journal of Climate Change Strategies and Management	4.4
Journal of Pain	4.4
Epigenetics & Chromatin	4.4
Journal of Neural Transmission	4.4
Review of Policy Research	4.4
Medical Education Online	4.4
Forestry	4.4
Chemosensors	4.4
Language Assessment Quarterly	4.4
Annals of Laboratory Medicine	4.4
IEEE Transactions on Biomedical Engineering	4.4
Journal of Photochemistry and Photobiology A-Chemistry	4.4
Journal of Leadership & Organizational Studies	4.4
BMC Complementary Medicine and Therapies	4.4
Langmuir	4.4
BMC Bioinformatics	4.4
Accountability in Research-Policies and Quality Assurance	4.4
AIChE Journal	4.4
European Child & Adolescent Psychiatry	4.4
Sociology of Education	4.4
IEEE Transactions on Human-Machine Systems	4.4
JMIR Public Health and Surveillance	4.4
Physical Review Applied	4.4
International Journal of Drug Policy	4.4
Biomedical Microdevices	4.4
Frontiers in Molecular Biosciences	4.4
Emerging Markets Review	4.4
Bioengineering-Basel	4.4
Learning and Motivation	4.4
Applied Linguistics Review	4.4
Critical Perspectives on Accounting	4.4
AIDS Patient Care and Stds	4.4
Health Information Science and Systems	4.4
Contemporary Educational Psychology	4.4
Planta	4.4
Public Relations Review	4.4
Canadian Journal of Psychiatry-Revue Canadienne de Psychiatrie	4.4
Journal of Process Control	4.4
Management International Review	4.4
Journal of Global Information Management	4.4
Frontiers in Molecular Neuroscience	4.4
IEEE Transactions on Control Systems Technology	4.4
Production and Operations Management	4.4
Clinical Chemistry and Laboratory Medicine	4.4
Behavior Therapy	4.4
ASN Neuro	4.4
Journal of Neurointerventional Surgery	4.4
Comparative Biochemistry and Physiology C-Toxicology & Pharmacology	4.4
Biochemical Society Transactions	4.4
China Agricultural Economic Review	4.4
Endocrine-Related Cancer	4.4
Higher Education	4.3
Clinical Proteomics	4.3
World Journal of Mens Health	4.3
American Journal of Sociology	4.3
Vacuum	4.3
International Journal of Environmental Research	4.3
Autoimmunity	4.3
Journal of Engineering and Technology Management	4.3
International Brazilian Journal of Urology	4.3
Agriculture and Human Values	4.3
Biological Trace Element Research	4.3
Social Science Computer Review	4.3
Tissue Engineering Part B-Reviews	4.3
Gm Crops & Food-Biotechnology in Agriculture and the Food Chain	4.3
RNA	4.3
Plant Genome	4.3
Entomologia Generalis	4.3
European Journal of Cell Biology	4.3
International Journal of Computer Integrated Manufacturing	4.3
Reviews in Chemical Engineering	4.3
Antiviral Research	4.3
Nondestructive Testing and Evaluation	4.3
Geography Compass	4.3
Seminars in Radiation Oncology	4.3
Expert Review of Molecular Diagnostics	4.3
Expert Review of Neurotherapeutics	4.3
Psychological Inquiry	4.3
Journal of Safety Research	4.3
Lung	4.3
Environment and Planning A-Economy and Space	4.3
Clinical Orthopaedics and Related Research	4.3
International Journal of Systems Science	4.3
Digital Creativity	4.3
Public Understanding of Science	4.3
International Journal of Hygiene and Environmental Health	4.3
Wound Repair and Regeneration	4.3
Applied Organometallic Chemistry	4.3
System Dynamics Review	4.3
Reproductive Medicine and Biology	4.3
Environmental Geochemistry and Health	4.3
Bioprocess and Biosystems Engineering	4.3
Annals of Agricultural Sciences	4.3
Canadian Geotechnical Journal	4.3
Advanced Quantum Technologies	4.3
Behaviour Research and Therapy	4.3
Cell Adhesion & Migration	4.3
CTS-Clinical and Translational Science	4.3
Parkinsonism & Related Disorders	4.3
Allergy Asthma & Immunology Research	4.3
Saudi Pharmaceutical Journal	4.3
Nanomedicine-Nanotechnology Biology and Medicine	4.3
Journal of Cereal Science	4.3
FASEB Journal	4.3
Teaching and Teacher Education	4.3
Optical Materials	4.3
Planning Theory & Practice	4.3
Applied Acoustics	4.3
Frontiers in Forests and Global Change	4.3
Journal of Climate	4.3
Chemical Communications	4.3
Biomass Conversion and Biorefinery	4.3
Journal of Computing in Higher Education	4.3
Seminars in Hematology	4.3
Journal of Dermatological Treatment	4.3
Biogeochemistry	4.3
Journal of Fungi	4.3
Molecular Diversity	4.3
Ore Geology Reviews	4.3
Clinical Epidemiology	4.3
Biochimica et Biophysica Acta-Molecular Cell Research	4.3
Politics & Gender	4.3
Comparative Education	4.3
Business Ethics Quarterly	4.3
Journal of Magnetic Resonance Imaging	4.3
Journal of Pharmacology and Experimental Therapeutics	4.3
Systematic Entomology	4.3
Microbial Ecology	4.3
2D Materials	4.3
Current Opinion in Genetics & Development	4.3
Molecular Catalysis	4.3
Regulatory Toxicology and Pharmacology	4.3
Insect Biochemistry and Molecular Biology	4.3
Frontiers in Physiology	4.3
Journal of Neuroscience	4.3
Journal of Information disPlay	4.3
Electric Power Systems Research	4.3
European Journal of Neurology	4.3
Biology-Basel	4.3
Evolution Letters	4.3
npj Science of Learning	4.3
Expert Opinion on Investigational Drugs	4.3
Acta Crystallographica Section D-Structural Biology	4.3
Remote Sensing	4.3
Microbiology-SGM	4.3
Journal of Family Theory & Review	4.3
European Journal of Soil Science	4.3
Revista de Psicodidactica	4.2
Neurocritical Care	4.2
Neuroimage-Clinical	4.2
Acta Metallurgica Sinica-English Letters	4.2
Egyptian Informatics Journal	4.2
Research in Transportation Economics	4.2
BMC Medical Education	4.2
Waste Management & Research	4.2
American Journal of Surgical Pathology	4.2
Journal of the American Ceramic Society	4.2
FEBS Journal	4.2
International Journal of Polymer Science	4.2
Genes and Immunity	4.2
Diversity and Distributions	4.2
Current Addiction Reports	4.2
Bulletin of Earthquake Engineering	4.2
Electrochemistry Communications	4.2
Learned Publishing	4.2
Polymer Bulletin	4.2
Fish & Shellfish Immunology	4.2
Science Communication	4.2
Harm Reduction Journal	4.2
Journal of Nutrition	4.2
Journal of Adolescent Health	4.2
Environmental Science-Processes & Impacts	4.2
Clinical and Translational Allergy	4.2
International Journal of Dermatology	4.2
Forest Ecology and Management	4.2
Journal of Physics-Materials	4.2
Applied and Environmental Microbiology	4.2
European Journal of Orthodontics	4.2
Journal of Sol-Gel Science and Technology	4.2
Regional Environmental Change	4.2
Applied Biological Chemistry	4.2
Basic and Applied Ecology	4.2
Macromolecular Bioscience	4.2
Maturitas	4.2
Computer Communications	4.2
IEEE Transactions on Nanobioscience	4.2
Health & Place	4.2
Revista Espanola de Cardiologia	4.2
European Financial Management	4.2
Mobile DNA	4.2
China Journal	4.2
Pest Management Science	4.2
Membranes	4.2
Aesthetic Surgery Journal	4.2
Journal of Clinical Psychiatry	4.2
Behaviour & Information Technology	4.2
Infectious Disease Clinics of North America	4.2
Policy Studies Journal	4.2
Biodegradation	4.2
Antimicrobial Agents and Chemotherapy	4.2
American Journal of Physiology-Endocrinology and Metabolism	4.2
Journal of the American Planning Association	4.2
Appetite	4.2
Journal of Financial Services Research	4.2
IEEE Access	4.2
Contact Lens & Anterior Eye	4.2
European Journal of Psychotraumatology	4.2
Journal of Gynecologic Oncology	4.2
Ophthalmology and Therapy	4.2
Human Vaccines & Immunotherapeutics	4.2
Transportmetrica B-Transport Dynamics	4.2
Chemical Engineering and Processing-Process Intensification	4.2
Drugs & Aging	4.2
Neurobiology of Stress	4.2
Biomimetics	4.2
Seed Science and Technology	4.2
Translational Stroke Research	4.2
Journal of International Management	4.2
Diabetes Therapy	4.2
Permafrost and Periglacial Processes	4.2
Journal of Fluid Mechanics	4.2
Journal of Robotic Surgery	4.2
Journal of Human Resources	4.2
Seminars in Thrombosis and Hemostasis	4.2
Earth Science Informatics	4.2
Journal of Marine Engineering and Technology	4.2
Lupus Science & Medicine	4.2
International Journal of Energy Research	4.2
Drug Development Research	4.2
European Food Research and Technology	4.2
Journal of Urban Technology	4.2
Journal of Plant Growth Regulation	4.2
Leadership & Organization Development Journal	4.2
Optics and Lasers in Engineering	4.2
Cancer Research and Treatment	4.2
International Journal of Mental Health Systems	4.2
Progress in Neuro-Psychopharmacology & Biological Psychiatry	4.2
Frontiers of Chemical Science and Engineering	4.2
Annals of Cardiothoracic Surgery	4.1
Journal of Natural Fibers	4.1
IEEE-ACM Transactions on Computational Biology and Bioinformatics	4.1
Current Issues in Molecular Biology	4.1
Journal of Economic Geography	4.1
Chemical Research in Toxicology	4.1
American Journal of Epidemiology	4.1
BMC Cancer	4.1
Accounting Forum	4.1
Journal of Geophysical Research-Earth Surface	4.1
Macromolecular Rapid Communications	4.1
Econometrics Journal	4.1
Cell Stress & Chaperones	4.1
Gut and Liver	4.1
Mechanics of Materials	4.1
Journal of Engineering Design	4.1
Journal of Financial Stability	4.1
Nuclear Fusion	4.1
Bioinorganic Chemistry and Applications	4.1
FEMS Microbiology Ecology	4.1
Fermentation-Basel	4.1
Journal of Thermal Analysis and Calorimetry	4.1
Clinical Interventions in Aging	4.1
Elementa-Science of the Anthropocene	4.1
Sleep Medicine	4.1
International Journal of Health Geographics	4.1
Internal and Emergency Medicine	4.1
Mindfulness	4.1
Fungal Biology Reviews	4.1
Computers & Geosciences	4.1
Clinical Immunology	4.1
Journal of Virology	4.1
Journal of Financial and Quantitative Analysis	4.1
Addictive Behaviors	4.1
Journal of the Mechanical Behavior of Biomedical Materials	4.1
Animal	4.1
Journal of Infectious Diseases	4.1
Prehospital and Disaster Medicine	4.1
European Journal of Clinical Investigation	4.1
Clinica Chimica Acta	4.1
Journal of Biological Chemistry	4.1
Ecology	4.1
Contact Dermatitis	4.1
Obesity Facts	4.1
Evolutionary Computation	4.1
Pharmaceutical Research	4.1
Journal of General Internal Medicine	4.1
Ecological Engineering	4.1
Proteomics	4.1
Engineering in Life Sciences	4.1
Probabilistic Engineering Mechanics	4.1
Multiple Sclerosis Journal	4.1
Social Science & Medicine	4.1
Journal of Pathology Clinical Research	4.1
Hematological Oncology	4.1
M&SOM-Manufacturing & Service Operations Management	4.1
Journal of Monetary Economics	4.1
Agronomy-Basel	4.1
Mathematical Geosciences	4.1
Arthritis Care & Research	4.1
Clinical Lymphoma Myeloma & Leukemia	4.1
Silicon	4.1
European Urban and Regional Studies	4.1
Experimental and Molecular Pathology	4.1
Journal of Forestry Research	4.1
RNA Biology	4.1
Frontiers in Sustainable Food Systems	4.1
Transportation	4.1
Journal of Comparative Economics	4.1
BJU International	4.1
Journal of Agrarian Change	4.1
Retrovirology	4.1
Journal of Cluster Science	4.1
Microbiology Spectrum	4.1
Theoretical and Applied Genetics	4.1
Annals of Operations Research	4.1
Frontiers in Public Health	4.1
Engineering With Computers	4.1
Asia Pacific Journal of Education	4.1
Current Gene Therapy	4.1
Microbial Cell	4.1
Laboratory Investigation	4.1
International Journal of Chronic Obstructive Pulmonary Disease	4.1
Journal of Trace Elements in Medicine and Biology	4.1
Harmful Algae	4.1
ChemCatChem	4.1
Advances in Water Resources	4.1
Annals of Botany	4.1
Journal of Antimicrobial Chemotherapy	4.1
Journal of Food Science	4.1
Chinese Journal of International Politics	4.1
Primary Care	4.1
Neuroscientist	4.1
Journal of Creative Behavior	4.1
Journal for Research in Mathematics Education	4.1
European Journal of Immunology	4.1
Journal of Clinical Immunology	4.1
Skin Pharmacology and Physiology	4.1
Australian and New Zealand Journal of Psychiatry	4.1
Information Systems and E-Business Management	4.1
Analytical and Bioanalytical Chemistry	4.1
Journal of Business & Industrial Marketing	4.1
Mycopathologia	4.1
Sustainability	4.1
Mycokeys	4.1
European Psychologist	4
Biometals	4
Molecular Genetics and Metabolism	4
Regional Anesthesia and Pain Medicine	4
Journal of Composites for Construction	4
Prostate International	4
Neurobiology of Aging	4
Acta Mechanica	4
Scandinavian Journal of Medicine & Science in Sports	4
Journal of Thermoplastic Composite Materials	4
Plants People Planet	4
Journal of Neural Engineering	4
Environmental Pollutants and Bioavailability	4
Medicine & Science in Sports & Exercise	4
Journal of Sociolinguistics	4
Zeitschrift fuer Kristallographie-Crystalline Materials	4
European Journal of Physical and Rehabilitation Medicine	4
Chemical Engineering Research & Design	4
Plant Growth Regulation	4
Governance-An International Journal of Policy Administration and Institutions	4
Regenerative Therapy	4
Dentomaxillofacial Radiology	4
Naunyn-Schmiedebergs Archives of Pharmacology	4
Journal of Vinyl & Additive Technology	4
Journal of the Science of Food and Agriculture	4
International Studies Review	4
Journal of Artificial Intelligence Research	4
Information Systems	4
Journal of Immunology	4
Journal of School Psychology	4
Biological Control	4
Movement Ecology	4
BMJ Open Respiratory Research	4
Physiologia Plantarum	4
Journal of Cellular Physiology	4
JCMS-Journal of Common Market Studies	4
Human Brain Mapping	4
Environmental Microbiology	4
Materials Technology	4
Seminars in Liver Disease	4
Neurodegenerative Diseases	4
Bulletin of the Chemical Society of Japan	4
Mycorrhiza	4
mSphere	4
Climate Dynamics	4
Archives of Physical Medicine and Rehabilitation	4
Frontiers in Neuroscience	4
ACM Transactions on Privacy and Security	4
Applied Artificial Intelligence	4
Complementary Therapies in Medicine	4
Acta Mechanica Sinica	4
West European Politics	4
Annals of Physical and Rehabilitation Medicine	4
Journal of Cell Communication and Signaling	4
Climate and Development	4
Publications of the Astronomical Society of Australia	4
Pain Medicine	4
Journal of Photochemistry and Photobiology B-Biology	4
Journal of Hydrodynamics	4
Chinese Geographical Science	4
Journal of Iron and Steel Research International	4
New Ideas in Psychology	4
Gender & Society	4
Accounting Review	4
Acta Cardiologica	4
Journal of Supercritical Fluids	4
IEEE Software	4
Journal of the American Statistical Association	4
Ecology and Society	4
Expert Opinion on Biological Therapy	4
Journal of Geophysical Research-Solid Earth	4
Oral Oncology	4
Journal of Movement Disorders	4
ACM Transactions on Computing Education	4
Science Education	4
World Allergy Organization Journal	4
Development	4
Current Hematologic Malignancy Reports	4
ELT Journal	4
Journal of Biotechnology	4
Current Genomics	4
Behavioural Neurology	4
Mini-Reviews in Medicinal Chemistry	4
Learning Media and Technology	4
Journal of Renal Nutrition	4
Expert Review of Clinical Immunology	4
Clinical Pharmacokinetics	4
Land Degradation & Development	4
Human Resource Development Quarterly	4
Journal of Urban Economics	4
Annual Review of Anthropology	4
Molecular Phylogenetics and Evolution	4
Papers in Regional Science	4
Virology Journal	4
Catalysis Science & Technology	4
Gastroenterology Report	4
Scandinavian Journal of Work Environment & Health	4
Journal of Chromatography A	4
Interface Focus	4
Canadian Association of Radiologists Journal-Journal de l'Association Canadienne des Radiologistes	4
Risk Analysis	4
Functional & Integrative Genomics	4
Medical Teacher	4
Annals of Behavioral Medicine	4
Sensors	4
International Journal of Adhesion and Adhesives	4
IEEE Transactions on Ultrasonics Ferroelectrics and Frequency Control	4
Journal of Pain and Symptom Management	4
Journal of Banking & Finance	4
Mathematics and Computers in Simulation	4
International Journal of Refrigeration	4
Population and Development Review	4
Pharmacotherapy	4
Journal of Computational Science	4
Differentiation	4
BJPsych Open	4
Journal of Chemistry	4
Journal of Physiological Anthropology	4
Current Cardiology Reports	4
Toxins	4
Cyberpsychology Behavior and Social Networking	4
Headache	3.9
Journal of Behavioral and Experimental Finance	3.9
PLoS Genetics	3.9
Futures	3.9
European Journal of Remote Sensing	3.9
Journal of Neurosurgery-Spine	3.9
Gerontologist	3.9
Geocarto International	3.9
Reproductive Biomedicine Online	3.9
Journal of Vascular Surgery	3.9
Clinical Medicine	3.9
Industrial & Engineering Chemistry Research	3.9
Educational Management Administration & Leadership	3.9
BMC Genomics	3.9
BMC Medical Imaging	3.9
Materials and Structures	3.9
Amb Express	3.9
Journal of Trauma and Acute Care Surgery	3.9
Studies in Family Planning	3.9
ACS Medicinal Chemistry Letters	3.9
Salud Publica de Mexico	3.9
Neurotoxicity Research	3.9
Teaching in Higher Education	3.9
Autism Research	3.9
Geoscience Letters	3.9
Bipolar Disorders	3.9
Annals of Clinical and Translational Neurology	3.9
Biochemical Journal	3.9
Educacion XX1	3.9
Veterinary Quarterly	3.9
Food Science and Biotechnology	3.9
Transportmetrica A-Transport Science	3.9
Journal of Management Analytics	3.9
Nutrition & Metabolism	3.9
Marine Policy	3.9
Psycho-Oncology	3.9
Biomedical Materials	3.9
Influenza and Other Respiratory Viruses	3.9
Total Quality Management & Business Excellence	3.9
Journal of Pharmaceutical Sciences	3.9
Journal of Informetrics	3.9
ICES Journal of Marine Science	3.9
Menopause-The Journal of the North American Menopause Society	3.9
International Journal of Pressure Vessels and Piping	3.9
Skeletal Muscle	3.9
Journal of Environmental Health Science and Engineering	3.9
Global Mental Health	3.9
American Journal of Physiology-Heart and Circulatory Physiology	3.9
Creativity and Innovation Management	3.9
Automated Software Engineering	3.9
Displays	3.9
Nutrition Metabolism and Cardiovascular Diseases	3.9
Microbial Pathogenesis	3.9
Sport Management Review	3.9
European Journal of Radiology	3.9
Classical and Quantum Gravity	3.9
International Journal of Mental Health Nursing	3.9
Microscopy and Microanalysis	3.9
Dyes and Pigments	3.9
Alpine Botany	3.9
Enzyme and Microbial Technology	3.9
Practical Radiation Oncology	3.9
Clinical Implant Dentistry and Related Research	3.9
Polymer Chemistry	3.9
Advances in Manufacturing	3.9
Clinical Lung Cancer	3.9
Life-Basel	3.9
Journal of Functional Foods	3.9
Infection	3.9
Journal of Traditional and Complementary Medicine	3.9
Journal of Intelligent Transportation Systems	3.9
Earthquake Spectra	3.9
Bone	3.9
Psychology of Sport and Exercise	3.9
JOR Spine	3.9
Studies in Educational Evaluation	3.9
Molecular Plant-Microbe Interactions	3.9
Journal of Polymer Science	3.9
Energies	3.9
Journal of Petroleum Exploration and Production Technology	3.9
International Journal of Multimedia Information Retrieval	3.9
IEEE Journal of Translational Engineering in Health and Medicine	3.9
International Journal of Press-Politics	3.9
Food Biophysics	3.9
Work Employment and Society	3.9
Journal of Grid Computing	3.9
Atmospheric Pollution Research	3.9
Journal of the Meteorological Society of Japan	3.9
Climacteric	3.9
European Journal of Soil Biology	3.9
Geoderma Regional	3.9
Pervasive and Mobile Computing	3.9
Social Psychology of Education	3.9
Data & Knowledge Engineering	3.9
Journal of Terramechanics	3.9
Health and Quality of Life Outcomes	3.9
Progress in Oceanography	3.9
Elements	3.9
Hepatobiliary & Pancreatic Diseases International	3.9
Pathology	3.9
Philosophical Review	3.9
Clinical and Experimental Immunology	3.9
Journal of Cell Science	3.9
Computer Physics Communications	3.9
Journal of Computational Physics	3.9
Journal of Endodontics	3.9
Post-Soviet Affairs	3.9
Rhizosphere	3.9
Biotechnology and Bioengineering	3.9
Applied Composite Materials	3.9
Journal of Environmental Planning and Management	3.9
European Archives of Psychiatry and Clinical Neuroscience	3.9
Applied Linguistics	3.9
Pancreatology	3.9
International Journal of Electrochemical Science	3.9
Digital Health	3.9
Journal of Nursing Scholarship	3.9
Cell Cycle	3.9
International Journal of Multiphase Flow	3.9
Public Performance & Management Review	3.9
Journal of Molecular Diagnostics	3.9
European Journal of Political Research	3.9
Nursing Ethics	3.8
Pulmonary Pharmacology & Therapeutics	3.8
Nitric Oxide-Biology and Chemistry	3.8
Communications in Nonlinear Science and Numerical Simulation	3.8
Criminology & Public Policy	3.8
Cybernetics and Systems	3.8
Acta Dermato-Venereologica	3.8
Expert Opinion on Emerging Drugs	3.8
Journal of Structural Engineering	3.8
Seminars in Arthritis and Rheumatism	3.8
Acta Psychologica	3.8
Xenotransplantation	3.8
Journal of Microbiology Immunology and Infection	3.8
Neurosurgery	3.8
American Educational Research Journal	3.8
Journal of Systems and Software	3.8
Journal of Neurotrauma	3.8
International Journal of Adaptive Control and Signal Processing	3.8
American Journal of Physiology-Lung Cellular and Molecular Physiology	3.8
Numerical Heat Transfer Part A-Applications	3.8
Faraday Discussions	3.8
Viruses-Basel	3.8
Transfer-European Review of Labour and Research	3.8
Polymers for Advanced Technologies	3.8
Journal of Health Economics	3.8
Journal of Mixed Methods Research	3.8
Journal of Microbiology	3.8
International Journal of Structural Stability and Dynamics	3.8
Journal of the Royal Statistical Society Series B-Statistical Methodology	3.8
Biochimica et Biophysica Acta-Molecular and Cell Biology of Lipids	3.8
Aquaculture Reports	3.8
Photosynthesis Research	3.8
Chemometrics and Intelligent Laboratory Systems	3.8
Journal of Advanced Nursing	3.8
Journal of Oral Rehabilitation	3.8
Journal of Bridge Engineering	3.8
Journal of Orthopaedic Surgery and Research	3.8
Health Research Policy and Systems	3.8
ZDM-Mathematics Education	3.8
Reading Research Quarterly	3.8
Educational Review	3.8
Endocrinology	3.8
Inventiones Mathematicae	3.8
Renal Failure	3.8
Stochastic Environmental Research and Risk Assessment	3.8
Journal of Inherited Metabolic Disease	3.8
Current Opinion in Biomedical Engineering	3.8
Smart Materials and Structures	3.8
Journal of Managerial Psychology	3.8
Annals of the American Association of Geographers	3.8
Annals of Surgical Oncology	3.8
North American Journal of Economics and Finance	3.8
Neonatology	3.8
European Journal of Ageing	3.8
Hormone Research in Paediatrics	3.8
Physics of Fluids	3.8
Frontiers in Psychiatry	3.8
Business & Society	3.8
Metabolic Brain Disease	3.8
Journalism Studies	3.8
European Journal of Finance	3.8
Journal of Intelligence	3.8
Environmental Communication-A Journal of Nature and Culture	3.8
Atmospheric Environment	3.8
Liver Transplantation	3.8
Systems	3.8
Asia-Pacific Psychiatry	3.8
Virus Evolution	3.8
Journal of Prosthodontic Research	3.8
World Journal of Emergency Medicine	3.8
Infrared Physics & Technology	3.8
Biofuels Bioproducts & Biorefining-Biofpr	3.8
Neuromolecular Medicine	3.8
Journal of Proteome Research	3.8
Government and Opposition	3.8
Journal of Biomedical Materials Research Part A	3.8
Exceptional Children	3.8
Internet Interventions-The Application of Information Technology in Mental and Behavioural Health	3.8
Space Weather-The International Journal of Research and Applications	3.8
European Journal of Pain	3.8
British Journal of Social Psychology	3.8
Seminars in Diagnostic Pathology	3.8
BMC Oral Health	3.8
BMC Medical Ethics	3.8
Online Information Review	3.8
Neurotoxicology	3.8
Psychiatric Clinics of North America	3.8
Geopolitics	3.8
Applied Physics Letters	3.8
IEEE Journal on Emerging and Selected Topics in Circuits and Systems	3.8
Journal of Geophysical Research-Atmospheres	3.8
Current Opinion in Clinical Nutrition and Metabolic Care	3.8
Current Epidemiology Reports	3.8
Journal of Sea Research	3.8
Open Forum Infectious Diseases	3.8
Pituitary	3.8
Nursing Outlook	3.8
Economic Change and Restructuring	3.8
Finite Elements in Analysis and Design	3.8
American Journal of Nephrology	3.8
Psychotherapy Research	3.8
EFSA Journal	3.8
Histopathology	3.8
Journal of Infrastructure Systems	3.8
Molecular Pain	3.8
Journal of Petrology	3.8
Journal of General Virology	3.8
Economy and Society	3.8
Journal of Luminescence	3.8
Transactions of the Institute of British Geographers	3.8
Journal of Bacteriology	3.8
Fire Safety Journal	3.8
Journal of Material Cycles and Waste Management	3.8
Carcinogenesis	3.8
Current Opinion in Critical Care	3.8
International Journal of Applied Linguistics	3.8
Frontiers in Psychology	3.8
Scientometrics	3.8
European Societies	3.8
ESC Heart Failure	3.8
Emotion	3.8
Proceedings of the Vldb Endowment	3.8
Diagnostics	3.8
Molecular Brain	3.8
Pathogens	3.8
Experimental Biology and Medicine	3.8
International Journal of Green Energy	3.7
Gifted Child Quarterly	3.7
Information Society	3.7
Child Abuse & Neglect	3.7
BMC Endocrine Disorders	3.7
BMC Palliative Care	3.7
Journal of Applied Physiology	3.7
Molecular Immunology	3.7
Neurotoxicology and Teratology	3.7
Current Problems in Cardiology	3.7
Journal of Medical Virology	3.7
Angle Orthodontist	3.7
Journal of Natural Products	3.7
Antipode	3.7
Gastroenterology Clinics of North America	3.7
BMC Medical Research Methodology	3.7
IEEE Journal of Photovoltaics	3.7
Journal of Geophysical Research-Biogeosciences	3.7
Neuroimmunomodulation	3.7
Materials	3.7
Soils and Foundations	3.7
Critical Policy Studies	3.7
Stress-The International Journal on the Biology of Stress	3.7
Applied Vegetation Science	3.7
Epigenetics	3.7
Hepatology Research	3.7
Review of International Organizations	3.7
Kidney Diseases	3.7
Global Ecology and Conservation	3.7
Journal of Comparative Policy Analysis	3.7
Pediatric Drugs	3.7
Journal of Happiness Studies	3.7
Clinical & Experimental Metastasis	3.7
SSM-Population Health	3.7
Solid State Ionics	3.7
Plant Molecular Biology	3.7
Evolving Systems	3.7
Journal of Rheumatology	3.7
Biotechnology Journal	3.7
Journal of Pharmacy and Pharmacology	3.7
Malaria Journal	3.7
Clinics in Perinatology	3.7
Sex Roles	3.7
Journal of Animal Ecology	3.7
Journal of Applied Electrochemistry	3.7
Spine	3.7
Comparative Political Studies	3.7
Macromolecular Research	3.7
Journal of Cataract and Refractive Surgery	3.7
Biodiversity and Conservation	3.7
Journal of Multilingual and Multicultural Development	3.7
Higher Education Research & Development	3.7
German Journal of Human Resource Management-Zeitschrift fuer Personalforschung	3.7
Breast Cancer	3.7
Journal of Flood Risk Management	3.7
Auditing-A Journal of Practice & Theory	3.7
European Journal of International Relations	3.7
Neuropsychobiology	3.7
Journal of Computing and Information Science in Engineering	3.7
Neuroethics	3.7
Management Learning	3.7
Mechanics Based Design of Structures and Machines	3.7
Neuromodulation	3.7
Journal of the Franklin Institute-Engineering and Applied Mathematics	3.7
Journal of Global Antimicrobial Resistance	3.7
Fashion and Textiles	3.7
Journal of Exercise Science & Fitness	3.7
Insect Science	3.7
Journal of Bioenergetics and Biomembranes	3.7
ZAMM-Zeitschrift fuer angewandte Mathematik und Mechanik	3.7
Clinical Therapeutics	3.7
Advances in Polymer Technology	3.7
Schizophrenia Research	3.7
Journal of Geophysical Research-Planets	3.7
Numerical Heat Transfer Part B-Fundamentals	3.7
Topics in Catalysis	3.7
Heteroatom Chemistry	3.7
International Journal of Pavement Engineering	3.7
European Physical Education Review	3.7
Philosophical Transactions of the Royal Society A-Mathematical Physical and Engineering Sciences	3.7
Journal of Cultural Heritage	3.7
Journal of Clinical Virology	3.7
Signal Processing	3.7
Measurement Science and Technology	3.7
Language Policy	3.7
International Journal of Rail Transportation	3.7
Food and Agricultural Immunology	3.7
Journal of Experimental Psychology-General	3.7
Hematology-American Society of Hematology Education Program	3.7
Integrative Zoology	3.7
International Journal of Finance & Economics	3.7
Review of Environmental Economics and Policy	3.7
Corrosion Reviews	3.7
Acta Astronautica	3.7
Journal of English for Academic Purposes	3.7
Cancer Epidemiology Biomarkers & Prevention	3.7
Annals of Statistics	3.7
Developmental Medicine and Child Neurology	3.7
Journal of Animal Science	3.7
Journal of Water and Climate Change	3.7
Journal of Food Protection	3.7
Journal of Chemical Physics	3.7
Pathology Research and Practice	3.7
Cell Transplantation	3.7
Biophysical Journal	3.7
International Journal of Food Sciences and Nutrition	3.7
International Journal of Advanced Manufacturing Technology	3.7
SLAS Technology	3.7
Advanced Synthesis & Catalysis	3.7
International Journal of Medical Sciences	3.7
Computational Materials Science	3.7
Molecular Ecology	3.7
International Journal of Gastronomy and Food Science	3.7
Vascular Pharmacology	3.7
International Journal of Managing Projects in Business	3.7
Journal of Neurogastroenterology and Motility	3.7
Emotion Review	3.7
Environmental Education Research	3.7
Parasites & Vectors	3.7
Work Aging and Retirement	3.7
Journal of Biochemical and Molecular Toxicology	3.6
IEEE Transactions on Electron Devices	3.6
Clinical Toxicology	3.6
Geological Society of America Bulletin	3.6
Geophysics	3.6
Nutrition Bulletin	3.6
Road Materials and Pavement Design	3.6
Archives of Medical Research	3.6
Journal of Breast Cancer	3.6
World Politics	3.6
Journal of Food Quality	3.6
Genomics	3.6
Digestive Endoscopy	3.6
Journal of Rheology	3.6
International Journal of Thermophysics	3.6
Dermatology	3.6
Policy and Internet	3.6
Information Communication & Society	3.6
International Journal of Tuberculosis and Lung Disease	3.6
Journal of Sustainable Cement-Based Materials	3.6
Personality Disorders-Theory Research and Treatment	3.6
Australian Critical Care	3.6
Solid State Sciences	3.6
Environmental Monitoring and Assessment	3.6
Brazilian Journal of Physical Therapy	3.6
Frontiers in Medicine	3.6
Environmental Engineering Research	3.6
Knowledge and Information Systems	3.6
Motivation Science	3.6
Biochemical Engineering Journal	3.6
Current Topics in Medicinal Chemistry	3.6
Journal of International Money and Finance	3.6
Chemistry-A European Journal	3.6
Journal of Sexual Medicine	3.6
Journal of Positive Psychology	3.6
Drug Metabolism and disPosition	3.6
Knowledge Management Research & Practice	3.6
Journal of Non-Crystalline Solids	3.6
Orphanet Journal of Rare Diseases	3.6
Journal of Pediatrics	3.6
IEEE Antennas and Propagation Magazine	3.6
Forensic Science International-Genetics	3.6
Expert Review of Clinical Pharmacology	3.6
Journal of Health and Social Behavior	3.6
Journal of Psychiatric Research	3.6
Journals of Gerontology Series B-Psychological Sciences and Social Sciences	3.6
Journal of Non-Equilibrium Thermodynamics	3.6
Basic & Clinical Pharmacology & Toxicology	3.6
Journal of Neurodevelopmental Disorders	3.6
Nanotoxicology	3.6
Postgraduate Medical Journal	3.6
Journal of Cross-Cultural Psychology	3.6
Microbiologyopen	3.6
Child Development	3.6
Journal of Diabetes Investigation	3.6
Applied Economic Perspectives and Policy	3.6
Energy Science & Engineering	3.6
Computing	3.6
Polymer Engineering and Science	3.6
International Journal for Numerical and Analytical Methods in Geomechanics	3.6
Advanced Engineering Materials	3.6
Clinics in Chest Medicine	3.6
Psychology and Aging	3.6
RSF-The Russell Sage Journal of the Social Sciences	3.6
Frontiers in Human Neuroscience	3.6
IEEE Signal Processing Letters	3.6
Philosophical Papers	3.6
Physical Review Materials	3.6
Physiological and Molecular Plant Pathology	3.6
Transplant International	3.6
Journal of Prosthodontics-Implant Esthetic and Reconstructive Dentistry	3.6
Proceedings of the Royal Society B-Biological Sciences	3.6
PLoS Neglected Tropical Diseases	3.6
Disease Models & Mechanisms	3.6
Biochimica et Biophysica Acta-Gene Regulatory Mechanisms	3.6
Enterprise Information Systems	3.6
Lubricants	3.6
ACM Transactions on Embedded Computing Systems	3.6
Physiology and Molecular Biology of Plants	3.6
Wind Energy	3.6
Human Factors	3.6
ACM Transactions on Storage	3.6
Journal of Bone Oncology	3.6
ACS Chemical Biology	3.6
Progress in Earth and Planetary Science	3.6
Archives of Medical Science	3.6
Virginia Law Review	3.6
Nutrition	3.6
Journal of Applied Phycology	3.6
Plant Foods for Human Nutrition	3.6
Journal of Clinical Neurology	3.6
Analyst	3.6
CRISPR Journal	3.6
European Political Science	3.6
American Journal of Obstetrics & Gynecology Mfm	3.6
Stem Cells International	3.6
Journal of Fluids and Structures	3.6
Environmental Toxicology and Chemistry	3.6
Animal Cells and Systems	3.6
Thermochimica Acta	3.6
IEEE Transactions on Terahertz Science and Technology	3.6
Toxicology and Applied Pharmacology	3.6
Journal of Dental Sciences	3.6
Journal of Applied Sport Psychology	3.6
Journal of Fashion Marketing and Management	3.6
Competition & Change	3.6
Journal of International Economic Law	3.6
Journal of Food Measurement and Characterization	3.6
Energy Technology	3.6
Cytokine	3.6
Clinical and Translational Gastroenterology	3.6
Neurophotonics	3.6
Information Technology & Management	3.6
Medicine Health Care and Philosophy	3.6
Current Pharmaceutical Analysis	3.6
Molecular Breeding	3.6
Breast Cancer-Targets and Therapy	3.6
International Journal of Industrial Ergonomics	3.6
Cognitive Research-Principles and Implications	3.6
Journal of Neurologic Physical Therapy	3.6
Radiation Oncology	3.6
Social Cognitive and Affective Neuroscience	3.6
Computer Vision and Image Understanding	3.6
Women and Birth	3.6
Journal of Hospitality Leisure Sport & Tourism Education	3.6
Methods	3.6
Annals of Epidemiology	3.6
Jornal Brasileiro de Pneumologia	3.6
Journal of Asian Economics	3.6
Environment	3.6
International Journal of Lean Six Sigma	3.6
Plastic and Reconstructive Surgery	3.6
European Journal of Oncology Nursing	3.6
Security Studies	3.6
Journal of Taibah University for Science	3.6
Chemical Geology	3.6
Journal of Soil Science and Plant Nutrition	3.6
British Journal of Haematology	3.6
British Journal of Psychology	3.6
Mathematical Finance	3.6
Frontiers in Systems Neuroscience	3.6
Clinical Oral Investigations	3.6
Journal of Separation Science	3.6
Soil Use and Management	3.6
Health Promotion International	3.6
Journal of Clinical Nursing	3.6
Group & Organization Management	3.6
Clinical and Translational Radiation Oncology	3.6
Journal of Network and Systems Management	3.6
Nutrition Research	3.6
Canadian Journal of Anesthesia-Journal Canadien d'Anesthesie	3.6
Scandinavian Journal of Trauma Resuscitation & Emergency Medicine	3.6
IEEE Transactions on Computer-Aided Design of Integrated Circuits and Systems	3.6
Crystal Growth & Design	3.6
Cognitive Affective & Behavioral Neuroscience	3.6
CBE-Life Sciences Education	3.6
Journal of Neuromuscular Diseases	3.5
Radiation Physics and Chemistry	3.5
International Journal for Parasitology-Drugs and Drug Resistance	3.5
Perspectives on Medical Education	3.5
Metacognition and Learning	3.5
Chinese Journal of Chemical Engineering	3.5
EJNMMI Physics	3.5
International Transactions in Operational Research	3.5
AI Magazine	3.5
Mycotoxin Research	3.5
Journal of Vibration Engineering & Technologies	3.5
Neurologic Clinics	3.5
Acta Obstetricia et Gynecologica Scandinavica	3.5
ACM Sigcomm Computer Communication Review	3.5
Journal of Cosmetic Dermatology	3.5
Water Air and Soil Pollution	3.5
Political Behavior	3.5
Protein Engineering Design & Selection	3.5
Journal of Cardiology	3.5
American Journal of Neuroradiology	3.5
EJSO	3.5
Cardiovascular Drugs and Therapy	3.5
Journal of Biomaterials Science-Polymer Edition	3.5
Journal of Supercomputing	3.5
Software-Practice & Experience	3.5
Medical Mycology	3.5
Cell Biochemistry and Function	3.5
Rheumatology International	3.5
Metabolomics	3.5
Pattern Recognition Letters	3.5
Journal of Reproductive Immunology	3.5
World Journal of Biological Psychiatry	3.5
Mathematical and Computer Modelling of Dynamical Systems	3.5
Journal of Nanoparticle Research	3.5
Language Learning	3.5
Journal of Diabetes Research	3.5
Limnology and Oceanography	3.5
Photonics and Nanostructures-Fundamentals and Applications	3.5
American Journal of Therapeutics	3.5
Journal of Biogeography	3.5
ChemMedChem	3.5
Atomic Data and Nuclear Data Tables	3.5
Journal of Manufacturing Science and Engineering-Transactions of the Asme	3.5
Journal of Peace Research	3.5
Diagnostic Pathology	3.5
Photochemical & Photobiological Sciences	3.5
Journal of Land Use Science	3.5
Journal of Social Issues	3.5
Journal of Counseling Psychology	3.5
IUCrJ	3.5
Cancer Medicine	3.5
Environmental Science-Water Research & Technology	3.5
Public Health	3.5
European Journal of Clinical Pharmacology	3.5
Minerva Anestesiologica	3.5
Communications on Pure and Applied Mathematics	3.5
Journal of the Electrochemical Society	3.5
BMC Pharmacology & Toxicology	3.5
Plasma Sources Science & Technology	3.5
Plasma Chemistry and Plasma Processing	3.5
Applied Geochemistry	3.5
Human & Experimental Toxicology	3.5
Neuromuscular Disorders	3.5
Journal of Intelligent Information Systems	3.5
Social Psychiatry and Psychiatric Epidemiology	3.5
Building Research and Information	3.5
Fractal and Fractional	3.5
Research in Engineering Design	3.5
Carbon Management	3.5
Fungal Ecology	3.5
Ecological Modelling	3.5
Journal of Meteorological Research	3.5
Micromachines	3.5
Water	3.5
Therapeutic Advances in Urology	3.5
Journal of Sustainable Metallurgy	3.5
Experimental Cell Research	3.5
RIED-Revista Iberoamericana de Educacion A Distancia	3.5
Journal of Polymer Materials	3.5
Journal of the European Economic Association	3.5
Geoforum	3.5
Aquaculture International	3.5
Bioorganic & Medicinal Chemistry	3.5
Journal of Research on Technology in Education	3.5
Vadose Zone Journal	3.5
Clinics in Dermatology	3.5
Molecular Carcinogenesis	3.5
American Journal of Science	3.5
Peptides	3.5
Journal of Food Process Engineering	3.5
Polymer-Plastics Technology and Materials	3.5
Environmental & Resource Economics	3.5
Applied Intelligence	3.5
Journal of Public Health	3.5
Experimental Thermal and Fluid Science	3.5
International Journal of Chemical Engineering	3.5
Journal of Radiation Research and Applied Sciences	3.5
Applied Ergonomics	3.5
Demography	3.5
Archives of Biochemistry and Biophysics	3.5
Archives of Disease in Childhood-Fetal and Neonatal Edition	3.5
Beilstein Journal of Nanotechnology	3.5
Journal of Polymer Research	3.5
Tribology Letters	3.5
Review Journal of Autism and Developmental Disorders	3.5
Applications in Plant Sciences	3.5
International Journal of Biochemistry & Cell Biology	3.5
Calcified Tissue International	3.5
Communications in Theoretical Physics	3.5
Development and Psychopathology	3.5
Journal of Energy & Natural Resources Law	3.5
Frontiers in Materials	3.5
Engineering Analysis With Boundary Elements	3.5
Separations	3.5
FEMS Yeast Research	3.5
European Journal of Population-Revue Europeenne de Demographie	3.5
Current Drug Targets	3.5
Diabetes Metabolic Syndrome and Obesity-Targets and Therapy	3.5
Multivariate Behavioral Research	3.5
Journal of Microelectromechanical Systems	3.5
Journal of Marriage and Family	3.5
Progress in Physical Geography-Earth and Environment	3.5
Policy and Politics	3.5
Medicinal Chemistry Research	3.5
Cellular and Molecular Bioengineering	3.5
Archiv der Pharmazie	3.5
Current History	3.5
Photogrammetric Record	3.5
Drug and Alcohol Dependence	3.5
Aslib Journal of Information Management	3.5
Immunity Inflammation and Disease	3.5
Cell Biology International	3.5
Exposure and Health	3.5
Journal of Mental Health	3.5
Health Policy and Planning	3.5
Applied Biochemistry and Biotechnology	3.5
Physical Review Physics Education Research	3.5
Journal of Memory and Language	3.5
Coral Reefs	3.5
Rural and Remote Health	3.5
Journal of Critical Care	3.5
Frontiers in Neurorobotics	3.5
Science and Medicine in Football	3.5
Structural Equation Modeling-A Multidisciplinary Journal	3.5
Research and Practice in Thrombosis and Haemostasis	3.5
Eating Disorders	3.5
Journal of Gastroenterology and Hepatology	3.5
Spectrochimica Acta Part B-Atomic Spectroscopy	3.5
Current Opinion in Endocrinology Diabetes and Obesity	3.5
Perspectives on Politics	3.5
Innate Immunity	3.5
Flexible Services and Manufacturing Journal	3.5
Tectonics	3.5
Pigment Cell & Melanoma Research	3.5
Land	3.5
Beneficial Microbes	3.5
Vaccines	3.5
Journal of Applied Research on Medicinal and Aromatic Plants	3.4
AAPS Journal	3.4
Journal of Microbiology and Biotechnology	3.4
Research in Social & Administrative Pharmacy	3.4
Healthcare	3.4
Health Policy and Technology	3.4
Processes	3.4
Frontiers in Oncology	3.4
International Journal of Sediment Research	3.4
Visual Computer	3.4
International Journal of Environmental Science and Technology	3.4
Dermatologic Clinics	3.4
Genetic Epidemiology	3.4
Korean Circulation Journal	3.4
Thrombosis Research	3.4
Reproduction	3.4
Annales d'Endocrinologie	3.4
Structural Concrete	3.4
Marketing Theory	3.4
Journal of Parallel and Distributed Computing	3.4
Reproductive Health	3.4
American Heart Journal	3.4
Journal of the Royal Society Interface	3.4
Archives of Disease in Childhood	3.4
Earthquake Engineering and Engineering Vibration	3.4
Sport Exercise and Performance Psychology	3.4
Transportation Letters-The International Journal of Transportation Research	3.4
Qualitative Research in Sport Exercise and Health	3.4
Desalination and Water Treatment	3.4
Health Economics Review	3.4
South European Society and Politics	3.4
Sedimentology	3.4
Cancer Prevention Research	3.4
Psychology of Sexual Orientation and Gender Diversity	3.4
Energy Efficiency	3.4
Vaccine	3.4
New Zealand Journal of Botany	3.4
Cardiovascular and Interventional Radiology	3.4
Investigational New Drugs	3.4
Movement Disorders Clinical Practice	3.4
International Journal of Systems Science-Operations & Logistics	3.4
Trends in Hearing	3.4
Frontiers in Marine Science	3.4
Journal of Alzheimers Disease	3.4
Multidiscipline Modeling in Materials and Structures	3.4
Inorganics	3.4
Journal of Housing and the Built Environment	3.4
Horticulturae	3.4
International Environmental Agreements-Politics Law and Economics	3.4
Advances in Health Sciences Education	3.4
Journal of Adhesion Science and Technology	3.4
Journal of Medical Genetics	3.4
Computational Biology and Chemistry	3.4
Digital Signal Processing	3.4
Complementary Therapies in Clinical Practice	3.4
Best Practice & Research Clinical Haematology	3.4
Molecular and Cellular Neuroscience	3.4
Journal of Food Science and Technology-Mysore	3.4
Psychoneuroendocrinology	3.4
International Journal of Emerging Markets	3.4
Human Genetics	3.4
International Journal of Methods in Psychiatric Research	3.4
Anthropocene Review	3.4
Andrology	3.4
Digestion	3.4
Molecular Oral Microbiology	3.4
Phytochemistry	3.4
Clinical & Translational Immunology	3.4
Irrigation Science	3.4
Journal of Thermal Spray Technology	3.4
Marine Environmental Research	3.4
Plant Biology	3.4
Quality of Life Research	3.4
Cognitive Behaviour Therapy	3.4
Global Health Action	3.4
Journal of Epidemiology and Community Health	3.4
British Journal of Radiology	3.4
Network Neuroscience	3.4
Nutrition & Dietetics	3.4
Mycoses	3.4
Hypertension in Pregnancy	3.4
Theoretical and Computational Fluid Dynamics	3.4
Indian Journal of Dermatology Venereology & Leprology	3.4
Vasa-European Journal of Vascular Medicine	3.4
Science and Engineering Ethics	3.4
Biomedical Engineering Letters	3.4
Tourism Economics	3.4
Magnetic Resonance in Medical Sciences	3.4
International Journal of Geomechanics	3.4
Journal of Cancer Survivorship	3.4
Journal of the American Medical Directors Association	3.4
Biochimie	3.4
Potato Research	3.4
Optics Express	3.4
Journal of Clinical Sleep Medicine	3.4
Translational Lung Cancer Research	3.4
Computer Animation and Virtual Worlds	3.4
Journal of Coatings Technology and Research	3.4
Infection and Immunity	3.4
Journal of Pharmaceutical and Biomedical Analysis	3.4
Clinical Psychopharmacology and Neuroscience	3.4
Journal of Arid Land	3.4
Journal of Leukocyte Biology	3.4
Experimental Dermatology	3.4
Worlds Poultry Science Journal	3.4
Active Learning in Higher Education	3.4
Expert Opinion on Pharmacotherapy	3.4
Journal of Traumatic Stress	3.4
Journal of Hospital Infection	3.4
Dermatitis	3.4
Reproductive Toxicology	3.4
Journal of Guidance Control and Dynamics	3.4
Health Technology Assessment	3.4
Advances in Nonlinear Analysis	3.4
Social Psychological and Personality Science	3.4
Computational Particle Mechanics	3.4
Journal of Neuro-Oncology	3.4
Journal of International Relations and Development	3.4
Korean Journal of Chemical Engineering	3.4
Health Expectations	3.4
Virus Research	3.4
Annals of Public and Cooperative Economics	3.4
Clinical Neurophysiology	3.4
Superconductor Science & Technology	3.4
Empirical Software Engineering	3.4
Ionics	3.4
International Immunology	3.4
Nature and Science of Sleep	3.4
Journal of Metamorphic Geology	3.4
Psychology and Psychotherapy-Theory Research and Practice	3.4
Journal of Stored Products Research	3.4
Journal of Shoulder and Elbow Surgery	3.4
Journal of Cancer	3.4
Journal of Fluorescence	3.4
Journal of Research in Personality	3.4
Clinical Research in Cardiology	3.4
Acta Orthopaedica	3.4
International Breastfeeding Journal	3.4
Current Opinion in HIV and AIDS	3.4
Substance Abuse Treatment Prevention and Policy	3.4
Journal of Consumer Affairs	3.4
Environmental Management	3.4
BMC Sports Science Medicine and Rehabilitation	3.4
Human Communication Research	3.4
Transnational Environmental Law	3.4
Pathogens and Global Health	3.4
Psychology of Women Quarterly	3.4
Endocrine Connections	3.4
International Journal of Non-Linear Mechanics	3.4
Phytopathology	3.4
Evolutionary Anthropology	3.4
Carbohydrate Research	3.4
Quarterly Review of Economics and Finance	3.4
Supportive Care in Cancer	3.4
European Journal of Forest Research	3.4
Epilepsia Open	3.4
Frontiers in Behavioral Neuroscience	3.4
Bulletin of Indonesian Economic Studies	3.4
Obesity Surgery	3.4
Expert Systems	3.4
Journal of Atherosclerosis and Thrombosis	3.4
Coatings	3.4
Ticks and Tick-Borne Diseases	3.4
Neural Plasticity	3.4
Archives of Microbiology	3.4
Molecular and Cellular Endocrinology	3.4
European Political Science Review	3.4
Paediatric Respiratory Reviews	3.4
Buildings	3.4
Ophthalmic and Physiological Optics	3.4
Brain Sciences	3.4
Journal of Physical Chemistry C	3.4
Environmental Policy and Governance	3.4
European Journal of Cardio-Thoracic Surgery	3.3
Life Sciences in Space Research	3.3
Comparative Migration Studies	3.3
Operations Research Perspectives	3.3
Emerging Markets Finance and Trade	3.3
European Security	3.3
Economics of Transportation	3.3
International Journal of Sports Physiology and Performance	3.3
Gender Work and Organization	3.3
Neurosurgical Focus	3.3
Journal of Transport & Health	3.3
International Journal of Sustainability in Higher Education	3.3
Research on Chemical Intermediates	3.3
BMC Health Services Research	3.3
Diabetic Medicine	3.3
PPAR Research	3.3
Journal of Neuropsychiatry and Clinical Neurosciences	3.3
Ear and Hearing	3.3
Sexual and Reproductive Health Matters	3.3
Toxicological Research	3.3
Journal of King Saud University Science	3.3
IEEE Transactions on Components Packaging and Manufacturing Technology	3.3
Journal of Geophysical Research-Oceans	3.3
Sociology-The Journal of the British Sociological Association	3.3
Journal of Food and Drug Analysis	3.3
Botanical Studies	3.3
Journal of Ethnic and Migration Studies	3.3
Adipocyte	3.3
Bioenergy Research	3.3
HPB	3.3
Journal of Telemedicine and Telecare	3.3
Materials Testing	3.3
Breast Cancer Research and Treatment	3.3
Respiratory Medicine	3.3
International Journal of Food Science and Technology	3.3
International Journal for Numerical Methods in Engineering	3.3
Earth and Space Science	3.3
Algae	3.3
Journal of Integrative Neuroscience	3.3
Journal of Basic Microbiology	3.3
Journal of Insects As Food and Feed	3.3
Annals of Forest Science	3.3
Journal of Business and Technical Communication	3.3
Journal of Pacific Rim Psychology	3.3
Journal of Neuropathology and Experimental Neurology	3.3
Dalton Transactions	3.3
Journal of Organic Chemistry	3.3
Geographical Research	3.3
Population Health Metrics	3.3
American Ethnologist	3.3
Journal of Psychosomatic Research	3.3
Eksploatacja i Niezawodnosc-Maintenance and Reliability	3.3
Journal of Contemporary Accounting & Economics	3.3
Psychopharmacology	3.3
Pediatric Research	3.3
Development and Change	3.3
Inorganica Chimica Acta	3.3
Economic Journal	3.3
Therapeutic Advances in Drug Safety	3.3
British Educational Research Journal	3.3
Journal of Plant Nutrition and Soil Science	3.3
Journal of Eukaryotic Microbiology	3.3
Journal of Analytical Atomic Spectrometry	3.3
Proteins-Structure Function and Bioinformatics	3.3
Journal of Managed Care & Specialty Pharmacy	3.3
Adsorption-Journal of the International Adsorption Society	3.3
Tobacco Control	3.3
Surgical Endoscopy and Other Interventional Techniques	3.3
Agricultural & Environmental Letters	3.3
Ecosystems	3.3
BioEssays	3.3
Immunology and Cell Biology	3.3
Public Administration and Development	3.3
Insect Molecular Biology	3.3
European Sociological Review	3.3
Quaternary Science Reviews	3.3
Insect Conservation and Diversity	3.3
Natural Hazards Review	3.3
Journal of Physiological Sciences	3.3
Rapid Prototyping Journal	3.3
Geochemistry Geophysics Geosystems	3.3
American Journal of Alzheimers Disease and Other Dementias	3.3
Journal of Hydrometeorology	3.3
IEEE Industrial Electronics Magazine	3.3
Topics in Cognitive Science	3.3
Integrated Environmental Assessment and Management	3.3
IEEE Internet Computing	3.3
Deep-Sea Research Part II-Topical Studies in Oceanography	3.3
Water Resources and Economics	3.3
Journal of Vegetation Science	3.3
Asian Business & Management	3.3
BMC Womens Health	3.3
Personality and Social Psychology Bulletin	3.3
Tourist Studies	3.3
Planning Theory	3.3
Optics Letters	3.3
Journal of Sport & Social Issues	3.3
Journal of Parenteral and Enteral Nutrition	3.3
Australian Dental Journal	3.3
BMC Neuroscience	3.3
Journal of Neuroradiology	3.3
Journal of Human Evolution	3.3
Antiviral Therapy	3.3
Quarterly Journal of the Royal Meteorological Society	3.3
Sedimentary Geology	3.3
Journal of Human Hypertension	3.3
International Journal of Psychophysiology	3.3
Flow Measurement and Instrumentation	3.3
Microelectronic Engineering	3.3
Asia-Pacific Journal of Oncology Nursing	3.3
Journal of Pharmacokinetics and Pharmacodynamics	3.3
Crop Protection	3.3
Journal of Educational Change	3.3
Journal of Asthma and Allergy	3.3
European Journal of Teacher Education	3.3
Monthly Weather Review	3.3
Requirements Engineering	3.3
Multibody System Dynamics	3.3
International Journal of Cardiology	3.3
International Journal of Corpus Linguistics	3.3
Journal of Cancer Research and Clinical Oncology	3.3
Journal of Mechanical Design	3.3
Journal of Biomedical Optics	3.3
Journal of the Atmospheric Sciences	3.3
Psychiatric Services	3.3
Journal of Economic Policy Reform	3.3
Organic Process Research & Development	3.3
Best Practice & Research-Clinical Anaesthesiology	3.3
Journal of Nuclear Materials	3.3
CNS & Neurological Disorders-Drug Targets	3.3
Journal of Personality	3.3
Neuroscience	3.3
Chaos	3.3
Chemical Biology & Drug Design	3.3
Expert Review of Gastroenterology & Hepatology	3.3
Expert Review of Respiratory Medicine	3.3
Journal of Plant Interactions	3.3
Metallurgical and Materials Transactions B-Process Metallurgy and Materials Processing Science	3.3
Environmental Earth Sciences	3.3
Journal of Advertising Research	3.3
Psychotherapy	3.3
Journal of the Pediatric Infectious Diseases Society	3.3
Physical Therapy	3.3
International Journal for Parasitology	3.3
International Studies Quarterly	3.3
Journal of Head Trauma Rehabilitation	3.3
Journal of European Integration	3.3
Cellular Immunology	3.3
Journal of Soils and Sediments	3.3
Neurology-Genetics	3.3
International Journal of Educational Research	3.3
Archives of Pathology & Laboratory Medicine	3.3
Journal of Career Assessment	3.3
World Journal of Urology	3.3
Frontiers in Computational Neuroscience	3.3
SLAS Discovery	3.3
Frontiers in Neurology	3.3
IEEE Transactions on Dielectrics and Electrical Insulation	3.3
Physica A-Statistical Mechanics and Its Applications	3.3
International Journal of Geriatric Psychiatry	3.3
Biological Psychology	3.3
Earth Planets and Space	3.3
Genome Biology and Evolution	3.3
Cardiovascular Toxicology	3.3
Therapeutic Advances in Musculoskeletal Disease	3.3
Australian Journal of Grape and Wine Research	3.3
Organization	3.3
Future Medicinal Chemistry	3.3
Journal of Clinical Medicine	3.3
Dendrochronologia	3.2
Journal of Korean Medical Science	3.2
Annual Review of Law and Social Science	3.2
International Journal of Clinical Pharmacy	3.2
Journal of Urban Health-Bulletin of the New York Academy of Medicine	3.2
Icarus	3.2
Journal of Materials in Civil Engineering	3.2
Physica B-Condensed Matter	3.2
Magnetic Resonance in Medicine	3.2
Psychophysiology	3.2
Animal Bioscience	3.2
Fire-Switzerland	3.2
Law and Human Behavior	3.2
Measurement and Evaluation in Counseling and Development	3.2
Progress in Nuclear Energy	3.2
Drying Technology	3.2
AIAA Journal	3.2
Journal of Rural Health	3.2
Theoretical and Applied Climatology	3.2
Journal of Mechanisms and Robotics-Transactions of the Asme	3.2
SIAM Journal on Numerical Analysis	3.2
Developmental Science	3.2
Coastal Engineering Journal	3.2
Journal of Building Performance Simulation	3.2
European Journal of Clinical Nutrition	3.2
Neurologia i Neurochirurgia Polska	3.2
International Journal of Business Communication	3.2
Journal of Web Semantics	3.2
Transplantation Reviews	3.2
Neuroscience Research	3.2
Immunology Letters	3.2
Qualitative Theory of Dynamical Systems	3.2
Mechatronics	3.2
Current Pharmaceutical Design	3.2
Infection and Drug Resistance	3.2
DNA Repair	3.2
Geomorphology	3.2
Advanced Therapeutics	3.2
Journal of Texture Studies	3.2
Public Personnel Management	3.2
Electrocatalysis	3.2
Journal of Physical Chemistry B	3.2
Urban Ecosystems	3.2
International Political Sociology	3.2
International Journal of Polymeric Materials and Polymeric Biomaterials	3.2
Advances in Production Engineering & Management	3.2
Preventive Medicine	3.2
Journal of Experimental Social Psychology	3.2
Social Studies of Science	3.2
Infectious Agents and Cancer	3.2
Journal of Thermal Biology	3.2
European Eating Disorders Review	3.2
Journal of Black Psychology	3.2
Outlook on Agriculture	3.2
Kybernetes	3.2
Pflugers Archiv-European Journal of Physiology	3.2
Duke Mathematical Journal	3.2
Briefings in Functional Genomics	3.2
International Review of Administrative Sciences	3.2
Politics & Society	3.2
European Journal of Communication	3.2
Biology of Reproduction	3.2
Cardiology in Review	3.2
Journal of Education Policy	3.2
Brain Research	3.2
Employee Relations	3.2
Advances in Space Research	3.2
European Spine Journal	3.2
Current Medicinal Chemistry	3.2
Seminars in Oncology Nursing	3.2
Clinical Journal of Pain	3.2
Academic Emergency Medicine	3.2
European Planning Studies	3.2
Annals of Gastroenterological Surgery	3.2
Archives of Womens Mental Health	3.2
Porcine Health Management	3.2
Molecular Biology Reports	3.2
Safety and Health at Work	3.2
Frontiers of Structural and Civil Engineering	3.2
Social Indicators Research	3.2
Aeolian Research	3.2
Greenhouse Gases-Science and Technology	3.2
Animals	3.2
Occupational and Environmental Medicine	3.2
Surgery for Obesity and Related Diseases	3.2
ISPRS International Journal of Geo-Information	3.2
Journal of Thermal Science	3.2
Machining Science and Technology	3.2
Hellenic Journal of Cardiology	3.2
E-Polymers	3.2
Molecular and Cellular Probes	3.2
Journal of Public Economics	3.2
International Journal of Climatology	3.2
Seminars in Perinatology	3.2
Journal of Systematics and Evolution	3.2
Wood Science and Technology	3.2
Fatigue & Fracture of Engineering Materials & Structures	3.2
Journal of Endourology	3.2
Political Psychology	3.2
HIV Medicine	3.2
Media Culture & Society	3.2
International Journal of Sports Marketing & Sponsorship	3.2
Journal of Turbomachinery-Transactions of the Asme	3.2
BMC Anesthesiology	3.2
BMC Gastroenterology	3.2
BMC Infectious Diseases	3.2
Cardiorenal Medicine	3.2
Journal of Integrated Pest Management	3.2
Biomedical Optics Express	3.2
Society and Mental Health	3.2
Middle East Critique	3.2
Surgery	3.2
Australian Journal of International Affairs	3.2
Nutrient Cycling in Agroecosystems	3.2
Ultraschall in der Medizin	3.2
Frontiers in Ecology and Evolution	3.2
Metrologia	3.2
American Journal of Cardiovascular Drugs	3.2
Archives of Physiology and Biochemistry	3.2
Journal of Immunology Research	3.2
Agroforestry Systems	3.2
Applied Mathematics and Computation	3.2
Journal of Management & Organization	3.2
Clinical Neuroradiology	3.2
IUBMB Life	3.2
International Journal of Conflict Management	3.2
Meteoritics & Planetary Science	3.2
Journal of Attention Disorders	3.2
Chemistry-An Asian Journal	3.2
Cognitive and Behavioral Practice	3.2
Journal of Occupational Medicine and Toxicology	3.2
Journal of General Physiology	3.2
Journal of Physics D-Applied Physics	3.2
Journal of Politics	3.2
Journal of Glaciology	3.2
Medical Physics	3.2
Nonlinear Analysis-Hybrid Systems	3.2
Journal of the American College of Surgeons	3.2
Journal of Research in Crime and Delinquency	3.2
Molecular Biotechnology	3.2
Communications in Computational Physics	3.2
Journal of Diabetes and Its Complications	3.2
Journal of Solid State Chemistry	3.2
Cortex	3.2
Palaeontology	3.2
Animal Feed Science and Technology	3.2
Computer-Aided Design	3.2
Journal of Emergency Nursing	3.2
Informatica	3.2
Electronic Journal of Biotechnology	3.2
International Journal of Medical Microbiology	3.2
Amino Acids	3.2
International Journal of Public Health	3.2
Seminars in Respiratory and Critical Care Medicine	3.2
School Psychology International	3.2
Archivum Immunologiae et Therapiae Experimentalis	3.2
Plasma Processes and Polymers	3.2
Journal of Agronomy and Crop Science	3.2
Systematic and Applied Microbiology	3.2
IEEE Transactions on Very Large Scale Integration (VLSI) Systems	3.2
Journal of Materials Science-Materials in Electronics	3.2
European Journal of Clinical Microbiology & Infectious Diseases	3.2
Seminars in Nephrology	3.2
Journal of Adolescence	3.2
European Sport Management Quarterly	3.2
Advanced Theory and Simulations	3.2
Neobiota	3.2
Environment and Planning E-Nature and Space	3.2
BMJ Sexual & Reproductive Health	3.2
Journal of Marine Science and Engineering	3.2
IET Renewable Power Generation	3.2
Current Urology Reports	3.2
Evolutionary Applications	3.2
Molecular Systems Design & Engineering	3.2
Peer-to-Peer Networking and Applications	3.2
Food and Chemical Toxicology	3.2
Industrial and Organizational Psychology-Perspectives on Science and Practice	3.2
Pain Physician	3.2
Nursing Inquiry	3.2
Behavioral Sciences	3.2
Chemistry and Ecology	3.2
Democratization	3.2
Journal of Molecular Graphics & Modelling	3.1
MIS Quarterly Executive	3.1
Experimental Eye Research	3.1
FEBS Letters	3.1
Folia Microbiologica	3.1
Journal of Contextual Behavioral Science	3.1
Geographical Journal	3.1
Journal of Vascular Surgery-Venous and Lymphatic Disorders	3.1
Research-Technology Management	3.1
Prenatal Diagnosis	3.1
Journal of Engineering Mechanics	3.1
Immunopharmacology and Immunotoxicology	3.1
European Management Review	3.1
Cerebellum	3.1
BMC Cardiovascular Disorders	3.1
Research in Science Education	3.1
Journal of Intelligent & Robotic Systems	3.1
American Journal of Pharmaceutical Education	3.1
Chinese Journal of Integrative Medicine	3.1
Sports Health-A Multidisciplinary Approach	3.1
Tissue & Cell	3.1
Media and Communication	3.1
ChemPlusChem	3.1
Nutritional Neuroscience	3.1
Bulletin of the Seismological Society of America	3.1
Journal of Physics G-Nuclear and Particle Physics	3.1
Pain Research & Management	3.1
Psychopathology	3.1
South African Journal of Botany	3.1
Journal of Medical Economics	3.1
Clinical Drug Investigation	3.1
Journal of Neuroimmunology	3.1
Economic Systems Research	3.1
Journal of Pain Research	3.1
International Journal of Sustainable Transportation	3.1
Immunobiology	3.1
Journal of Environmental Education	3.1
Journal of Vascular and Interventional Radiology	3.1
Journal of Housing Economics	3.1
Australian Journal of Management	3.1
Free Radical Research	3.1
Diabetes & Vascular Disease Research	3.1
BMC Veterinary Research	3.1
Future Oncology	3.1
Cancer Control	3.1
Scandinavian Journal of Hospitality and Tourism	3.1
Qualitative Health Research	3.1
Journal of Infrared Millimeter and Terahertz Waves	3.1
Journal of Soil and Water Conservation	3.1
Current Problems in Surgery	3.1
Decision Sciences	3.1
Open Biology	3.1
Nursing Open	3.1
Journal of Applied Polymer Science	3.1
Cognition	3.1
Columbia Law Review	3.1
Tropical Medicine and Infectious Disease	3.1
International Dairy Journal	3.1
Mutagenesis	3.1
Journal of Contemporary China	3.1
Acta Diabetologica	3.1
British Journal for the Philosophy of Science	3.1
Journal of Steroid Biochemistry and Molecular Biology	3.1
British Journal of Nutrition	3.1
Methodology-European Journal of Research Methods for the Behavioral and Social Sciences	3.1
Journal of Solid State Electrochemistry	3.1
Yonsei Medical Journal	3.1
Fuel Cells	3.1
Toxicology Letters	3.1
Policy Studies	3.1
Hydrological Processes	3.1
Seizure-European Journal of Epilepsy	3.1
European Journal of Health Economics	3.1
AEU-International Journal of Electronics and Communications	3.1
Journal of Pediatric Gastroenterology and Nutrition	3.1
Magnetic Resonance Materials in Physics Biology and Medicine	3.1
Journal of Periodontal and Implant Science	3.1
Cell and Tissue Research	3.1
Oral Diseases	3.1
Journal of Proteomics	3.1
Genes	3.1
Meteorological Applications	3.1
Metals	3.1
Medical Microbiology and Immunology	3.1
Journal of Psychiatric and Mental Health Nursing	3.1
Rheumatology and Therapy	3.1
Nuclear Medicine and Biology	3.1
Medical Law Review	3.1
ACM Journal on Computing and Cultural Heritage	3.1
Intelligence	3.1
Patient Education and Counseling	3.1
Experimental Heat Transfer	3.1
Journal of Food Processing and Preservation	3.1
Welding in the World	3.1
Social Science Research	3.1
Electronic Materials Letters	3.1
Journal of Inorganic Biochemistry	3.1
Analytical Biochemistry	3.1
Vibrational Spectroscopy	3.1
Management and Organization Review	3.1
Life Science Alliance	3.1
Advances in Condensed Matter Physics	3.1
Immunology and Allergy Clinics of North America	3.1
Hematology-Oncology Clinics of North America	3.1
BMC Emergency Medicine	3.1
Fuzzy Sets and Systems	3.1
BMC Pregnancy and Childbirth	3.1
BMC Pulmonary Medicine	3.1
British Journal of Health Psychology	3.1
Psychological Assessment	3.1
Forests	3.1
Animal Conservation	3.1
3 Biotech	3.1
Current Opinion in Ophthalmology	3.1
Games for Health Journal	3.1
Global Spine Journal	3.1
EPJ Data Science	3.1
Career Development International	3.1
IEEE Transactions on Haptics	3.1
Journal of Agricultural Engineering	3.1
Environment and Planning D-Society & Space	3.1
Language and Education	3.1
Journal of Sports Sciences	3.1
Molecular Microbiology	3.1
Journal of Responsible Innovation	3.1
Cogent Food & Agriculture	3.1
Structure and Infrastructure Engineering	3.1
International Journal of Fuzzy Systems	3.1
Journal of the Association of Environmental and Resource Economists	3.1
Frontiers in Veterinary Science	3.1
Review of International Studies	3.1
Journal of Applied Toxicology	3.1
Journal of Molecular Endocrinology	3.1
Current Drug Delivery	3.1
Applied Health Economics and Health Policy	3.1
Fibers and Polymers	3.1
Platelets	3.1
LGBT Health	3.1
Journal of Mammary Gland Biology and Neoplasia	3.1
Molecular Informatics	3.1
Journal of the Neurological Sciences	3.1
Anaerobe	3.1
Epigenomics	3.1
Child Maltreatment	3.1
Cost Effectiveness and Resource Allocation	3.1
World Trade Review	3.1
International Journal of Robust and Nonlinear Control	3.1
Journal of Neuroscience Research	3.1
Diseases of the Colon & Rectum	3.1
Technological and Economic Development of Economy	3.1
Physics in Medicine and Biology	3.1
Physiotherapy	3.1
AoB Plants	3.1
Fisheries	3.1
Polymer Journal	3.1
Journal of the European Mathematical Society	3.1
Urban Geography	3.1
Resource and Energy Economics	3.1
Kaohsiung Journal of Medical Sciences	3.1
Transport	3.1
Ocean Modelling	3.1
Archive of Applied Mechanics	3.1
Economic Systems	3.1
Seminars in Ophthalmology	3.1
Current Opinion in Nephrology and Hypertension	3.1
Human Molecular Genetics	3.1
Psychonomic Bulletin & Review	3.1
Placenta	3.1
Journal of Microencapsulation	3.1
Universal Access in the Information Society	3.1
Medical & Biological Engineering & Computing	3.1
PFG-Journal of Photogrammetry Remote Sensing and Geoinformation Science	3.1
Waste and Biomass Valorization	3.1
International Journal of Hypertension	3.1
Environmental Microbiology Reports	3.1
International Journal of Agricultural and Biological Engineering	3.1
Perspectives on Sexual and Reproductive Health	3.1
International Journal of Phytoremediation	3.1
Gerontology	3.1
Mental Health and Physical Activity	3.1
Air Quality Atmosphere and Health	3.1
Fractional Calculus and Applied Analysis	3.1
Applied Spatial Analysis and Policy	3.1
Journal of Addiction Medicine	3.1
Integrative Cancer Therapies	3.1
Journal of Geriatric Physical Therapy	3
Harvard Law Review	3
International Review for the Sociology of Sport	3
Multiple Sclerosis and Related Disorders	3
Journal of Biomedical Materials Research Part B-Applied Biomaterials	3
Neurophysiologie Clinique-Clinical Neurophysiology	3
Journal of Physical Chemistry A	3
Journal of Gene Medicine	3
International Journal of Imaging Systems and Technology	3
Language Speech and Hearing Services in Schools	3
Chinese Physics C	3
Annals of PDE	3
Physical Education and Sport Pedagogy	3
Journal of Structural Geology	3
American Journal of Physiology-Gastrointestinal and Liver Physiology	3
English for Specific Purposes	3
Fish Physiology and Biochemistry	3
Allergy Asthma and Clinical Immunology	3
Journal of Cognitive Neuroscience	3
Hong Kong Medical Journal	3
Food Analytical Methods	3
Electronic Library	3
European Journal of Political Economy	3
European Journal of Psychology of Education	3
Gynecological Endocrinology	3
Frontiers in Cardiovascular Medicine	3
Journal of Porous Materials	3
Journal of Communications and Networks	3
Atla-Alternatives to Laboratory Animals	3
Crisis-The Journal of Crisis Intervention and Suicide Prevention	3
Applied Physics A-Materials Science & Processing	3
Politics	3
Connection Science	3
Journal of Civil Engineering and Management	3
Information Systems Management	3
Journal of Tourism and Cultural Change	3
Journal of Magnetism and Magnetic Materials	3
Australian Educational Researcher	3
Journal of the Peripheral Nervous System	3
Journal of Experimental Biology	3
Journal of Nuclear Cardiology	3
Regenerative Medicine	3
Brain Structure & Function	3
Socio-Economic Review	3
Assessment	3
International Journal of Damage Mechanics	3
Metallurgical and Materials Transactions A-Physical Metallurgy and Materials Science	3
Contributions to Mineralogy and Petrology	3
Jornal de Pediatria	3
Quarterly Review of Biology	3
Educational Research	3
Animal Biotelemetry	3
Oikos	3
Operations Research	3
Critical Care Clinics	3
Geochemistry	3
Physical Review Fluids	3
Frontiers in Integrative Neuroscience	3
Health Sociology Review	3
Journal of the ACM	3
Language Awareness	3
IEEE Multimedia	3
International Journal of Technology Assessment in Health Care	3
European Physical Journal A	3
Continuum Mechanics and Thermodynamics	3
Molecular Biology of the Cell	3
Hearing Research	3
Software and Systems Modeling	3
Journal of Strength and Conditioning Research	3
Experimental Physiology	3
Royal Society Open Science	3
International Journal for Vitamin and Nutrition Research	3
IEEE Microwave Magazine	3
Cancer Epidemiology	3
International Theory	3
Disability and Health Journal	3
ACM Transactions on Reconfigurable Technology and Systems	3
Glycoconjugate Journal	3
Acta Ophthalmologica	3
Annales de l'Institut Henri Poincare-Analyse Non Lineaire	3
International Multilingual Research Journal	3
Psychology of Aesthetics Creativity and the Arts	3
Neurogastroenterology and Motility	3
Ecosphere	3
Italian Journal of Agronomy	3
Journal of the American Water Resources Association	3
Evolution	3
Health Services Research	3
Applied Psychophysiology and Biofeedback	3
Operational Research	3
Asian Journal of Andrology	3
BMC Molecular and Cell Biology	3
Transfusion Medicine Reviews	3
Paleoceanography and Paleoclimatology	3
General Relativity and Gravitation	3
Journal of Applied Oral Science	3
Physical Chemistry Chemical Physics	3
Annals of Physics	3
Computers & Fluids	3
Journal of Biological Rhythms	3
Modern Physics Letters B	3
Human Pathology	3
Trimestre Economico	3
Inquiry-The Journal of Health Care Organization Provision and Financing	3
Frontiers in Genetics	3
Journal of Computer-Aided Molecular Design	3
Journal of Sport & Exercise Psychology	3
Journal of Nondestructive Evaluation	3
Linguistics and Education	3
Energy Exploration & Exploitation	3
Journal of Higher Education Policy and Management	3
Group Processes & Intergroup Relations	3
Sexually Transmitted Infections	3
Chemistryopen	3
Aging Male	3
Public Health Nutrition	3
CyTA-Journal of Food	3
Journal of the International Neuropsychological Society	3
Environment and Development Economics	3
ChemPhotoChem	3
Molecular Pharmacology	3
Journal of Multidisciplinary Healthcare	3
Journal of Zoological Systematics and Evolutionary Research	3
Zoological Journal of the Linnean Society	3
Strategic Organization	3
Mass Communication and Society	3
Media Psychology	3
Neuropathology and Applied Neurobiology	3
Cell Biochemistry and Biophysics	3
Expert Review of Anticancer Therapy	3
Fungal Genetics and Biology	3
Expert Opinion on Drug Safety	3
British Journal of Clinical Pharmacology	3
Cerebral Cortex	3
European Journal of Sport Science	3
Head & Face Medicine	3
Journal of Sex Research	3
International Journal of General Systems	3
International Journal of Wildland Fire	3
Cooperation and Conflict	3
Chemistry and Physics of Lipids	3
Classical Review	3
International Journal of Biometeorology	3
Journal of Cellular Plastics	3
Journal of Chemical Education	3
Journal of Applied Mathematics and Computing	3
European Journal of International Law	3
International Journal of Obstetric Anesthesia	3
Current Research in Translational Medicine	3
International Clinical Psychopharmacology	3
Polymer International	3
Virchows Archiv	3
Journal of Cellular Biochemistry	3
Computer Speech and Language	3
IEEE Transactions on Games	3
Biomechanics and Modeling in Mechanobiology	3
OENO One	3
Granular Matter	3
World Economy	3
Photogrammetric Engineering and Remote Sensing	3
Haemophilia	3
Stata Journal	3
International Journal of Clinical Oncology	3
Analytical Methods	3
Journal of Environmental Policy & Planning	3
Machines	3
Insects	3
Neuroinformatics	2.9
IEEE Power & Energy Magazine	2.9
Cytometry Part A	2.9
Journal of Minimally Invasive Gynecology	2.9
European Journal of Paediatric Neurology	2.9
Evolution and Human Behavior	2.9
Journal of the Geological Society	2.9
Tuberculosis	2.9
Critical Discourse Studies	2.9
Journal of Transportation Engineering Part B-Pavements	2.9
Educational Evaluation and Policy Analysis	2.9
Journal of Bone and Mineral Metabolism	2.9
Journal of Hydroinformatics	2.9
Anti-Corrosion Methods and Materials	2.9
Muscle & Nerve	2.9
Journal of Energy Resources Technology-Transactions of the Asme	2.9
International Journal of Urology	2.9
Atomic Spectroscopy	2.9
Archive for Rational Mechanics and Analysis	2.9
Annales de Dermatologie et de Venereologie	2.9
IEEE Journal of the Electron Devices Society	2.9
Journal of Geophysical Research-Space Physics	2.9
Asia-Pacific Journal of Teacher Education	2.9
European Physical Journal Plus	2.9
Aging & Mental Health	2.9
Journal of Earthquake Engineering	2.9
PeerJ	2.9
Journal of the American Society for Mass Spectrometry	2.9
Speech Communication	2.9
Structural Dynamics-US	2.9
Mathematical Models & Methods in Applied Sciences	2.9
Fractals-Complex Geometry Patterns and Scaling in Nature and Society	2.9
Microvascular Research	2.9
Current Pharmaceutical Biotechnology	2.9
Behavioural Brain Research	2.9
Orthopaedic Journal of Sports Medicine	2.9
Journal of Physics-Condensed Matter	2.9
Brazilian Journal of Psychiatry	2.9
Journal of Cardiovascular Pharmacology and Therapeutics	2.9
International Journal of Mining Reclamation and Environment	2.9
Comparative Biochemistry and Physiology D-Genomics & Proteomics	2.9
Journal of Systematic Palaeontology	2.9
Pharmaceutical Development and Technology	2.9
Soft Matter	2.9
SPE Journal	2.9
Mobilities	2.9
Newsletters on Stratigraphy	2.9
Recent Patents on Nanotechnology	2.9
Race & Class	2.9
Proteomics Clinical Applications	2.9
Symbiosis	2.9
Sociological Methodology	2.9
Journal of Heterocyclic Chemistry	2.9
Paleobiology	2.9
Journal of Health Communication	2.9
European Journal of Pediatrics	2.9
Journal of Nutrition Education and Behavior	2.9
Journal of Refractive Surgery	2.9
Toxicology Research	2.9
Fitoterapia	2.9
Journal of Aerosol Science	2.9
Journal of Biomechanics	2.9
Communications in Mathematical Physics	2.9
Journal of Composite Materials	2.9
Journal of Academic Librarianship	2.9
Fishes	2.9
IAWA Journal	2.9
Biopolymers	2.9
Investigative and Clinical Urology	2.9
Proceedings of the Japan Academy Series B-Physical and Biological Sciences	2.9
European Journal of Applied Physiology	2.9
ASCE-ASME Journal of Risk and Uncertainty in Engineering Systems Part A-Civil Engineering	2.9
Drug and Alcohol Review	2.9
Chemical Physics Letters	2.9
Chemistry & Biodiversity	2.9
American Review of Public Administration	2.9
Functional Plant Biology	2.9
Frontiers in Neuroinformatics	2.9
Journal of Materials Research	2.9
Nuclear Physics B	2.9
Nanotechnology	2.9
JASSS-The Journal of Artificial Societies and Social Simulation	2.9
Journal of Clinical Psychopharmacology	2.9
Information Development	2.9
Fungal Biology	2.9
Cancer Cytopathology	2.9
Environmental Health and Preventive Medicine	2.9
Journal of Geriatric Oncology	2.9
Toxicology Mechanisms and Methods	2.9
Reaction Chemistry & Engineering	2.9
Biofuels-UK	2.9
Stress and Health	2.9
Journal of Clinical Hypertension	2.9
Crystals	2.9
Journal of Immunotherapy	2.9
Archives of Cardiovascular Diseases	2.9
Applied Sciences-Basel	2.9
Journal of Cardiopulmonary Rehabilitation and Prevention	2.9
Experimental Mechanics	2.9
Computational and Theoretical Chemistry	2.9
IEEE Security & Privacy	2.9
Rangeland Ecology & Management	2.9
Cytometry Part B-Clinical Cytometry	2.9
Review of General Psychology	2.9
Clinics in Liver Disease	2.9
ACM Transactions on Architecture and Code Optimization	2.9
Journal of Applied Biomaterials & Functional Materials	2.9
Ibis	2.9
Metaphor and Symbol	2.9
Assessment in Education-Principles Policy & Practice	2.9
American Journal of Hypertension	2.9
China Foundry	2.9
International Journal of Colorectal Disease	2.9
Geriatric Nursing	2.9
Research in Developmental Disabilities	2.9
International Migration Review	2.9
Experimental Astronomy	2.9
Nuclear Engineering and Technology	2.9
Qualitative Research	2.9
Alcohol	2.9
Acta Histochemica	2.9
Aerosol and Air Quality Research	2.9
Journal of Information Systems	2.9
Conservation Science and Practice	2.9
Journal of Computational Chemistry	2.9
American Journal of Emergency Medicine	2.9
Spatial Economic Analysis	2.9
Neuropsychology	2.9
BMC Immunology	2.9
ACM Transactions on Programming Languages and Systems	2.9
BMC Nephrology	2.9
Seismological Research Letters	2.9
China & World Economy	2.9
Professional Development in Education	2.9
International Journal of Interactive Multimedia and Artificial Intelligence	2.9
Sociological Review	2.9
Health Communication	2.9
Human-Centric Computing and Information Sciences	2.9
Iranian Polymer Journal	2.9
Science and Technology of Welding and Joining	2.9
Journal of Studies in International Education	2.9
Asian Nursing Research	2.9
European Journal of Dental Education	2.9
Simulation in Healthcare-Journal of the Society for Simulation in Healthcare	2.9
Journal of Oral & Facial Pain and Headache	2.9
International Microbiology	2.9
Organic Electronics	2.9
Minerva	2.9
Biomed Research International	2.9
Hydrological Sciences Journal-Journal des Sciences Hydrologiques	2.9
Technology Analysis & Strategic Management	2.9
Physica D-Nonlinear Phenomena	2.9
Histochemistry and Cell Biology	2.9
Microbes and Infection	2.9
Robotica	2.9
Neuroepidemiology	2.9
New Directions for Child and Adolescent Development	2.9
Seminars in Fetal & Neonatal Medicine	2.9
Hippocampus	2.9
International Journal of Machine Learning and Cybernetics	2.9
Journal of Archaeological Science	2.9
Computing in Science & Engineering	2.9
Critical Studies in Education	2.9
Theriogenology	2.9
Journal of Experimental Nanoscience	2.9
Expert Review of Proteomics	2.9
Journal of Physical Oceanography	2.9
Baltic Journal of Management	2.9
Journal of Asian Public Policy	2.9
PS-Political Science & Politics	2.9
Palaeogeography Palaeoclimatology Palaeoecology	2.9
Psychometrika	2.9
Journal of Social Marketing	2.9
Current Opinion in Hematology	2.9
Addiction Research & Theory	2.9
Journal of the American Academy of Orthopaedic Surgeons	2.9
Harvard Review of Psychiatry	2.9
Forensic Chemistry	2.9
PeerJ Computer Science	2.9
Journal of Molecular Modeling	2.9
Journal of Business Economics and Management	2.9
Clinical Psychology & Psychotherapy	2.9
Frontiers in Neural Circuits	2.9
Clinical Rehabilitation	2.9
Microfluidics and Nanofluidics	2.9
AIDS	2.9
International Journal of Technology and Design Education	2.9
Environment and Planning B-Urban Analytics and City Science	2.9
Phytochemical Analysis	2.9
Animal Welfare	2.9
SIAM Journal on Scientific Computing	2.9
Food Technology and Biotechnology	2.9
Electronics	2.9
Community Dentistry and Oral Epidemiology	2.9
Gender in Management	2.9
Flexible and Printed Electronics	2.9
Colloid and Polymer Science	2.9
Health Psychology	2.9
JARO-Journal of the Association for Research in Otolaryngology	2.9
Biochimica et Biophysica Acta-General Subjects	2.9
Metallomics	2.9
Australian and New Zealand Journal of Public Health	2.9
Social and Personality Psychology Compass	2.9
COPD-Journal of Chronic Obstructive Pulmonary Disease	2.8
Quantitative Imaging in Medicine and Surgery	2.8
Horticulture Environment and Biotechnology	2.8
Human Development	2.8
Genes and Nutrition	2.8
Journal of Gastrointestinal Surgery	2.8
Research in Nursing & Health	2.8
China Communications	2.8
Clinical Cardiology	2.8
Strahlentherapie und Onkologie	2.8
Advances in Rheumatology	2.8
Acta Haematologica	2.8
Journal of Professional Nursing	2.8
Organic Geochemistry	2.8
Biotechnology Progress	2.8
Digestive Diseases and Sciences	2.8
Neurologia	2.8
Eating Behaviors	2.8
International Journal of Analytical Chemistry	2.8
Journal of Propulsion and Power	2.8
American Journal of Botany	2.8
Energy Journal	2.8
BMC Musculoskeletal Disorders	2.8
Clinical and Experimental Otorhinolaryngology	2.8
Toxicon	2.8
Sociologia Ruralis	2.8
Macromolecular Chemistry and Physics	2.8
Solid State Communications	2.8
Current Opinion in Pediatrics	2.8
Journal of Transportation Safety & Security	2.8
Brain and Behavior	2.8
Nursing in Critical Care	2.8
CPT-Pharmacometrics & Systems Pharmacology	2.8
Russian Mathematical Surveys	2.8
International Journal of Cast Metals Research	2.8
New Political Economy	2.8
Journal of Applied Microbiology	2.8
International Journal of Metalcasting	2.8
Australian Accounting Review	2.8
Theory Into Practice	2.8
International Journal of Mental Health and Addiction	2.8
Journal of Numerical Mathematics	2.8
Basin Research	2.8
Information Retrieval Journal	2.8
Medicina Clinica	2.8
Dose-Response	2.8
Spanish Journal of Psychology	2.8
AERA Open	2.8
Neural Processing Letters	2.8
NMR in Biomedicine	2.8
Current Molecular Medicine	2.8
Biotechnology and Bioprocess Engineering	2.8
Infection Genetics and Evolution	2.8
Current Applied Physics	2.8
Qualitative Research in Accounting and Management	2.8
Leisure Studies	2.8
Journal of Computational Electronics	2.8
Journal of Biological Inorganic Chemistry	2.8
Journal of Assisted Reproduction and Genetics	2.8
Chinese Journal of Physiology	2.8
Organic & Biomolecular Chemistry	2.8
Translational Behavioral Medicine	2.8
Architectural Engineering and Design Management	2.8
Journal of Plant Diseases and Protection	2.8
Journalism & Mass Communication Quarterly	2.8
International Journal of Computer Assisted Radiology and Surgery	2.8
Journal of Visual Communication and Image Representation	2.8
International Journal of Environmental Analytical Chemistry	2.8
Journal of Fluency Disorders	2.8
Nonprofit Management & Leadership	2.8
Clinical and Experimental Dermatology	2.8
Expert Review of Hematology	2.8
Transition Metal Chemistry	2.8
Journal of Management Inquiry	2.8
Frontiers in Zoology	2.8
Expert Review of Medical Devices	2.8
Pharmacology	2.8
International Journal	2.8
Journal of the Physical Society of Japan	2.8
Therapeutic Advances in Hematology	2.8
Migration Studies	2.8
Nurse Educator	2.8
Political Studies	2.8
Current Microbiology	2.8
Journal of Comparative Effectiveness Research	2.8
International Feminist Journal of Politics	2.8
Journal of Geographical Systems	2.8
Current Opinion in Gastroenterology	2.8
International Journal of Control Automation and Systems	2.8
Physiological Research	2.8
Ecohydrology & Hydrobiology	2.8
Biometrika	2.8
Estuarine Coastal and Shelf Science	2.8
Phytobiomes Journal	2.8
Journal of Animal Physiology and Animal Nutrition	2.8
Open Physics	2.8
Industrial and Corporate Change	2.8
Language Testing	2.8
Plant Direct	2.8
Group Decision and Negotiation	2.8
Molecular and Cellular Biology	2.8
Chemical Physics	2.8
Journal of Virus Eradication	2.8
Reproductive Sciences	2.8
Polyhedron	2.8
Zoological Letters	2.8
Current Opinion in Allergy and Clinical Immunology	2.8
Journal of Occupational Health	2.8
IEEE Technology and Society Magazine	2.8
Ultrasound in Medicine and Biology	2.8
Science and Public Policy	2.8
Journal of Pharmacological Sciences	2.8
Journal of Choice Modelling	2.8
Cardiovascular Therapeutics	2.8
Multinational Business Review	2.8
IET Generation Transmission & Distribution	2.8
Academic Pediatrics	2.8
Journal of Midwifery & Womens Health	2.8
Preventive Medicine Reports	2.8
Journal of Healthcare Management	2.8
Eurasian Geography and Economics	2.8
Emergency Medicine Journal	2.8
Journal of Clinical Apheresis	2.8
Journal of Geriatric Psychiatry and Neurology	2.8
Plasma Physics and Controlled Fusion	2.8
Journal of Policy Modeling	2.8
Skin Research and Technology	2.8
Plant Disease	2.8
Psychology of Addictive Behaviors	2.8
Journal of Tribology-Transactions of the Asme	2.8
Pharmacogenomics Journal	2.8
Journal of Anesthesia	2.8
Personality and Individual Differences	2.8
International Journal of Approximate Reasoning	2.8
Quality Technology and Quantitative Management	2.8
Crystallography Reviews	2.8
Revista Espanola de Quimioterapia	2.8
AIDS Research and Therapy	2.8
Journal of Contemporary Asia	2.8
Social Service Review	2.8
Global Health-Science and Practice	2.8
Polycyclic Aromatic Compounds	2.8
New Journal of Physics	2.8
Psychological Trauma-Theory Research Practice and Policy	2.8
DARU-Journal of Pharmaceutical Sciences	2.8
American Journal of Rhinology & Allergy	2.8
Tissue Engineering Part A	2.8
Scandinavian Journal of Urology	2.8
Preventive Veterinary Medicine	2.8
Health Systems & Reform	2.8
Journal of Cutaneous Medicine and Surgery	2.8
Arctic Science	2.8
Traffic	2.8
Neuroradiology	2.8
Journal of Hydro-Environment Research	2.8
Plant Cell Tissue and Organ Culture	2.8
Systems & Control Letters	2.8
International Journal of Science and Mathematics Education	2.8
Sociological Science	2.8
Health Care Management Science	2.8
Bulletin of Volcanology	2.8
Geophysical Journal International	2.8
Nuclear Materials and Energy	2.8
Current Opinion in Anesthesiology	2.8
Magnetochemistry	2.8
Mutation Research-Genetic Toxicology and Environmental Mutagenesis	2.8
American Journal of Community Psychology	2.8
Sexuality Research and Social Policy	2.8
ACM Transactions on Design Automation of Electronic Systems	2.8
Engineering Optimization	2.8
World Journal of Surgical Oncology	2.8
Urologic Oncology-Seminars and Original Investigations	2.8
Journal of Plasma Physics	2.8
Advances in Anatomic Pathology	2.8
Oxford Economic Papers-New Series	2.8
Ergonomics	2.8
Gesunde Pflanzen	2.8
Psychosomatic Medicine	2.8
Journal of Electronic Materials	2.8
Clays and Clay Minerals	2.8
International Journal of Fracture	2.8
Cognitive Psychology	2.8
Geoscience Data Journal	2.8
Plant Pathology	2.8
Veterinary Microbiology	2.8
Neurosurgical Review	2.8
Research on Language and Social Interaction	2.8
Cognition Technology & Work	2.8
Geostandards and Geoanalytical Research	2.8
Marine Biotechnology	2.8
European Journal on Criminal Policy and Research	2.8
Water Environment Research	2.8
ChemBioChem	2.8
Quality and Reliability Engineering International	2.8
Weather and Forecasting	2.8
Journal of the Formosan Medical Association	2.8
Water Science and Technology	2.8
SAR and QSAR in Environmental Research	2.8
Multimedia Systems	2.8
Graefes Archive for Clinical and Experimental Ophthalmology	2.8
Hydrogeology Journal	2.8
International Journal of Water Resources Development	2.8
Language Culture and Curriculum	2.8
International Journal of Hyperthermia	2.8
Blood Pressure	2.8
European Journal of Organic Chemistry	2.8
Journal of Futures Markets	2.8
Genesis	2.8
Personality and Mental Health	2.8
DNA Research	2.8
Teachers and Teaching	2.8
Journal of Electrochemical Science and Technology	2.8
Luminescence	2.8
Local Environment	2.8
Journal of Flow Chemistry	2.8
Clinical Endocrinology	2.8
Brain Imaging and Behavior	2.8
Journal of Operational Oceanography	2.8
Educational Assessment Evaluation and Accountability	2.8
Current Medical Research and Opinion	2.8
PLoS ONE	2.8
European Journal of Psychological Assessment	2.7
European Journal of Wood and Wood Products	2.7
Gait & Posture	2.7
Police Quarterly	2.7
Veterinary Journal	2.7
IRAL-International Review of Applied Linguistics in Language Teaching	2.7
Depression and Anxiety	2.7
Physica Medica-European Journal of Medical Physics	2.7
Journal of Mountain Science	2.7
Nonprofit and Voluntary Sector Quarterly	2.7
Journal of Planning Education and Research	2.7
Geobiology	2.7
BMC Ecology and Evolution	2.7
Photodermatology Photoimmunology & Photomedicine	2.7
Indoor Air	2.7
Journal of Hydraulic Engineering	2.7
Advanced Composite Materials	2.7
Teacher Education and Special Education	2.7
Journal of Urban Affairs	2.7
Applied Mathematics Letters	2.7
Journal of Investigative Surgery	2.7
Journal of Epidemiology	2.7
Journal of Quantitative Criminology	2.7
Journal of Food Safety	2.7
Information Technology and Libraries	2.7
Tribology Transactions	2.7
Marine and Coastal Fisheries	2.7
Revue Neurologique	2.7
Steroids	2.7
Rheologica Acta	2.7
Oceanography	2.7
World Journal of Gastrointestinal Oncology	2.7
Proceedings of the Royal Society A-Mathematical Physical and Engineering Sciences	2.7
International Journal of Dairy Technology	2.7
Sport Education and Society	2.7
Health Promotion and Chronic Disease Prevention in Canada-Research Policy and Practice	2.7
Facets	2.7
Housing Theory & Society	2.7
Pathology & Oncology Research	2.7
Biological Invasions	2.7
Veterinary Sciences	2.7
Law & Society Review	2.7
European Journal of General Practice	2.7
Regional Studies in Marine Science	2.7
Transport in Porous Media	2.7
Journal of Experimental Psychology-Human Perception and Performance	2.7
Journal of Electromyography and Kinesiology	2.7
Computers & Graphics-UK	2.7
Annals of Probability	2.7
Applied Clinical Informatics	2.7
Trends in Organized Crime	2.7
Journal of Occupational Rehabilitation	2.7
Journal of Intelligent Material Systems and Structures	2.7
Medical Care Research and Review	2.7
Chinese Management Studies	2.7
Current Psychology	2.7
International Journal of Injury Control and Safety Promotion	2.7
Journal of Digestive Diseases	2.7
Signal Image and Video Processing	2.7
Journal of Earthquake and Tsunami	2.7
Geosynthetics International	2.7
Avian Pathology	2.7
Canadian Journal of Diabetes	2.7
Journal of Applied Economics	2.7
Aesthetic Plastic Surgery	2.7
Journal of Curriculum Studies	2.7
Counseling Psychologist	2.7
Protoplasma	2.7
Boletin de la Sociedad Espanola de Ceramica y Vidrio	2.7
Chemical Papers	2.7
Journal of Antibiotics	2.7
Journal of Applied Behavioral Science	2.7
Physics Letters A	2.7
Journal of Health Politics Policy and Law	2.7
Physiology & Behavior	2.7
International Journal of Social Psychiatry	2.7
Journal of Clinical Psychology	2.7
Ornithological Applications	2.7
Social Networks	2.7
Composite Interfaces	2.7
Nicotine & Tobacco Research	2.7
Orthodontics & Craniofacial Research	2.7
Restoration Ecology	2.7
Toxicology in Vitro	2.7
Ecotoxicology	2.7
ACM Transactions on Asian and Low-Resource Language Information Processing	2.7
Surface and Interface Analysis	2.7
Indoor and Built Environment	2.7
Acupuncture in Medicine	2.7
Lasers in Medical Science	2.7
International Journal of Selection and Assessment	2.7
Fundamental & Clinical Pharmacology	2.7
Current Opinion in Pulmonary Medicine	2.7
Paediatric and Perinatal Epidemiology	2.7
Foundations of Computational Mathematics	2.7
Managerial and Decision Economics	2.7
Space Policy	2.7
Journal for Nature Conservation	2.7
Prostate	2.7
Neurological Sciences	2.7
Midwifery	2.7
Gynecologic and Obstetric Investigation	2.7
Database-The Journal of Biological Databases and Curation	2.7
Experimental Hematology	2.7
International Journal of Islamic and Middle Eastern Finance and Management	2.7
Precambrian Research	2.7
Pain Practice	2.7
KONA Powder and Particle Journal	2.7
Clinical Colorectal Cancer	2.7
Journal of Space Weather and Space Climate	2.7
Clinical Breast Cancer	2.7
Medical Principles and Practice	2.7
FEBS Open Bio	2.7
Spatial Statistics	2.7
Scientific Studies of Reading	2.7
International Journal of Auditing	2.7
Micron	2.7
Journal of Behavioral Medicine	2.7
Research on Child and Adolescent Psychopathology	2.7
American Naturalist	2.7
Journal of Analytical Toxicology	2.7
International Journal of Intercultural Relations	2.7
Angiology	2.7
Journal of the Brazilian Society of Mechanical Sciences and Engineering	2.7
Journal of Special Education Technology	2.7
Management Communication Quarterly	2.7
Environmental and Molecular Mutagenesis	2.7
Journal of Nursing Research	2.7
Journal of Clinical Gastroenterology	2.7
Nutrition and Cancer-An International Journal	2.7
Australasian Emergency Care	2.7
Substance Abuse	2.7
AAPG Bulletin	2.7
European Journal of Social Psychology	2.7
Computers & Mathematics With Applications	2.7
Clinical & Translational Oncology	2.7
Journal of Neurosurgical Anesthesiology	2.7
Vascular Medicine	2.7
Singapore Medical Journal	2.7
Assistive Technology	2.7
MRS Communications	2.7
EJNMMI Research	2.7
Translational Vision Science & Technology	2.7
Dermatologica Sinica	2.7
Cornell Hospitality Quarterly	2.7
Taiwanese Journal of Obstetrics & Gynecology	2.7
Journal of Electroceramics	2.7
Chronic Obstructive Pulmonary Diseases-Journal of the Copd Foundation	2.7
Photodiagnosis and Photodynamic Therapy	2.7
Immunologic Research	2.7
Autonomic Neuroscience-Basic & Clinical	2.7
Journal of Molecular Recognition	2.7
Journal of Plant Biology	2.7
Electoral Studies	2.7
International Journal of Integrated Care	2.7
Biology of the Cell	2.7
Journal of Economic Behavior & Organization	2.7
Hernia	2.7
Journal of Interventional Cardiac Electrophysiology	2.7
Electrical Engineering	2.7
Toxin Reviews	2.7
Navigation-Journal of the Institute of Navigation	2.7
Journal of Research on Adolescence	2.7
Journal of Medical Microbiology	2.7
European Heart Journal Supplements	2.7
Thrombosis Journal	2.7
Beilstein Journal of Organic Chemistry	2.7
Biology Letters	2.7
Applied Research in Quality of Life	2.7
Journal of Organometallic Chemistry	2.7
Hastings Center Report	2.7
Theory and Research in Social Education	2.7
Archives of Osteoporosis	2.7
Journal of Biological Dynamics	2.7
Globalizations	2.7
International Archives of Occupational and Environmental Health	2.7
Surgeon-Journal of the Royal Colleges of Surgeons of Edinburgh and Ireland	2.7
Journal of Archaeological Method and Theory	2.7
Shock	2.7
Postgraduate Medicine	2.7
Japanese Journal of Ophthalmology	2.7
Developmental Psychology	2.7
Journal of Applied Mechanics-Transactions of the Asme	2.7
Journal of Applied Physics	2.7
Instructional Science	2.7
Journal of Non-Newtonian Fluid Mechanics	2.7
Therapeutic Advances in Chronic Disease	2.7
International Journal of Gynecology & Obstetrics	2.7
International Journal of Quantum Chemistry	2.7
Gene	2.7
Evolution Medicine and Public Health	2.7
Optics Communications	2.7
Housing Studies	2.7
Biochemistry	2.7
Journal of Applied Crystallography	2.7
Computer Applications in Engineering Education	2.7
Ukrainian Journal of Physical Optics	2.7
Journal of Chemical Technology and Biotechnology	2.7
British Dental Journal	2.7
Optical Fiber Technology	2.7
International Journal of Sport and Exercise Psychology	2.7
Geriatrics & Gerontology International	2.7
Zeitschrift fuer Physikalische Chemie-International Journal of Research in Physical Chemistry & Chemical Physics	2.7
Experiments in Fluids	2.7
Clinical Rheumatology	2.7
Neuropeptides	2.7
Publications of the Astronomical Society of Japan	2.7
Nutrition in Clinical Practice	2.7
Fluid Phase Equilibria	2.7
Particle & Particle Systems Characterization	2.7
Journal of Educational Administration	2.7
Research Evaluation	2.7
Environmental Research Communications	2.7
Orthopaedics & Traumatology-Surgery & Research	2.7
Linguistic Approaches to Bilingualism	2.7
Journal of Trauma & Dissociation	2.7
IEEE Transactions on Device and Materials Reliability	2.7
Cartography and Geographic Information Science	2.7
Journal of Mathematical Biology	2.7
Acta Oncologica	2.7
Veterinary Parasitology	2.7
Technology in Cancer Research & Treatment	2.7
Minerals	2.7
Biomicrofluidics	2.7
Cellular Reprogramming	2.7
City & Community	2.7
Experimental Agriculture	2.6
Heredity	2.6
Hormones and Behavior	2.6
Journal of Physical Activity & Health	2.6
IEEE Transactions on Information Theory	2.6
Geburtshilfe und Frauenheilkunde	2.6
Astronomy and Computing	2.6
Journal of Systems Engineering and Electronics	2.6
International Journal of Applied Ceramic Technology	2.6
Cancer Genomics & Proteomics	2.6
Acta Geodaetica et Geophysica	2.6
Virology	2.6
American Mineralogist	2.6
Library & Information Science Research	2.6
Research in Astronomy and Astrophysics	2.6
Journal of Urban Planning and Development	2.6
Acta Tropica	2.6
Cancer Nursing	2.6
Journal of the Japanese and International Economies	2.6
Journalism	2.6
Advances in Meteorology	2.6
Adapted Physical Activity Quarterly	2.6
Administration and Policy in Mental Health and Mental Health Services Research	2.6
Evolutionary Biology	2.6
Journal of Tropical Medicine	2.6
Anales de Pediatria	2.6
Freshwater Biology	2.6
BMC Neurology	2.6
SIAM Journal on Matrix Analysis and Applications	2.6
International Journal of Educational Development	2.6
American Journal of Infection Control	2.6
Electroanalysis	2.6
Molecular Reproduction and Development	2.6
Advances in Computational Mathematics	2.6
IEEE Photonics Journal	2.6
Tropical Medicine & International Health	2.6
Environmental Progress & Sustainable Energy	2.6
Territory Politics Governance	2.6
Cartilage	2.6
Engineering Management Journal	2.6
Academic Psychiatry	2.6
Technometrics	2.6
Science Progress	2.6
Materials Letters	2.6
Marine Geology	2.6
eNeuro	2.6
International Journal of Architectural Heritage	2.6
Journal of Applied Meteorology and Climatology	2.6
Computer Graphics Forum	2.6
Respiration	2.6
Integration-The VLSI Journal	2.6
Journal of Cardiovascular Development and Disease	2.6
Journal of Information Science	2.6
Journal of Molecular Histology	2.6
Environmental Fluid Mechanics	2.6
Journal of Environmental Law	2.6
Therapeutics and Clinical Risk Management	2.6
European Journal of Control	2.6
Cancer Management and Research	2.6
Risk Management and Healthcare Policy	2.6
Nanoscale and Microscale Thermophysical Engineering	2.6
Public Money & Management	2.6
Journal of Peptide Science	2.6
Global Public Health	2.6
Burns	2.6
Geological Journal	2.6
SIAM Journal on Optimization	2.6
DNA and Cell Biology	2.6
Journal of Cardiothoracic and Vascular Anesthesia	2.6
Anti-Cancer Agents in Medicinal Chemistry	2.6
Oceanologia	2.6
Journal of Pharmaceutical Innovation	2.6
Pharmacoepidemiology and Drug Safety	2.6
Journal of Personality Assessment	2.6
Cyberpsychology-Journal of Psychosocial Research on Cyberspace	2.6
Transboundary and Emerging Diseases	2.6
Psychiatric Quarterly	2.6
Journal de Mathematiques Pures et Appliquees	2.6
Journal of Adhesion	2.6
Pedobiologia	2.6
Journal of Navigation	2.6
Soil Science Society of America Journal	2.6
Photochemistry and Photobiology	2.6
Physica Scripta	2.6
Forensic Science International	2.6
International Journal of Legal Medicine	2.6
Chemical Senses	2.6
Journal of Nonlinear Science	2.6
Mammalian Genome	2.6
Boundary-Layer Meteorology	2.6
American Journal of Critical Care	2.6
Journal of Athletic Training	2.6
Applied and Computational Harmonic Analysis	2.6
ACS Earth and Space Chemistry	2.6
IISE Transactions	2.6
International Journal of Manpower	2.6
Journal of Population Economics	2.6
Pattern Analysis and Applications	2.6
Accounting and Finance	2.6
Animal Reproduction Science	2.6
Journal of Applied Geophysics	2.6
Journal of Scientific Computing	2.6
BMJ Paediatrics Open	2.6
Central European Journal of Operations Research	2.6
Depositional Record	2.6
Journal of Natural Medicines	2.6
Journal of Forecasting	2.6
Convergence-The International Journal of Research Into New Media Technologies	2.6
Journal of Asian Architecture and Building Engineering	2.6
Journal on Multimodal User Interfaces	2.6
Ultramicroscopy	2.6
BMC Medical Genomics	2.6
Journal of Nephrology	2.6
Techniques in Coloproctology	2.6
Bulletin of the Chemical Society of Ethiopia	2.6
Groundwater	2.6
ChemNanoMat	2.6
Clinics and Research in Hepatology and Gastroenterology	2.6
Children-Basel	2.6
IEEE Transactions on Electromagnetic Compatibility	2.6
Journal of Perianesthesia Nursing	2.6
Journal of Feline Medicine and Surgery	2.6
Prostaglandins & Other Lipid Mediators	2.6
Journal of the Economics of Ageing	2.6
Chromosome Research	2.6
Chemistry Education Research and Practice	2.6
Journal of the Operational Research Society	2.6
Journal of Chemical Neuroanatomy	2.6
Infection Control and Hospital Epidemiology	2.6
Coloration Technology	2.6
Journal of the Acoustical Society of America	2.6
International Journal of Plant Production	2.6
European Journal of Haematology	2.6
Revista Mexicana de Astronomia y Astrofisica	2.6
Journal of Energy Engineering	2.6
Wiener Klinische Wochenschrift	2.6
Journal of Water Resources Planning and Management	2.6
Rand Journal of Economics	2.6
Science Technology & Human Values	2.6
Journal of Autism and Developmental Disorders	2.6
Otolaryngology-Head and Neck Surgery	2.6
Applied Economics	2.6
Biotechniques	2.6
Acta Mechanica Solida Sinica	2.6
Quality Engineering	2.6
Journal of Environmental Quality	2.6
Social Forces	2.6
Drug Testing and Analysis	2.6
Optical Materials Express	2.6
Transactions on Emerging Telecommunications Technologies	2.6
Venture Capital	2.6
Journal of Cardiovascular Translational Research	2.6
Engineering Studies	2.6
Addiction Biology	2.6
Urolithiasis	2.6
Education and Training	2.6
Plant Reproduction	2.6
Food Additives & Contaminants Part B-Surveillance	2.6
International Journal of Material Forming	2.6
International Journal of Social Research Methodology	2.6
Addiction Science & Clinical Practice	2.6
Semantic Web	2.6
Current Organic Synthesis	2.6
Clinical Neuropsychologist	2.6
Mathematical Biosciences	2.6
Journal of Cardiovascular Medicine	2.6
Electrophoresis	2.6
Journal of Engineered Fibers and Fabrics	2.6
Sociology of Race and Ethnicity	2.6
Journal of Clinical Monitoring and Computing	2.6
New Journal of Chemistry	2.6
Applied Animal Behaviour Science	2.6
Fisheries Research	2.6
Regional Science and Urban Economics	2.6
Patient Preference and Adherence	2.6
Amfiteatru Economic	2.6
Journal of Psychosomatic Obstetrics & Gynecology	2.6
Clinical Medicine Insights-Oncology	2.6
European Physical Journal E	2.6
Geoheritage	2.6
Journal of Membrane Biology	2.6
Alcheringa	2.6
Mechanics Research Communications	2.6
Zoonoses and Public Health	2.6
Journal of Business Finance & Accounting	2.6
Endangered Species Research	2.6
Journal of Higher Education	2.6
Journal of Insect Physiology	2.6
American Journal of Drug and Alcohol Abuse	2.6
Womens Health Issues	2.6
School Mental Health	2.6
Oryx	2.6
Ethics	2.6
Pharmacology Research & Perspectives	2.6
Cryobiology	2.6
Ecology and Evolution	2.6
Journal of Applied Social Psychology	2.6
Health Care Management Review	2.6
Journal of Optics	2.6
Journal of Biomedical Semantics	2.6
SIAM Journal on Control and Optimization	2.6
Comparative Education Review	2.6
American Journal of Physiology-Regulatory Integrative and Comparative Physiology	2.6
Journal of Clinical Pathology	2.6
EvoDevo	2.6
International Transactions on Electrical Energy Systems	2.6
Drug Development and Industrial Pharmacy	2.6
Hereditas	2.6
Cellular Microbiology	2.6
Anxiety Stress and Coping	2.6
Sociology of Health & Illness	2.6
Journal of Pediatric Nursing-Nursing Care of Children & Families	2.6
Grass and Forage Science	2.6
International Journal of Cosmetic Science	2.6
Managerial Auditing Journal	2.6
Archives of Sexual Behavior	2.6
Journal of Electrochemical Energy Conversion and Storage	2.6
International Journal of Remote Sensing	2.6
British Journal of Sociology	2.6
Archives of Gynecology and Obstetrics	2.6
Collabra-Psychology	2.6
Early Childhood Research Quarterly	2.6
Journal of Personality Disorders	2.6
Odontology	2.6
Journal of the Australian Ceramic Society	2.6
Biochimica et Biophysica Acta-Bioenergetics	2.6
Plant Pathology Journal	2.6
Critical Public Health	2.6
Journal of Materials Engineering and Performance	2.6
Nano Communication Networks	2.6
International Journal for Quality in Health Care	2.6
Microbes and Environments	2.6
Thoracic Cancer	2.6
Journal of Cognition and Development	2.6
Current Radiopharmaceuticals	2.6
Atmosphere	2.6
Poetics	2.6
Seminars in Reproductive Medicine	2.6
Anatomical Record-Advances in Integrative Anatomy and Evolutionary Biology	2.6
Catalysis Letters	2.5
European Surgical Research	2.5
Analytical Cellular Pathology	2.5
Physiological Genomics	2.5
Numerical Algorithms	2.5
Comparative Biochemistry and Physiology B-Biochemistry & Molecular Biology	2.5
Discourse Context & Media	2.5
IEEE Transactions on Education	2.5
ACM Transactions on Applied Perception	2.5
Mediterranean Marine Science	2.5
Journal of Speech Language and Hearing Research	2.5
Journal of Immunotoxicology	2.5
International Journal of Simulation Modelling	2.5
IMA Journal of Management Mathematics	2.5
Journal of Biomolecular Structure & Dynamics	2.5
Accounting and Business Research	2.5
International Journal of Oral and Maxillofacial Surgery	2.5
Publius-The Journal of Federalism	2.5
Biofouling	2.5
Journal of Clinical Laboratory Analysis	2.5
Chronobiology International	2.5
Maternal and Child Nutrition	2.5
Journal of Venomous Animals and Toxins Including Tropical Diseases	2.5
Journal of African Earth Sciences	2.5
Heart & Lung	2.5
Accounting Horizons	2.5
Critical Reviews in Therapeutic Drug Carrier Systems	2.5
Agronomy Journal	2.5
Journal of Applied Developmental Psychology	2.5
International Journal of Endocrinology	2.5
Geomicrobiology Journal	2.5
Architectural Science Review	2.5
Separation Science and Technology	2.5
Journal of Neuroscience Methods	2.5
Educational Psychology	2.5
Chinese Optics Letters	2.5
Dementia-International Journal of Social Research and Practice	2.5
Social Problems	2.5
Social Work	2.5
Wireless Networks	2.5
International Journal of Language & Communication Disorders	2.5
Clinics in Orthopedic Surgery	2.5
Neurosurgery Clinics of North America	2.5
Journal of Photonics for Energy	2.5
Aquaculture Research	2.5
Surgical Clinics of North America	2.5
Journal of Pipeline Systems Engineering and Practice	2.5
European Physical Journal-Special Topics	2.5
Current Organic Chemistry	2.5
Neuropsychologia	2.5
QME-Quantitative Marketing and Economics	2.5
Canadian Journal of Gastroenterology and Hepatology	2.5
Biocontrol	2.5
Plant Soil and Environment	2.5
Physica E-Low-Dimensional Systems & Nanostructures	2.5
International Journal of Peptide Research and Therapeutics	2.5
Nursing Research	2.5
Medicinal Chemistry	2.5
International Journal of Impotence Research	2.5
Purinergic Signalling	2.5
Microelectronics Reliability	2.5
Korean Journal of Physiology & Pharmacology	2.5
Open House International	2.5
Journal of Bioscience and Bioengineering	2.5
Journal of Language and Social Psychology	2.5
Clinical Cosmetic and Investigational Dermatology	2.5
European Journal of Neuroscience	2.5
Lithos	2.5
International Journal of Womens Health	2.5
Geoinformatica	2.5
Adsorption Science & Technology	2.5
Problems of Post-Communism	2.5
Journal of Neuroimaging	2.5
Australian Journal of Public Administration	2.5
Journal of Nuclear Science and Technology	2.5
Qualitative Inquiry	2.5
Current Opinion in Organ Transplantation	2.5
American Journal of Reproductive Immunology	2.5
Urologic Clinics of North America	2.5
Future Microbiology	2.5
Journal of Engineering Materials and Technology-Transactions of the Asme	2.5
International Journal of Stress Management	2.5
International Journal of Network Management	2.5
Human and Ecological Risk Assessment	2.5
Seminars in Pediatric Surgery	2.5
Real Estate Economics	2.5
Memetic Computing	2.5
Technology Pedagogy and Education	2.5
Cognitive Science	2.5
Skeletal Radiology	2.5
BMJ Open	2.5
Cryogenics	2.5
Parasitology	2.5
Journal of Economic Entomology	2.5
Journal of Educational Research	2.5
Materials Research Express	2.5
Perioperative Medicine	2.5
Chromosoma	2.5
Environmental Conservation	2.5
Suicide and Life-Threatening Behavior	2.5
Journal of Chemical Thermodynamics	2.5
Methods and Applications in Fluorescence	2.5
Cancer Chemotherapy and Pharmacology	2.5
Biochemical and Biophysical Research Communications	2.5
Journal of Evolutionary Economics	2.5
Canadian Journal of Fisheries and Aquatic Sciences	2.5
Reproductive Biology	2.5
Caries Research	2.5
Ethnic and Racial Studies	2.5
Synapse	2.5
Flavour and Fragrance Journal	2.5
British Journal of Criminology	2.5
Heart Lung and Circulation	2.5
European Journal of Cancer Prevention	2.5
Pediatric Nephrology	2.5
International Journal of Health Planning and Management	2.5
Archives of Psychiatric Nursing	2.5
Journal of Tissue Viability	2.5
Biological Chemistry	2.5
Journal of Marketing for Higher Education	2.5
Journal of Transportation Engineering Part A-Systems	2.5
Perspectives in Plant Ecology Evolution and Systematics	2.5
Journal of Arid Environments	2.5
Journal of Empirical Finance	2.5
Journal of Applied Clinical Medical Physics	2.5
Pediatric Radiology	2.5
Molecular Imaging and Biology	2.5
Circuits Systems and Signal Processing	2.5
SIAM Journal on Imaging Sciences	2.5
Applied Physics Express	2.5
Advances in Clinical and Experimental Medicine	2.5
Journal of Otolaryngology-Head & Neck Surgery	2.5
International Journal of Nursing Practice	2.5
Marine Chemistry	2.5
Sociology Compass	2.5
Journal of Macromarketing	2.5
Journal of Clinical Densitometry	2.5
Universe	2.5
American Journal of Medical Genetics Part C-Seminars in Medical Genetics	2.5
Journal of Contingencies and Crisis Management	2.5
Aerospace	2.5
Acta Petrologica Sinica	2.5
Bioimpacts	2.5
Physiological Measurement	2.5
AIDS and Behavior	2.5
Veterinary Anaesthesia and Analgesia	2.5
Journal of Social Policy	2.5
Mining Metallurgy & Exploration	2.5
Leiden Journal of International Law	2.5
Written Communication	2.5
Archives of Clinical Neuropsychology	2.5
Motivation and Emotion	2.5
Journal of Vacuum Science & Technology A	2.5
Medicina Intensiva	2.5
Global Networks-A Journal of Transnational Affairs	2.5
SIAM Journal on Mathematics of Data Science	2.5
Comparative Immunology Microbiology and Infectious Diseases	2.5
Endocrine Journal	2.5
IEEE Transactions on Semiconductor Manufacturing	2.5
American Journal of Cardiology	2.5
AI EDAM-Artificial Intelligence for Engineering Design Analysis and Manufacturing	2.5
Journal of Cardiovascular Pharmacology	2.5
Tijdschrift voor Economische en Sociale Geografie	2.5
Libyan Journal of Medicine	2.5
Politics and Governance	2.5
Food Additives and Contaminants Part A-Chemistry Analysis Control Exposure & Risk Assessment	2.5
Advances in Structural Engineering	2.5
Weather Climate and Society	2.5
International Journal of Housing Policy	2.5
Communication & Sport	2.5
Laterality	2.5
Transplant Infectious Disease	2.5
Paediatrics & Child Health	2.5
3D Printing and Additive Manufacturing	2.5
Epidemiology and Infection	2.5
Journal of Microbiological Methods	2.5
Journal of Financial Markets	2.5
Catalysis Surveys From Asia	2.5
Nuclear Engineering and Design	2.5
Environmental Modeling & Assessment	2.5
Journal of Experimental Criminology	2.5
Oecologia	2.5
International Journal of Geometric Methods in Modern Physics	2.5
Drugs in R&D	2.5
Mycobiology	2.5
Journal of Work and Organizational Psychology-Revista de Psicologia del Trabajo y de las Organizaciones	2.5
Current Cancer Drug Targets	2.5
Prevention Science	2.5
Netherlands Heart Journal	2.5
Heat and Mass Transfer	2.5
Journal of Chromatography B-Analytical Technologies in the Biomedical and Life Sciences	2.5
American Journal of Speech-Language Pathology	2.5
Journal of Family and Economic Issues	2.5
Archives of Virology	2.5
Archaeological Prospection	2.5
Journal of Hepato-Biliary-Pancreatic Sciences	2.5
Journal of Gastrointestinal and Liver Diseases	2.5
Clinical and Experimental Pharmacology and Physiology	2.5
Aquatic Conservation-Marine and Freshwater Ecosystems	2.5
Proceedings of the Institution of Civil Engineers-Engineering Sustainability	2.5
Consciousness and Cognition	2.5
Social Movement Studies	2.5
Annals of Nuclear Energy	2.5
Fisheries Oceanography	2.5
Journal of Psychology	2.5
Archives of Dermatological Research	2.5
Nuclear Data Sheets	2.5
International Journal of Sports Science & Coaching	2.5
Journal of Conflict Resolution	2.5
Contraception	2.5
Conservation Physiology	2.5
Journal of Crystal Growth	2.5
Environmental Geotechnics	2.5
BMJ Supportive & Palliative Care	2.5
Acta Crystallographica Section B-Structural Science Crystal Engineering and Materials	2.5
Child Psychiatry & Human Development	2.5
Journal of Volcanology and Geothermal Research	2.5
Physics Today	2.5
Political Science Research and Methods	2.5
Educational Studies in Mathematics	2.5
International Migration	2.5
Politische Vierteljahresschrift	2.5
Annals of Pharmacotherapy	2.5
Biotechnology Letters	2.5
Journal of Great Lakes Research	2.5
Medical Science Monitor	2.5
Seminars in Ultrasound Ct and Mri	2.5
Microprocessors and Microsystems	2.5
Infectious Diseases	2.5
Vegetation History and Archaeobotany	2.5
Protein and Peptide Letters	2.5
Dementia and Geriatric Cognitive Disorders	2.5
British Journal of Educational Studies	2.5
Journal of Applied Econometrics	2.5
Journal of Micromechanics and Microengineering	2.5
Journal of Environment & Development	2.5
Physics of Plasmas	2.5
Ocean Dynamics	2.5
Mycological Progress	2.5
Biotechnology and Applied Biochemistry	2.5
Computational Optimization and Applications	2.5
Science & Education	2.5
Powder Diffraction	2.5
Journal of Strategic Studies	2.5
Journal of Wood Science	2.5
Clinical Oncology	2.5
Natural Language Engineering	2.5
IEEE Transactions on Nanotechnology	2.5
Orthopaedic Surgery	2.5
Journal of Berry Research	2.5
Journal of Oral and Maxillofacial Surgery	2.5
Current Problems in Pediatric and Adolescent Health Care	2.5
Advances in Medical Sciences	2.5
Journal of Evidence-Based Dental Practice	2.5
Pain Management Nursing	2.5
International Journal of Micro Air Vehicles	2.5
International Journal of Sport Nutrition and Exercise Metabolism	2.5
International Journal of High Performance Computing Applications	2.4
Integrative and Comparative Biology	2.4
Journal of ECT	2.4
Explore-The Journal of Science and Healing	2.4
Fire Technology	2.4
Journal of Applied Research in Memory and Cognition	2.4
Feminist Legal Studies	2.4
Hydrobiologia	2.4
European Journal of Mechanics B-Fluids	2.4
Deep-Sea Research Part I-Oceanographic Research Papers	2.4
Population Space and Place	2.4
IEEE Transactions on Nuclear Science	2.4
Pediatric Blood & Cancer	2.4
Journal of Sandwich Structures & Materials	2.4
Cultural Diversity & Ethnic Minority Psychology	2.4
Human Factors and Ergonomics in Manufacturing & Service Industries	2.4
Hormones-International Journal of Endocrinology and Metabolism	2.4
Indian Journal of Pediatrics	2.4
Indian Journal of Psychiatry	2.4
Drugs-Education Prevention and Policy	2.4
Theoretical and Experimental Plant Physiology	2.4
American Journal of the Medical Sciences	2.4
Journal of Molecular Neuroscience	2.4
Journal of the American Oil Chemists Society	2.4
Weed Science	2.4
Clinical Anatomy	2.4
Sociology of Sport Journal	2.4
Journal of Solar Energy Engineering-Transactions of the Asme	2.4
Justice Quarterly	2.4
Childrens Geographies	2.4
Journal of Family Psychology	2.4
Toxicologic Pathology	2.4
Journal of Oceanography	2.4
Renewable Agriculture and Food Systems	2.4
Psychiatry Research-Neuroimaging	2.4
Geometry & Topology	2.4
Journal of Thermal Stresses	2.4
Journal of Career Development	2.4
China Ocean Engineering	2.4
Chirality	2.4
International Regional Science Review	2.4
Thin Solid Films	2.4
Optometry and Vision Science	2.4
SAGE Open	2.4
Journal of Asian Earth Sciences	2.4
Solar Physics	2.4
G3-Genes Genomes Genetics	2.4
Current Opinion in Obstetrics & Gynecology	2.4
Zeitschrift fuer Psychologie-Journal of Psychology	2.4
Dermatology Practical & Conceptual	2.4
Current Opinion in Oncology	2.4
European Journal of Social Theory	2.4
Asia Pacific Business Review	2.4
IEEE Photonics Technology Letters	2.4
Transactions in GIS	2.4
Journal of Studies on Alcohol and Drugs	2.4
Rural Sociology	2.4
Agroecology and Sustainable Food Systems	2.4
Australian Journal of Rural Health	2.4
International Journal of Science Education	2.4
American Journal of Mens Health	2.4
Codesign-International Journal of Cocreation in Design and the Arts	2.4
Digestive Diseases	2.4
Autonomous Agents and Multi-Agent Systems	2.4
Methods of Information in Medicine	2.4
Conservation Genetics	2.4
Journal de Mycologie Medicale	2.4
Prostaglandins Leukotrienes and Essential Fatty Acids	2.4
Recent Patents on Anti-Cancer Drug Discovery	2.4
Annals of Glaciology	2.4
Polish Journal of Food and Nutrition Sciences	2.4
Current Protein & Peptide Science	2.4
Oncotargets and Therapy	2.4
Pharmacogenomics & Personalized Medicine	2.4
Mutation Research-Fundamental and Molecular Mechanisms of Mutagenesis	2.4
Foot and Ankle Surgery	2.4
New Astronomy	2.4
Food and Environmental Virology	2.4
Studies in Applied Mathematics	2.4
Breast Journal	2.4
Evolution & Development	2.4
Journal of Plastic Reconstructive and Aesthetic Surgery	2.4
Journal of Institutional Economics	2.4
Pharmacology Biochemistry and Behavior	2.4
Aquaculture Environment Interactions	2.4
Journal of Water and Health	2.4
Obesity Research & Clinical Practice	2.4
Nanoethics	2.4
International Journal of Medical Robotics and Computer Assisted Surgery	2.4
Revista Argentina de Microbiologia	2.4
Brain and Language	2.4
Palliative & Supportive Care	2.4
International Development Planning Review	2.4
Journal of Competitiveness	2.4
Journal of Invertebrate Pathology	2.4
International Orthopaedics	2.4
Population Studies-A Journal of Demography	2.4
Israel Journal of Health Policy Research	2.4
Perceptual and Motor Skills	2.4
Journal of Aircraft	2.4
Annales Scientifiques de l'Ecole Normale Superieure	2.4
Journal of Computational and Applied Mathematics	2.4
Journal of Chemical and Engineering Data	2.4
International Journal of Psychology	2.4
Sexual Medicine	2.4
Progress of Theoretical and Experimental Physics	2.4
Journal of Macromolecular Science Part A-Pure and Applied Chemistry	2.4
Canadian Water Resources Journal	2.4
Affilia-Feminist Inquiry in Social Work	2.4
Cereal Chemistry	2.4
ChemPhysChem	2.4
American Journal of Occupational Therapy	2.4
Journal of Intellectual Disability Research	2.4
Applied Psycholinguistics	2.4
Swiss Journal of Geosciences	2.4
Frontiers in Neuroanatomy	2.4
Open Chemistry	2.4
Journal of Public Policy	2.4
Journal of Biomaterials Applications	2.4
Marine Georesources & Geotechnology	2.4
Voluntas	2.4
Biochimica et Biophysica Acta-Biomembranes	2.4
American Journal of Industrial Medicine	2.4
Occupational Medicine-Oxford	2.4
Research in Social Stratification and Mobility	2.4
Papers in Palaeontology	2.4
Journal of Toxicology and Environmental Health-Part A-Current Issues	2.4
Radiation and Environmental Biophysics	2.4
Party Politics	2.4
Atmospheric Science Letters	2.4
Infant and Child Development	2.4
Acta Geophysica	2.4
Journal of Psychoactive Drugs	2.4
Small-Scale Forestry	2.4
Epidemics	2.4
Express Polymer Letters	2.4
Medical Engineering & Physics	2.4
Entertainment Computing	2.4
Actuators	2.4
Clinical Simulation in Nursing	2.4
International Health	2.4
Scandinavian Journal of Immunology	2.4
Aquatic Sciences	2.4
Comparative Biochemistry and Physiology A-Molecular & Integrative Physiology	2.4
Journal of the Air & Waste Management Association	2.4
International Public Management Journal	2.4
Journal of Global Information Technology Management	2.4
Security Dialogue	2.4
Research in Sports Medicine	2.4
Journal of the American Pharmacists Association	2.4
Oral Surgery Oral Medicine Oral Pathology Oral Radiology	2.4
Gems & Gemology	2.4
Geographical Analysis	2.4
Ultrasonography	2.4
Knee	2.4
Diseases of the Esophagus	2.4
Physical and Engineering Sciences in Medicine	2.4
Leukemia Research	2.4
Developmental and Comparative Immunology	2.4
Journal of the Iranian Chemical Society	2.4
Journal of Veterinary Internal Medicine	2.4
Public Choice	2.4
Population and Environment	2.4
Pediatric Pulmonology	2.4
Journal of Pediatric Psychology	2.4
Current Problems in Cancer	2.4
Review of Public Personnel Administration	2.4
Behavior Genetics	2.4
Clinical Trials	2.4
Journal of Corporate Law Studies	2.4
School Effectiveness and School Improvement	2.4
Agribusiness	2.4
Memoirs of the American Mathematical Society	2.4
Journal of Business & Economic Statistics	2.4
Annals of Nuclear Medicine	2.4
Infant Behavior & Development	2.4
Journal of Orthopaedic Research	2.4
International Journal of Bifurcation and Chaos	2.4
Journal of Aging Studies	2.4
CrystEngComm	2.4
Canadian Journal of Infectious Diseases & Medical Microbiology	2.4
BMC Surgery	2.4
Applied Physiology Nutrition and Metabolism	2.4
Teaching and Learning in Medicine	2.4
Journal of Renewable and Sustainable Energy	2.4
Asia Pacific Law Review	2.4
Bilingualism-Language and Cognition	2.4
Revista da Sociedade Brasileira de Medicina Tropical	2.4
Journal of Risk Research	2.4
International Journal of Cultural Studies	2.4
Revista de Saude Publica	2.4
British Journal of Politics & International Relations	2.4
ECS Journal of Solid State Science and Technology	2.4
Journal of Financial Intermediation	2.4
Review of Development Economics	2.4
Tectonophysics	2.4
Amyotrophic Lateral Sclerosis and Frontotemporal Degeneration	2.4
Economics of Innovation and New Technology	2.4
European Journal of Environmental and Civil Engineering	2.4
Social Semiotics	2.4
Current Vascular Pharmacology	2.4
Neuroendocrinology	2.4
Marine Geophysical Research	2.4
Mini-Reviews in Organic Chemistry	2.4
Clinical Genitourinary Cancer	2.4
Estuaries and Coasts	2.4
Pacific Review	2.4
Frontiers in Astronomy and Space Sciences	2.4
Korea-Australia Rheology Journal	2.4
Experimental Neurobiology	2.4
KSCE Journal of Civil Engineering	2.4
Current Alzheimer Research	2.4
Energy Sources Part B-Economics Planning and Policy	2.4
International Journal of Urban and Regional Research	2.4
Sleep and Breathing	2.4
Journal of Health Organization and Management	2.4
Cardiovascular Engineering and Technology	2.4
Review of African Political Economy	2.4
Journal of Cardiovascular Electrophysiology	2.4
Journal of Intervention and Statebuilding	2.4
Journal of Vibration and Control	2.4
Violence Against Women	2.4
Research in Autism Spectrum Disorders	2.4
Social Politics	2.4
Journal of Regional Science	2.4
Clinics	2.4
Leadership	2.4
Journal of Elastomers and Plastics	2.4
Microcirculation	2.4
International Data Privacy Law	2.4
Crop Science	2.4
Chiropractic & Manual Therapies	2.4
Injury-International Journal of the Care of the Injured	2.4
Radiation Research	2.4
Rehabilitation	2.4
Journal of Biochemistry	2.4
Review of European Comparative & International Environmental Law	2.4
Mobile Media & Communication	2.4
Journal of Hand Surgery-American Volume	2.4
European Archives of Oto-Rhino-Laryngology	2.4
Genes Brain and Behavior	2.4
Canadian Psychology-Psychologie Canadienne	2.4
Mind & Language	2.4
Software Quality Journal	2.4
GAIA-Ecological Perspectives for Science and Society	2.4
Annals of Anatomy-Anatomischer Anzeiger	2.4
Hamostaseologie	2.4
Museum Management and Curatorship	2.4
Area	2.4
Equine Veterinary Journal	2.4
Australasian Journal of Environmental Management	2.4
Third World Quarterly	2.4
Physics of the Solid State	2.4
Swiss Journal of Palaeontology	2.4
Journal of Librarianship and Information Science	2.4
Tobacco Induced Diseases	2.4
Annals of Regional Science	2.4
Statistical Methods in Medical Research	2.4
Impact Assessment and Project Appraisal	2.4
Canadian Journal of Microbiology	2.4
Molecular Omics	2.4
Organometallics	2.4
Wetlands	2.4
Clinical and Experimental Nephrology	2.4
Epidemiology and Health	2.4
Cross Cultural & Strategic Management	2.4
Current Infectious Disease Reports	2.4
Emotion Space and Society	2.4
Infancy	2.4
Epilepsy & Behavior	2.4
IET Image Processing	2.4
Journal of the Indian Institute of Science	2.3
Polymers & Polymer Composites	2.3
Pediatric Rheumatology	2.3
Journal of Medical Screening	2.3
Journal of Evolutionary Biology	2.3
British Journal of Clinical Psychology	2.3
Pediatric Infectious Disease Journal	2.3
Journal of Hydrology and Hydromechanics	2.3
Cryptogamie Algologie	2.3
Reading and Writing	2.3
Journal of Oral Pathology & Medicine	2.3
Journal of Food Biochemistry	2.3
Javma-Journal of the American Veterinary Medical Association	2.3
Holistic Nursing Practice	2.3
Oral Radiology	2.3
Cognitive Therapy and Research	2.3
Plasmid	2.3
Journal of Engineering for Gas Turbines and Power-Transactions of the Asme	2.3
African Affairs	2.3
Ozone-Science & Engineering	2.3
Therapeutic Drug Monitoring	2.3
Journal of Perinatology	2.3
European Union Politics	2.3
Canadian Journal of Forest Research	2.3
Epilepsy Research	2.3
International Journal of Modern Physics B	2.3
American Journal of Physical Medicine & Rehabilitation	2.3
American Journal of Clinical Pathology	2.3
BMC Pediatrics	2.3
Birth-Issues in Perinatal Care	2.3
Journal of Criminal Justice	2.3
BMC Urology	2.3
Journal of Productivity Analysis	2.3
Journal of Reinforced Plastics and Composites	2.3
American Economic Journal-Microeconomics	2.3
Race Ethnicity and Education	2.3
Asian Journal of Organic Chemistry	2.3
HERD-Health Environments Research & Design Journal	2.3
Surface Science	2.3
Journal of Transport and Land Use	2.3
Journal of Interprofessional Care	2.3
International Journal of Psychiatry in Clinical Practice	2.3
OR Spectrum	2.3
Journal of Immigrant and Minority Health	2.3
Journal of the American Board of Family Medicine	2.3
International Journal of Sports Medicine	2.3
Journal of Reproductive and Infant Psychology	2.3
IETE Technical Review	2.3
Journal of Refugee Studies	2.3
Advances in Cement Research	2.3
World Bank Economic Review	2.3
Analysis and Applications	2.3
Journal of Human Nutrition and Dietetics	2.3
Optimization and Engineering	2.3
Cell and Tissue Banking	2.3
Journal of Marine Science and Technology	2.3
Energy Sources Part A-Recovery Utilization and Environmental Effects	2.3
Journal of the National Medical Association	2.3
International Review of Psychiatry	2.3
Aggressive Behavior	2.3
Bulletin of the Atomic Scientists	2.3
Health Information Management Journal	2.3
European Journal of Criminology	2.3
Dermatologic Surgery	2.3
Croatian Journal of Forest Engineering	2.3
Australian Social Work	2.3
Oxford Review of Education	2.3
Journal of Experimental Psychology-Applied	2.3
Micro & Nano Letters	2.3
Genes Chromosomes & Cancer	2.3
Journal of Clinical Pediatric Dentistry	2.3
Journal of Forestry	2.3
JOM	2.3
Seminars in Pediatric Neurology	2.3
Supreme Court Review	2.3
Congenital Heart Disease	2.3
Journal of Applied Poultry Research	2.3
Journal of Comparative Physiology A-Neuroethology Sensory Neural and Behavioral Physiology	2.3
Journal of Learning Disabilities	2.3
Annals of Thoracic Medicine	2.3
Surface Topography-Metrology and Properties	2.3
Journal of Differential Equations	2.3
Respiratory Care	2.3
Measurement & Control	2.3
International & Comparative Law Quarterly	2.3
Clinical Biochemistry	2.3
Social Science Journal	2.3
Ophthalmologica	2.3
Journal of Comparative Neurology	2.3
Demographic Research	2.3
Cambridge Quarterly of Healthcare Ethics	2.3
Journal of European Social Policy	2.3
Journal of Petroleum Geology	2.3
Colorectal Disease	2.3
Journal of Dermatology	2.3
Immunological Investigations	2.3
Annals of Hematology	2.3
Breast Care	2.3
Surgery Today	2.3
Modelling and Simulation in Materials Science and Engineering	2.3
Journal of Broadcasting & Electronic Media	2.3
Medical and Veterinary Entomology	2.3
Journal of Social and Personal Relationships	2.3
International Journal of Behavioral Medicine	2.3
Singapore Journal of Tropical Geography	2.3
Cereal Research Communications	2.3
Journal of Financial Research	2.3
Acta Physiologiae Plantarum	2.3
Insect Systematics and Diversity	2.3
Journal of Human Genetics	2.3
Journal of Fish Diseases	2.3
Journal of Behavior Therapy and Experimental Psychiatry	2.3
Canadian Journal of Occupational Therapy-Revue Canadienne d'Ergotherapie	2.3
Upsala Journal of Medical Sciences	2.3
Journal of Information Technology & Politics	2.3
Journal of Industrial Textiles	2.3
International Studies Perspectives	2.3
Biophysical Chemistry	2.3
Journal of Visceral Surgery	2.3
International Journal of Applied Mechanics	2.3
Frontiers of Materials Science	2.3
Journal of the Royal Society of New Zealand	2.3
Journal of Experimental Psychology-Learning Memory and Cognition	2.3
Critical Care Nurse	2.3
Astrobiology	2.3
Latin American Politics and Society	2.3
Journal of Sexual Aggression	2.3
Journal of Thoracic Disease	2.3
Journal of Electrostatics	2.3
Journal of Loss & Trauma	2.3
Jaids-Journal of Acquired Immune Deficiency Syndromes	2.3
JM3: Journal of Micro-Nanopatterning Materials and Metrology	2.3
ACM Journal on Emerging Technologies in Computing Systems	2.3
Hormone and Metabolic Research	2.3
Mathematics	2.3
International Journal for Parasitology-Parasites and Wildlife	2.3
Disability & Society	2.3
ILR Review	2.3
Injury Epidemiology	2.3
Journal of the Chinese Medical Association	2.3
Clinical Gerontologist	2.3
American Journal of Surgery	2.3
Journal of Atmospheric and Oceanic Technology	2.3
Dysphagia	2.3
Weed Research	2.3
Journal of Irrigation and Drainage Engineering	2.3
Journal of Voice	2.3
Journal of Neuroscience Nursing	2.3
Animal Behaviour	2.3
Annalen der Physik	2.3
Alcohol and Alcoholism	2.3
Augmentative and Alternative Communication	2.3
Journal of Reconstructive Microsurgery	2.3
Boundary Value Problems	2.3
Naval Research Logistics	2.3
Journal of Nursing Education	2.3
Arquivos Brasileiros de Cardiologia	2.3
Journal of Cardiovascular Nursing	2.3
Journal of Fusion Energy	2.3
Focaal-Journal of Global and Historical Anthropology	2.3
Archives of Oral Biology	2.3
International Journal of Systematic and Evolutionary Microbiology	2.3
American Journal of International Law	2.3
Physical Therapy in Sport	2.3
International Archives of Allergy and Immunology	2.3
Structural Chemistry	2.3
Brain Connectivity	2.3
AJIDD-American Journal on Intellectual and Developmental Disabilities	2.3
Western Journal of Emergency Medicine	2.3
International Review of Finance	2.3
Rubber Chemistry and Technology	2.3
Reproduction Fertility and Development	2.3
Asia-Pacific Journal of Atmospheric Sciences	2.3
Marine Biology	2.3
Marine Ecology Progress Series	2.3
European Biophysics Journal With Biophysics Letters	2.3
Pharmacopsychiatry	2.3
Frontiers in Earth Science	2.3
Scandinavian Journal of Management	2.3
Journal of Education for Teaching	2.3
Applied Numerical Mathematics	2.3
Current Drug Metabolism	2.3
Journal of Agricultural Education & Extension	2.3
Linguistic Inquiry	2.3
International Journal of General Medicine	2.3
ChemistrySelect	2.3
Gender and Education	2.3
Magazine of Concrete Research	2.3
Abdominal Radiology	2.3
Nonlinear Analysis-Modelling and Control	2.3
Antarctic Science	2.3
Journal of Children and Media	2.3
Pramana-Journal of Physics	2.3
Topics in Stroke Rehabilitation	2.3
Ethics & Behavior	2.3
Journal of Fluids Engineering-Transactions of the Asme	2.3
Journal of Building Physics	2.3
International Journal of Aging & Human Development	2.3
Journal of Music Therapy	2.3
Nanomaterials and Nanotechnology	2.3
Social Theory & Health	2.3
Journal of Neurophysiology	2.3
Journal of Moral Education	2.3
Bulletin of Mathematical Biology	2.3
Journal of Pediatric Surgery	2.3
Immunotherapy	2.3
Foot & Ankle International	2.3
Journalism Practice	2.3
Current Opinion in Supportive and Palliative Care	2.3
Journal of Structural Biology	2.3
Physical Medicine and Rehabilitation Clinics of North America	2.3
European Journal of Trauma and Emergency Surgery	2.3
International Journal of Forest Engineering	2.3
Journal of Phonetics	2.3
Urology	2.3
Journal of Leisure Research	2.3
Communications-European Journal of Communication Research	2.3
Basic and Clinical Andrology	2.3
Journal for the Scientific Study of Religion	2.3
Journal of Economic History	2.3
European Economic Review	2.3
Journal of Electron Spectroscopy and Related Phenomena	2.3
Journal of Agricultural Science	2.3
Public Health Reports	2.3
Quaternary Research	2.3
Disasters	2.3
Mediterranean Journal of Hematology and Infectious Diseases	2.3
Operative Dentistry	2.3
Review of Keynesian Economics	2.3
International Journal of Theoretical Physics	2.3
European Journal of Drug Metabolism and Pharmacokinetics	2.3
Animal Cognition	2.3
Current Opinion in Urology	2.3
Food and Nutrition Bulletin	2.3
Biorheology	2.3
IMA Journal of Numerical Analysis	2.3
Journal of Rehabilitation Medicine	2.3
Steel Research International	2.3
Computer Assisted Surgery	2.3
Diversity-Basel	2.3
Trees-Structure and Function	2.3
Ecohealth	2.3
Open Life Sciences	2.3
Journal of Intensive Care Medicine	2.3
Computer Supported Cooperative Work-The Journal of Collaborative Computing and Work Practices	2.3
Bioorganic & Medicinal Chemistry Letters	2.3
Bioethics	2.3
Acta Chimica Sinica	2.3
Journal of Family Violence	2.3
Canadian Journal of Ophthalmology-Journal Canadien d'Ophtalmologie	2.3
Veterinary Pathology	2.3
Journal of Viral Hepatitis	2.3
Cornea	2.3
Behavioural and Cognitive Psychotherapy	2.3
European Journal of Obstetrics & Gynecology and Reproductive Biology	2.3
Perspectives in Public Health	2.3
Advanced Nonlinear Studies	2.3
Journal of Insect Science	2.3
CIN-Computers Informatics Nursing	2.3
Journal of Visualization	2.3
Continental Shelf Research	2.3
Quantitative Economics	2.3
Aquatic Botany	2.3
Early Intervention in Psychiatry	2.3
Pediatrics and Neonatology	2.3
Foodborne Pathogens and Disease	2.3
Boreas	2.3
Primary Care Diabetes	2.3
Journal of Foot and Ankle Research	2.3
Growth and Change	2.2
Financial Analysts Journal	2.2
Cytojournal	2.2
Forest Science	2.2
Surgical Innovation	2.2
European Journal of Phycology	2.2
Health Education & Behavior	2.2
Journal of Porous Media	2.2
Journal of Racial and Ethnic Health disParities	2.2
Ageing & Society	2.2
Artificial Organs	2.2
Behavior Modification	2.2
Psychology of Popular Media	2.2
Comparative European Politics	2.2
Philosophy & Public Affairs	2.2
Journal of Mechanical Science and Technology	2.2
American Statistician	2.2
Proceedings of the Institution of Mechanical Engineers Part L-Journal of Materials-Design and Applications	2.2
Drug and Chemical Toxicology	2.2
Enfermedades Infecciosas y Microbiologia Clinica	2.2
Western Journal of Nursing Research	2.2
Journal of Plant Research	2.2
Applied Spectroscopy	2.2
Argumentation	2.2
Medicina Oral Patologia Oral y Cirugia Bucal	2.2
Journal of Aging and Health	2.2
Indian Journal of Microbiology	2.2
Cytotechnology	2.2
Distance Education	2.2
Journal of Obstetrics and Gynaecology	2.2
Educational Measurement-Issues and Practice	2.2
Social Policy & Administration	2.2
Journal of Risk and Uncertainty	2.2
Journal of Aerosol Medicine and Pulmonary Drug Delivery	2.2
Telecommunication Systems	2.2
Journal of Eye Movement Research	2.2
High Ability Studies	2.2
Journal of Youth Studies	2.2
Journal of Causal Inference	2.2
Service Science	2.2
Stochastics and Partial Differential Equations-Analysis and Computations	2.2
Journal of Diversity in Higher Education	2.2
Workplace Health & Safety	2.2
Synthesis-Stuttgart	2.2
Head and Neck-Journal for the Sciences and Specialties of the Head and Neck	2.2
Physical Mesomechanics	2.2
Economics & Politics	2.2
Blood Purification	2.2
Biochimica et Biophysica Acta-Proteins and Proteomics	2.2
Terrorism and Political Violence	2.2
Meccanica	2.2
Frontiers in Pediatrics	2.2
Coronary Artery Disease	2.2
Frontiers in Physics	2.2
Common Market Law Review	2.2
Korean Journal of Internal Medicine	2.2
Networks & Spatial Economics	2.2
Microbial Risk Analysis	2.2
Veterinary Research Communications	2.2
Journal of Economic Psychology	2.2
Quantum Information Processing	2.2
International Journal of Older People Nursing	2.2
ASAIO Journal	2.2
Journal of Pediatric Urology	2.2
Biochemical Systematics and Ecology	2.2
Journal of Homosexuality	2.2
Political Studies Review	2.2
International Journal of Multilingualism	2.2
In Vitro Cellular & Developmental Biology-Plant	2.2
Journal of Heredity	2.2
International Journal of Laboratory Hematology	2.2
Journal of Deaf Studies and Deaf Education	2.2
Journal of Glaucoma	2.2
Psychology in the Schools	2.2
Avian Research	2.2
Research in Higher Education	2.2
Transportation Research Record	2.2
Quest	2.2
Updates in Surgery	2.2
Journal of Horticultural Science & Biotechnology	2.2
IMA Journal of Applied Mathematics	2.2
Environmental Technology	2.2
Disability and Rehabilitation	2.2
Revista de Ciencia Politica	2.2
Language Sciences	2.2
Biopharmaceutics & Drug disPosition	2.2
Brazilian Journal of Anesthesiology	2.2
Social Anthropology	2.2
Journal of Muscle Research and Cell Motility	2.2
Veterinary Clinics of North America-Food Animal Practice	2.2
Journal of Consumer Protection and Food Safety	2.2
Cells Tissues Organs	2.2
Aphasiology	2.2
Propellants Explosives Pyrotechnics	2.2
Extremophiles	2.2
Journal of Pragmatics	2.2
Pancreas	2.2
Cognition & Emotion	2.2
Molecular Genetics and Genomics	2.2
Cancer Causes & Control	2.2
Health Informatics Journal	2.2
European Journal of Special Needs Education	2.2
Canadian Journal of Agricultural Economics-Revue Canadienne d'Agroeconomie	2.2
Chemical Engineering Communications	2.2
Asia Pacific Education Review	2.2
Climate Research	2.2
Molecular Imaging	2.2
International Urology and Nephrology	2.2
Clinical Respiratory Journal	2.2
Fullerenes Nanotubes and Carbon Nanostructures	2.2
Journal of Ophthalmology	2.2
Urban Research & Practice	2.2
Self and Identity	2.2
Ecohydrology	2.2
Journal of Accounting and Public Policy	2.2
Aerosol Science and Technology	2.2
Bioresources	2.2
International Emergency Nursing	2.2
Journal of Wine Economics	2.2
Acta Polytechnica Hungarica	2.2
Journal of Surgical Education	2.2
Vocations and Learning	2.2
Saudi Journal of Gastroenterology	2.2
International Journal of Sexual Health	2.2
World Mycotoxin Journal	2.2
Collegian	2.2
International Journal of Lower Extremity Wounds	2.2
Journal of Vision	2.2
Multiscale Modeling & Simulation	2.2
Science Technology and Society	2.2
Family Process	2.2
Geometric and Functional Analysis	2.2
Advances in Theoretical and Mathematical Physics	2.2
Limnology and Oceanography-Methods	2.2
Cardiovascular Diagnosis and Therapy	2.2
Eye & Contact Lens-Science and Clinical Practice	2.2
Computer	2.2
Occupational Therapy International	2.2
IEEE Spectrum	2.2
International Journal of Fruit Science	2.2
Clinical Imaging	2.2
Educational Policy	2.2
Journal of Social Work	2.2
Vision Research	2.2
Journal of Advanced Transportation	2.2
APMIS	2.2
Applied Nursing Research	2.2
Qualitative Social Work	2.2
Annals of Telecommunications	2.2
Journal of Marine Systems	2.2
Journal of Policy and Practice in Intellectual Disabilities	2.2
International Political Science Review	2.2
International Journal of Market Research	2.2
Journal of disPersion Science and Technology	2.2
EURASIP Journal on Advances in Signal Processing	2.2
Cancer Investigation	2.2
British Journal of Social Work	2.2
International Wound Journal	2.2
Research on Aging	2.2
International Journal of Behavioral Development	2.2
American Journal of Enology and Viticulture	2.2
Discourse-Studies in the Cultural Politics of Education	2.2
Critical Asian Studies	2.2
Journal of Insect Conservation	2.2
Quaternary International	2.2
Journal of Applied Research in Intellectual Disabilities	2.2
Mine Water and the Environment	2.2
Journal of Thermal Science and Engineering Applications	2.2
SIAM Journal on Mathematical Analysis	2.2
Seminars in Thoracic and Cardiovascular Surgery	2.2
SIAM-ASA Journal on Uncertainty Quantification	2.2
Investment Analysts Journal	2.2
Journal of Health Services Research & Policy	2.2
Journal of Electronic Packaging	2.2
Scientific American	2.2
Journal of Atmospheric and Solar-Terrestrial Physics	2.2
Textile Research Journal	2.2
Contemporary Nurse	2.2
Urban Design International	2.2
Chinese Journal of Organic Chemistry	2.2
Journal of Coastal Conservation	2.2
Aquatic Ecology	2.2
Science As Culture	2.2
Journal of Mathematics Teacher Education	2.2
Flow Turbulence and Combustion	2.2
Wave Motion	2.2
International Journal of Urban Sciences	2.2
Experimental and Applied Acarology	2.2
Archives of Suicide Research	2.2
Bladder Cancer	2.2
Monatshefte fuer Chemie	2.2
Mycologia	2.2
Soldering & Surface Mount Technology	2.2
Language Cognition and Neuroscience	2.2
Annals of Applied Probability	2.2
Health Economics Policy and Law	2.2
IT Professional	2.2
Journal of Clinical Pharmacology	2.2
Housing Policy Debate	2.2
Journal of Hydrologic Engineering	2.2
Livestock Science	2.2
INFOR	2.2
Behavioral Ecology	2.2
Journal of Sex & Marital Therapy	2.2
Millennium-Journal of International Studies	2.2
Expert Review of Pharmacoeconomics & Outcomes Research	2.2
Urban Affairs Review	2.2
Experimental and Therapeutic Medicine	2.2
American Journal on Addictions	2.2
Journal of Religion & Health	2.2
Journal of Ocular Pharmacology and Therapeutics	2.2
Fire and Materials	2.2
Environmental Hazards-Human and Policy Dimensions	2.2
Journal of Community Psychology	2.2
Preparative Biochemistry & Biotechnology	2.2
Annals of the Entomological Society of America	2.2
World Journal of Surgery	2.2
CALPHAD-Computer Coupling of Phase Diagrams and Thermochemistry	2.2
Archives of Agronomy and Soil Science	2.2
Flora	2.2
Pediatric Clinics of North America	2.2
Journal of Anatomy	2.2
International Geology Review	2.2
Journal of Raman Spectroscopy	2.2
Journal of Palestine Studies	2.2
Journal of Communication Disorders	2.2
Surface Engineering	2.2
Archives of Orthopaedic and Trauma Surgery	2.2
Journal of Interpersonal Violence	2.2
European Accounting Review	2.2
Feminism & Psychology	2.2
Musculoskeletal Science and Practice	2.2
First Language	2.2
Yeast	2.2
Animal Genetics	2.2
Endokrynologia Polska	2.2
Public Health Genomics	2.2
Invertebrate Systematics	2.2
Sociology of Religion	2.2
Corpus Linguistics and Linguistic Theory	2.2
International Journal of Paediatric Dentistry	2.2
Journal of Environmental Radioactivity	2.2
Journal of Spatial Science	2.2
Brain Tumor Pathology	2.2
Contemporary Southeast Asia	2.2
Australian Geographer	2.2
Canadian Journal of Chemical Engineering	2.2
Biochemistry and Cell Biology	2.2
Langenbecks Archives of Surgery	2.2
Seminars in Neurology	2.2
SIAM Journal on Applied Dynamical Systems	2.2
Journal of Neurosurgery-Pediatrics	2.2
Environmental and Ecological Statistics	2.2
Indian Journal of Ophthalmology	2.2
Parkinsons Disease	2.2
Global Policy	2.2
Biomarkers	2.2
Psychology Health & Medicine	2.2
Journal of Advanced Concrete Technology	2.2
Drug Metabolism and Pharmacokinetics	2.2
European Journal of Medical Genetics	2.2
Concurrency and Computation-Practice & Experience	2.2
Neuroscience Letters	2.2
Symmetry-Basel	2.2
International Journal of the Commons	2.2
Proceedings of the Institution of Mechanical Engineers Part J-Journal of Engineering Tribology	2.2
Journal of Plant Pathology	2.1
Applied Radiation and Isotopes	2.1
Experimental Brain Research	2.1
Indian Journal of Medical Research	2.1
Learning Culture and Social Interaction	2.1
Journal of Essential Oil Bearing Plants	2.1
Translational Cancer Research	2.1
Journal of Computational and Nonlinear Dynamics	2.1
General and Comparative Endocrinology	2.1
Journal of Magnetic Resonance	2.1
Geography	2.1
Neural Computation	2.1
Language in Society	2.1
International Journal of Engine Research	2.1
Biologia Futura	2.1
Real-Time Systems	2.1
Current Zoology	2.1
Signal Processing-Image Communication	2.1
Wildlife Biology	2.1
International Journal of Prosthodontics	2.1
Annals of Applied Biology	2.1
School Psychology	2.1
Journal of Biomolecular Nmr	2.1
Journal of Reproduction and Development	2.1
American Journal of Health Promotion	2.1
Magnetic Resonance Imaging	2.1
International Relations	2.1
Therapie	2.1
Water Policy	2.1
European Journal of Cultural Studies	2.1
Early Education and Development	2.1
Journal of Essential Oil Research	2.1
Asian American Journal of Psychology	2.1
Policing & Society	2.1
Tetrahedron	2.1
Nutrition Research and Practice	2.1
Population Research and Policy Review	2.1
Proceedings of the Institution of Mechanical Engineers Part B-Journal of Engineering Manufacture	2.1
Mathematical Programming	2.1
Journal of the Indian Society of Remote Sensing	2.1
Development Policy Review	2.1
Computational Geosciences	2.1
Security Journal	2.1
Environment and Urbanization	2.1
Mind	2.1
Bioacoustics-The International Journal of Animal Sound and Its Recording	2.1
Journal of Heuristics	2.1
Higher Education Policy	2.1
International Agrophysics	2.1
Materials and Corrosion-Werkstoffe und Korrosion	2.1
Botanical Journal of the Linnean Society	2.1
Laser and Particle Beams	2.1
Bulletin of Materials Science	2.1
Lubrication Science	2.1
Asia-Pacific Journal of Clinical Oncology	2.1
Neurobiology of Learning and Memory	2.1
Disability and Rehabilitation-Assistive Technology	2.1
Journal of Chemical Ecology	2.1
Journal of Economics & Management Strategy	2.1
Clinical and Applied Thrombosis-Hemostasis	2.1
Child Care Health and Development	2.1
Journal of Maps	2.1
Progress in Rubber Plastics and Recycling Technology	2.1
Journal of Mass Spectrometry	2.1
Journal of Stroke & Cerebrovascular Diseases	2.1
Quaternary Geochronology	2.1
Landscape and Ecological Engineering	2.1
Biologicals	2.1
Forensic Toxicology	2.1
Interpreter and Translator Trainer	2.1
Oxford Bulletin of Economics and Statistics	2.1
Journal of Experimental Marine Biology and Ecology	2.1
Periodica Polytechnica-Chemical Engineering	2.1
Trials	2.1
Journal of the American Psychiatric Nurses Association	2.1
Oncology Letters	2.1
Blood Cells Molecules and Diseases	2.1
Sport in Society	2.1
Transportation Planning and Technology	2.1
Journal of Pharmacological and Toxicological Methods	2.1
Archives of Environmental Contamination and Toxicology	2.1
Philosophy Compass	2.1
Israel Journal of Chemistry	2.1
Croatian Medical Journal	2.1
Current Sociology	2.1
Acta Crystallographica A-Foundation and Advances	2.1
Developmental Biology	2.1
Clay Minerals	2.1
Clinical Genetics	2.1
Research in Veterinary Science	2.1
Economica	2.1
Planta Medica	2.1
Community Mental Health Journal	2.1
IET Electrical Systems in Transportation	2.1
Canadian Journal of Remote Sensing	2.1
Biochemistry-Moscow	2.1
Saudi Medical Journal	2.1
Cadernos de Saude Publica	2.1
Journal of Performance of Constructed Facilities	2.1
Journal of Medical and Biological Engineering	2.1
European Journal of Plant Pathology	2.1
Journal of Child and Family Studies	2.1
Semiconductor Science and Technology	2.1
Journal of Adult Development	2.1
Neuroreport	2.1
Transfusion Medicine and Hemotherapy	2.1
Journal of Counseling and Development	2.1
British Journal of Sociology of Education	2.1
Paddy and Water Environment	2.1
Magnetic Resonance in Chemistry	2.1
Aerobiologia	2.1
Revue d'Epidemiologie et de Sante Publique	2.1
Optimal Control Applications & Methods	2.1
Social Epistemology	2.1
Seed Science Research	2.1
Astrophysics and Space Science	2.1
Journal of Neuro-Ophthalmology	2.1
International Journal of Performance Analysis in Sport	2.1
Journal of Cryptology	2.1
Nordic Journal of Religion and Society	2.1
Early Human Development	2.1
Industrial Robot-The International Journal of Robotics Research and Application	2.1
Nordic Studies on Alcohol and Drugs	2.1
Developmental Neuroscience	2.1
International Journal of Marine and Coastal Law	2.1
Microscopy Research and Technique	2.1
Journal of Gastrointestinal Oncology	2.1
Bioanalysis	2.1
Reaction Kinetics Mechanisms and Catalysis	2.1
Cancer Journal	2.1
Cardiology Research and Practice	2.1
Journal of Analytical Methods in Chemistry	2.1
Brain and Cognition	2.1
Plant Production Science	2.1
Biosystems	2.1
Journal of Medical Ultrasonics	2.1
EPL	2.1
Biomarkers in Medicine	2.1
Biochemia Medica	2.1
Stereotactic and Functional Neurosurgery	2.1
Clinical Eeg and Neuroscience	2.1
Psicologia Educativa	2.1
Journal of Herbal Medicine	2.1
African Development Review-Revue Africaine de Developpement	2.1
Journal of Obsessive-Compulsive and Related Disorders	2.1
Iranian Journal of Science and Technology-Transactions of Mechanical Engineering	2.1
Acta Geologica Sinica-English Edition	2.1
Games and Culture	2.1
Entropy	2.1
Journal of Systems Science and Systems Engineering	2.1
Multisensory Research	2.1
Journal of Chemotherapy	2.1
Journal of Cranio-Maxillofacial Surgery	2.1
Traffic Injury Prevention	2.1
Lasers in Surgery and Medicine	2.1
Inhalation Toxicology	2.1
Journal of Aquatic Animal Health	2.1
International Journal of Civil Engineering	2.1
Feminist Media Studies	2.1
Journal of Public Health Policy	2.1
Sex Education-Sexuality Society and Learning	2.1
Journal of Computational Biophysics and Chemistry	2.1
Southeast European and Black Sea Studies	2.1
Human Immunology	2.1
Gravitation & Cosmology	2.1
Molecular Simulation	2.1
Acta Sociologica	2.1
Children and Youth Services Review	2.1
Neotropical Ichthyology	2.1
Nefrologia	2.1
Proceedings of the Institution of Mechanical Engineers Part K-Journal of Multi-Body Dynamics	2.1
Journal of Adolescent Research	2.1
Society & Natural Resources	2.1
Australian Occupational Therapy Journal	2.1
Respiratory Medicine and Research	2.1
Death Studies	2.1
International Journal of Developmental Biology	2.1
Biostatistics	2.1
Solvent Extraction and Ion Exchange	2.1
Journal of Rational-Emotive and Cognitive-Behavior Therapy	2.1
BMC Ophthalmology	2.1
American Journal of Nursing	2.1
Journal of Real Estate Finance and Economics	2.1
Zoologia	2.1
Population Health Management	2.1
Soil Science and Plant Nutrition	2.1
International Journal of Inclusive Education	2.1
Journal of Laser Applications	2.1
Consumption Markets & Culture	2.1
Leukemia & Lymphoma	2.1
World Journal of Gastrointestinal Surgery	2.1
Ethnicity & Health	2.1
Therapeutic Innovation & Regulatory Science	2.1
Canadian Respiratory Journal	2.1
International Journal of Public Opinion Research	2.1
Engineering Computations	2.1
Czech Journal of Genetics and Plant Breeding	2.1
European Journal of Gastroenterology & Hepatology	2.1
Numerische Mathematik	2.1
Photonics	2.1
Current Stem Cell Research & Therapy	2.1
International Journal of Automotive Technology	2.1
Journal of Experimental & Theoretical Artificial Intelligence	2.1
Crystal Research and Technology	2.1
Journal of Bioethical Inquiry	2.1
Journal of Applied Genetics	2.1
Familial Cancer	2.1
Parasitology International	2.1
Annals of Nutrition and Metabolism	2.1
Breastfeeding Medicine	2.1
Brazilian Journal of Microbiology	2.1
Marine Biodiversity	2.1
Clinical Journal of Sport Medicine	2.1
Journal of Maternal-Fetal & Neonatal Medicine	2.1
Journal of Medical Entomology	2.1
Journal of Child Language	2.1
Ethos	2.1
Systematics and Biodiversity	2.1
Compare-A Journal of Comparative and International Education	2.1
Biometrical Journal	2.1
Advances in Data Analysis and Classification	2.1
Immunogenetics	2.1
Biopsychosocial Medicine	2.1
Journal of Community Health	2.1
Psychological Research-Psychologische Forschung	2.1
Soil and Water Research	2.1
Research on Social Work Practice	2.1
Veterinary Medicine and Science	2.1
Perspectives in Psychiatric Care	2.1
Journal of the American Society of Brewing Chemists	2.1
Journal of Elasticity	2.1
Radiologic Clinics of North America	2.1
Physics of the Earth and Planetary Interiors	2.1
International Journal for Numerical Methods in Biomedical Engineering	2.1
Commentarii Mathematici Helvetici	2.1
Comparative Politics	2.1
Ophthalmic Research	2.1
IEEE Computer Graphics and Applications	2.1
Research Papers in Education	2.1
Computational Economics	2.1
Asia-Pacific Journal of Accounting & Economics	2.1
Zeitschrift fuer Naturforschung Section C-A Journal of Biosciences	2.1
Journal of Thrombosis and Thrombolysis	2.1
Modern Rheumatology	2.1
Clinics in Geriatric Medicine	2.1
Kidney & Blood Pressure Research	2.1
Nursing & Health Sciences	2.1
European Journal of Industrial Relations	2.1
Retina-The Journal of Retinal and Vitreous Diseases	2.1
Calculus of Variations and Partial Differential Equations	2.1
International Gambling Studies	2.1
Journal of Radiation Research	2.1
Tree Genetics & Genomes	2.1
JOGNN-Journal of Obstetric Gynecologic and Neonatal Nursing	2.1
Asian Pacific Journal of Allergy and Immunology	2.1
Innovation-Organization & Management	2.1
Surgical Oncology-Oxford	2.1
Asian Journal of Communication	2.1
Research Quarterly for Exercise and Sport	2.1
Annals of Work Exposures and Health	2.1
Scandinavian Journal of Surgery	2.1
International Journal for Numerical Methods in Fluids	2.1
Inverse Problems	2.1
Journal of School Nursing	2.1
Journal of East Asian Studies	2.1
International Journal of Gynecological Pathology	2.1
International Journal of Heritage Studies	2.1
Materials Science-Poland	2.1
Statistics in Medicine	2.1
Journal of Hand Surgery-European Volume	2.1
Ironmaking & Steelmaking	2.1
Tropical Plant Biology	2.1
Journal of Ultrasound in Medicine	2.1
Telemedicine and E-Health	2.1
Agrekon	2.1
Psychogeriatrics	2.1
Journal of Poultry Science	2.1
Scandinavian Journal of Caring Sciences	2.1
New Generation Computing	2.1
Psychology of Men & Masculinities	2.1
Anatolian Journal of Cardiology	2.1
Journal of Family Studies	2.1
Journal of Environmental Science and Health Part A-Toxic/Hazardous Substances & Environmental Engineering	2
Journal of Vascular Access	2
Australian Journal of General Practice	2
Journal of Plant Biochemistry and Biotechnology	2
Pregnancy Hypertension-An International Journal of Womens Cardiovascular Health	2
International Journal of Ophthalmology	2
Translational Pediatrics	2
Folia Parasitologica	2
Growth Hormone & Igf Research	2
Foreign Language Annals	2
Men and Masculinities	2
Journal of Surfactants and Detergents	2
Industrial Relations	2
Journal of Environmental Pathology Toxicology and Oncology	2
Postepy w Kardiologii Interwencyjnej	2
Carbonates and Evaporites	2
Neurourology and Urodynamics	2
Journal of Applied Gerontology	2
Family Relations	2
Journal of Pediatric Health Care	2
Turkish Studies	2
Weather	2
Sexuality and Disability	2
Tropical Animal Health and Production	2
European Journal of Oral Sciences	2
Gastroenterologia y Hepatologia	2
Family Medicine	2
Career Development Quarterly	2
Plant Molecular Biology Reporter	2
Infant Mental Health Journal	2
Journal of Human Lactation	2
Journal of the Institute of Brewing	2
Nursing Philosophy	2
Virus Genes	2
Genes & Genomics	2
Journal of Health Psychology	2
International Journal of Bilingual Education and Bilingualism	2
Revista de Investigacion Clinica-Clinical and Translational Investigation	2
Attention Perception & Psychophysics	2
International Journal of Clinical Practice	2
Journal of Advanced Prosthodontics	2
Annals of the Royal College of Surgeons of England	2
European Journal of Contraception and Reproductive Health Care	2
SIAM Journal on Applied Mathematics	2
Health	2
Transcultural Psychiatry	2
International Journal of Coal Preparation and Utilization	2
iForest-Biogeosciences and Forestry	2
Journal of Electrical Engineering & Technology	2
IEEE Design & Test	2
Health Promotion Journal of Australia	2
Networks	2
Mathematics of Computation	2
Brazilian Journal of Infectious Diseases	2
International Journal of Radiation Biology	2
Asian Journal of Control	2
Economics Letters	2
Language Resources and Evaluation	2
Laryngoscope	2
International Journal of Genomics	2
Journal of Function Spaces	2
International Journal of Occupational Medicine and Environmental Health	2
Aging Neuropsychology and Cognition	2
IEEE Computer Architecture Letters	2
Feminist Criminology	2
Rehabilitation Psychology	2
Sports Biomechanics	2
Foreign Policy Analysis	2
Race and Social Problems	2
Journal of Pediatric and Adolescent Gynecology	2
Cardiovascular Ultrasound	2
Aircraft Engineering and Aerospace Technology	2
Journal of Molecular Evolution	2
ACM Transactions on Mathematical Software	2
Journal of Nematology	2
Journal of Biological Physics	2
Jsls-Journal of the Society of Laparoendoscopic Surgeons	2
Journal of Engineering Mathematics	2
Endocrine Metabolic & Immune Disorders-Drug Targets	2
Human Nature-An Interdisciplinary Biosocial Perspective	2
Neurorehabilitation	2
Physica Status Solidi A-Applications and Materials Science	2
In Vitro Cellular & Developmental Biology-Animal	2
Biological Cybernetics	2
Journal of Quantitative Spectroscopy & Radiative Transfer	2
Journal of Biophotonics	2
Behavioral Ecology and Sociobiology	2
Animal Biotechnology	2
Applied Mathematics and Optimization	2
Current Anthropology	2
Journal of Medicine and Philosophy	2
Color Research and Application	2
Dynamics of Atmospheres and Oceans	2
International Journal of Applied Glass Science	2
FEMS Microbiology Letters	2
Communication Monographs	2
Irish Journal of Medical Science	2
Canadian Journal of Public Health-Revue Canadienne de Sante Publique	2
International Urogynecology Journal	2
Canadian Journal of Surgery	2
Primary Health Care Research and Development	2
Particulate Science and Technology	2
RoFo-Fortschritte auf dem Gebiet der Rontgenstrahlen und der bildgebenden Verfahren	2
Medical Decision Making	2
Physical Review Accelerators and Beams	2
Palaios	2
Journal of Politeness Research-Language Behaviour Culture	2
IEEE Electrical Insulation Magazine	2
Proceedings of the Institution of Civil Engineers-Transport	2
Sleep and Biological Rhythms	2
Evolutionary Ecology	2
Sexual Health	2
Physics-Uspekhi	2
Australian Forestry	2
Journal of the Society for Information disPlay	2
Human Psychopharmacology-Clinical and Experimental	2
Journal of Mammalian Evolution	2
Labour Economics	2
Sexual & Reproductive Healthcare	2
PM&R	2
Arctic Antarctic and Alpine Research	2
Cuaj-Canadian Urological Association Journal	2
Journal of Neurovirology	2
Zoologica Scripta	2
Nephrology	2
International Journal of Rheumatic Diseases	2
Human Ecology	2
Tumori Journal	2
Journal of Tissue Engineering and Regenerative Medicine	2
Developmental Neurobiology	2
European Neurology	2
Review of Economic Dynamics	2
Behavioral Sleep Medicine	2
Journal of Applied Animal Research	2
Explorations in Economic History	2
Allergy and Asthma Proceedings	2
Genetica	2
Prehospital Emergency Care	2
Biological Research for Nursing	2
Annals of Surgical Treatment and Research	2
Geological Magazine	2
Journal of Wound Care	2
Journal of Phase Equilibria and Diffusion	2
Marine Resource Economics	2
Natural Resource Modeling	2
Archives of Insect Biochemistry and Physiology	2
Issues in Mental Health Nursing	2
Critical Sociology	2
Multidimensional Systems and Signal Processing	2
Pediatric Neurology	2
Analytical Sciences	2
ISIJ International	2
Literacy	2
Human Fertility	2
Journal of Geophysics and Engineering	2
Antonie Van Leeuwenhoek International Journal of General and Molecular Microbiology	2
International Journal of Numerical Modelling-Electronic Networks Devices and Fields	2
Veterinary Clinics of North America-Small Animal Practice	2
Negotiation Journal	2
Cognition and Instruction	2
Journal of Orthopaedic Trauma	2
Meteorology and Atmospheric Physics	2
Transfusion	2
SIAM Journal on Financial Mathematics	2
Ichnos-An International Journal for Plant and Animal Traces	2
Tissue Engineering Part C-Methods	2
Synthetic Communications	2
Scandinavian Journal of Psychology	2
Systems Biology in Reproductive Medicine	2
Research in Gerontological Nursing	2
Journal of International Development	2
Proceedings of the Institution of Mechanical Engineers Part E-Journal of Process Mechanical Engineering	2
Economics & Human Biology	2
Journal of Geodynamics	2
New Zealand Journal of Geology and Geophysics	2
Journal of Comparative Physiology B-Biochemical Systems and Environmental Physiology	2
Topoi-An International Review of Philosophy	2
Medicine	2
International Journal of Modern Physics D	2
ETRI Journal	2
AIDS Reviews	2
Journal of Mathematical Chemistry	2
Journal of Clinical and Experimental Neuropsychology	2
Journal of Zoology	2
Signs and Society	2
Mathematical Methods in the Applied Sciences	2
Journal of Medical Toxicology	2
Research in Science & Technological Education	2
International Communication Gazette	2
Journal of Spacecraft and Rockets	2
Health Economics	2
Journal of Psycholinguistic Research	2
Journal of Family Nursing	2
Journal of Strain Analysis for Engineering Design	2
Physica Status Solidi-Rapid Research Letters	2
Criminal Justice and Behavior	2
Mind Brain and Education	2
Clean-Soil Air Water	2
Journal of Helminthology	2
European Educational Research Journal	2
Cardiovascular Pathology	2
Journal of Quality Technology	2
Social Neuroscience	2
International Journal of Audiology	2
Archaeological and Anthropological Sciences	2
Orthopedic Clinics of North America	2
Journal of Environmental Science and Health Part B-Pesticides Food Contaminants and Agricultural Wastes	2
Journal of the Chinese Chemical Society	2
Documenta Ophthalmologica	2
Clinical Radiology	2
Integrative Organismal Biology	2
Perspectives on Behavior Science	2
Journal of Chemometrics	2
Psychology & Health	2
Learning Disabilities Research & Practice	2
Revista Portuguesa de Cardiologia	2
International Journal of Oral & Maxillofacial Implants	2
Economics of Education Review	2
Psychology Crime & Law	2
Anti-Cancer Drugs	2
Chemical Engineering & Technology	2
Journal of Plankton Research	2
International Polymer Processing	2
Cytogenetic and Genome Research	2
Birth Defects Research	2
Theory in Biosciences	2
International Journal of Environmental Health Research	2
Machine Vision and Applications	2
British Journal of Oral & Maxillofacial Surgery	2
Social Justice Research	2
European Journal of Mineralogy	2
4OR-A Quarterly Journal of Operations Research	2
Letters in Applied Microbiology	2
Magnetic Resonance Imaging Clinics of North America	2
Oxford Review of Economic Policy	2
ORL-Journal for Oto-Rhino-Laryngology Head and Neck Surgery	2
Womens Studies International Forum	2
Experimental Animals	2
International Journal of Bio-Inspired Computation	2
World Neurosurgery	2
Journal of Professional Capital and Community	2
Journal of Anthropological Archaeology	2
Feminist Economics	2
Chinese Journal of Communication	2
Thinking & Reasoning	2
International Journal of Industrial Engineering Computations	2
Legal and Criminological Psychology	2
Journal of Renal Care	2
Current Medical Science	2
Personal Relationships	2
Photosynthetica	2
Child Indicators Research	2
River Research and Applications	2
Clinical Psychologist	2
Acta Neurologica Belgica	2
Mountain Research and Development	2
European Journal of Histochemistry	1.9
Journal of Patient Safety	1.9
Annals of Dermatology	1.9
Psychiatric Rehabilitation Journal	1.9
Asian Pacific Journal of Tropical Biomedicine	1.9
Gland Surgery	1.9
Homicide Studies	1.9
IEEE Journal of Quantum Electronics	1.9
Learning & Behavior	1.9
Systems Engineering	1.9
Iranian Journal of Public Health	1.9
IEEE Transactions on Magnetics	1.9
Genetics Research	1.9
Journal of Clinical Neuroscience	1.9
Stem Cells and Development	1.9
Journal of Systems Science & Complexity	1.9
Systems Research and Behavioral Science	1.9
Maternal and Child Health Journal	1.9
Biological Agriculture & Horticulture	1.9
Heat Transfer Engineering	1.9
Journal of Turbulence	1.9
Journal of Laboratory Medicine	1.9
Journal of Waterway Port Coastal and Ocean Engineering	1.9
Journal of Consumer Culture	1.9
Anthrozoos	1.9
Quantitative Finance	1.9
Zeitschrift fuer Angewandte Mathematik und Physik	1.9
Journal of Psychosocial Oncology	1.9
Journal of Clinical Biochemistry and Nutrition	1.9
Acta Neurobiologiae Experimentalis	1.9
International Relations of the Asia-Pacific	1.9
Journal of Family Issues	1.9
Endocrine Research	1.9
Medical Anthropology Quarterly	1.9
Journal of Sensors	1.9
Behavioral Neuroscience	1.9
American Antiquity	1.9
Social & Cultural Geography	1.9
Leisure Sciences	1.9
Historical Materialism-Research in Critical Marxist Theory	1.9
Journal of Macroeconomics	1.9
Journal of Community Health Nursing	1.9
American Journal of Education	1.9
Studies in Continuing Education	1.9
American Journal of Orthopsychiatry	1.9
Management of Biological Invasions	1.9
Journal of Child Health Care	1.9
International Journal of Polymer Analysis and Characterization	1.9
American Journal of Human Biology	1.9
Studies in Comparative International Development	1.9
Journal of Inequalities and Applications	1.9
Taxon	1.9
Journal of Transcultural Nursing	1.9
Industrial Lubrication and Tribology	1.9
Revue Scientifique et Technique-Office International des Epizooties	1.9
Pediatric Diabetes	1.9
Proceedings of the Institution of Mechanical Engineers Part F-Journal of Rail and Rapid Transit	1.9
Facies	1.9
Journal of Veterinary Behavior-Clinical Applications and Research	1.9
New Zealand Journal of Marine and Freshwater Research	1.9
Medical Care	1.9
Journal of Burn Care & Research	1.9
Journal of Applied Biomedicine	1.9
Urban Water Journal	1.9
Frontiers in Surgery	1.9
Current Nanoscience	1.9
Human Movement Science	1.9
Visceral Medicine	1.9
Health Risk & Society	1.9
European Journal of Dermatology	1.9
Sensor Review	1.9
Land Economics	1.9
Genetic Programming and Evolvable Machines	1.9
Microsystem Technologies-Micro-And Nanosystems-Information Storage and Processing Systems	1.9
Information Technology and Control	1.9
Water International	1.9
Respiratory Physiology & Neurobiology	1.9
Cambridge Journal of Economics	1.9
Journal of Microscopy	1.9
International Journal of Psychiatry in Medicine	1.9
Journal of Theoretical Biology	1.9
Catheterization and Cardiovascular Interventions	1.9
Cultural Studies of Science Education	1.9
Canadian Journal of Neurological Sciences	1.9
Cambridge Journal of Education	1.9
Corrosion Engineering Science and Technology	1.9
Journal of Experimental Child Psychology	1.9
Discourse & Communication	1.9
Information Visualization	1.9
Clinics in Plastic Surgery	1.9
American Journal of Health-System Pharmacy	1.9
Journal of Polymer Engineering	1.9
Journal of Interferon and Cytokine Research	1.9
Surgical Oncology Clinics of North America	1.9
Water and Environment Journal	1.9
Administration & Society	1.9
Seminars in Orthodontics	1.9
PoLAR-Political and Legal Anthropology Review	1.9
Early Childhood Education Journal	1.9
Wood Material Science & Engineering	1.9
Psychological Reports	1.9
Developmental Psychobiology	1.9
Rehabilitation Counseling Bulletin	1.9
Green Materials	1.9
MCN-The American Journal of Maternal-Child Nursing	1.9
Economic Botany	1.9
Planetary and Space Science	1.9
Journal of Chemical Engineering of Japan	1.9
IMF Economic Review	1.9
Oncology	1.9
Surface Innovations	1.9
Engenharia Agricola	1.9
Journal of Quaternary Science	1.9
Brazilian Journal of Medical and Biological Research	1.9
International Journal of Earth Sciences	1.9
Bird Conservation International	1.9
Journal of Vertebrate Paleontology	1.9
Biotropica	1.9
Wireless Personal Communications	1.9
Revista de la Construccion	1.9
Mineralogy and Petrology	1.9
Swiss Political Science Review	1.9
Parasitology Research	1.9
Cognitive Development	1.9
Social Science Information sur les Sciences Sociales	1.9
Tropical Ecology	1.9
Physiology International	1.9
Protist	1.9
Environment and Planning C-Politics and Space	1.9
Computational Intelligence	1.9
Facial Plastic Surgery Clinics of North America	1.9
Discourse & Society	1.9
Discourse Studies	1.9
Exceptionality	1.9
Genome	1.9
IEEE Pervasive Computing	1.9
Cardiology Journal	1.9
Theory and Society	1.9
Soil & Sediment Contamination	1.9
Physical Communication	1.9
Journal of Oceanology and Limnology	1.9
Connective Tissue Research	1.9
IET Systems Biology	1.9
Chinese Journal of International Law	1.9
Fisheries Management and Ecology	1.9
Journal of Southern Hemisphere Earth Systems Science	1.9
Helvetica Chimica Acta	1.9
Research and Practice for Persons With Severe Disabilities	1.9
Sugar Tech	1.9
Contemporary Clinical Trials	1.9
Translational Andrology and Urology	1.9
Holzforschung	1.9
Hortscience	1.9
Aquatic Living Resources	1.9
Acsms Health & Fitness Journal	1.9
Journal of School Violence	1.9
Learning Disability Quarterly	1.9
Probability Theory and Related Fields	1.9
American Journal of Tropical Medicine and Hygiene	1.9
Acta Anaesthesiologica Scandinavica	1.9
Journal of the Optical Society of America B-Optical Physics	1.9
Endocrinologia Diabetes y Nutricion	1.9
Acta Neurochirurgica	1.9
Neurological Research	1.9
Oil Shale	1.9
Acta Politica	1.9
Experimental Lung Research	1.9
Journal of Avian Biology	1.9
Youth & Society	1.9
Journal of Nonverbal Behavior	1.9
Evaluation & the Health Professions	1.9
Journal of Histotechnology	1.9
Politics Philosophy & Economics	1.9
Behavioral Sciences & the Law	1.9
Crime Media Culture	1.9
Science and Technology of Nuclear Installations	1.9
Sexually Transmitted Diseases	1.9
American Anthropologist	1.9
Journal of Physical Organic Chemistry	1.9
International Journal of Hematology	1.9
Obstetrics and Gynecology Clinics of North America	1.9
Journal of Statistical Mechanics-Theory and Experiment	1.9
China Information	1.9
Fusion Engineering and Design	1.9
Culture Medicine and Psychiatry	1.9
Growth Factors	1.9
Evaluation and Program Planning	1.9
Current Issues in Language Planning	1.9
Pediatric Physical Therapy	1.9
Food Biotechnology	1.9
Eastern Mediterranean Health Journal	1.9
Computer Methods in Biomechanics and Biomedical Engineering	1.9
Theoretical Criminology	1.9
International Journal of Biostatistics	1.9
Journal of Benefit-Cost Analysis	1.9
Advances in Physiology Education	1.9
IRBM	1.9
Wildlife Research	1.9
Contemporary Politics	1.9
Asian Journal of Technology Innovation	1.9
Information Economics and Policy	1.9
Philosophical Magazine Letters	1.9
Current Genetics	1.9
Extremes	1.9
Terra Nova	1.9
Marine Ecology-An Evolutionary Perspective	1.9
Journal of Clinical Research in Pediatric Endocrinology	1.9
Protein Journal	1.9
American Journal of Health Economics	1.9
Twentieth Century British History	1.9
International Journal of Social Welfare	1.9
International Journal of Information Technology & Decision Making	1.9
Archaeological Dialogues	1.9
Journal of Animal and Feed Sciences	1.9
Natural Computing	1.9
Interacting With Computers	1.9
SoftwareX	1.9
Journal of Survey Statistics and Methodology	1.9
Family Practice	1.9
Proceedings of the London Mathematical Society	1.9
Inzinerine Ekonomika-Engineering Economics	1.9
Journal of Surgical Oncology	1.9
Ocean Development and International Law	1.9
Signs	1.9
Ecological Complexity	1.9
Clinical Otolaryngology	1.9
Journal of Money Credit and Banking	1.9
Journal of Wildlife Management	1.9
JCR-Journal of Clinical Rheumatology	1.9
Memorias do Instituto Oswaldo Cruz	1.9
Journal of Educational and Behavioral Statistics	1.9
Journal of Optimization Theory and Applications	1.9
Journal of Forensic Sciences	1.9
Small Group Research	1.9
Irish Educational Studies	1.9
International Statistical Review	1.9
Journal of Innovative Optical Health Sciences	1.9
Journal of Receptors and Signal Transduction	1.9
Journal of Media Psychology-Theories Methods and Applications	1.9
Journal of Risk and Insurance	1.9
Journal of Investigative Medicine	1.9
Journal of Experimental Psychopathology	1.9
Entomologia Experimentalis et Applicata	1.9
Journal of Complex Networks	1.9
Otolaryngologic Clinics of North America	1.9
Psychiatry-Interpersonal and Biological Processes	1.9
Journal of Apicultural Research	1.9
Nuclear Physics A	1.9
Journal of the Astronautical Sciences	1.9
Phycologia	1.9
International Journal of Computer Mathematics	1.9
Empirical Economics	1.9
Transgenic Research	1.9
Comptes Rendus Geoscience	1.9
Biochemical Genetics	1.9
Political Research Quarterly	1.9
Clinics in Laboratory Medicine	1.9
Journal of Gender Studies	1.9
Journal of Early Adolescence	1.9
Cardiology	1.9
Journal of Cold Regions Engineering	1.9
Russian Journal of Mathematical Physics	1.9
Review of World Economics	1.9
Journal of the Royal Statistical Society Series A-Statistics in Society	1.9
Laryngoscope Investigative Otolaryngology	1.9
Current Opinion in Cardiology	1.9
Clinical Spine Surgery	1.9
British Journal of Mathematical & Statistical Psychology	1.9
Journal of Animal Breeding and Genetics	1.9
Arquivos de Neuro-Psiquiatria	1.9
Journal of Bioactive and Compatible Polymers	1.9
Asian Survey	1.9
Memory	1.9
Bulletin of Environmental Contamination and Toxicology	1.9
European Journal of Protistology	1.9
Ornithology	1.9
Law & Policy	1.9
European Zoological Journal	1.9
Genetic Resources and Crop Evolution	1.9
Peptide Science	1.9
Social Development	1.9
Australian Psychologist	1.9
Journal of Orofacial Orthopedics-Fortschritte der Kieferorthopadie	1.9
Interventional Neuroradiology	1.9
European Physical Journal B	1.9
European Journal of Development Research	1.9
Criminal Behaviour and Mental Health	1.9
Journal of Genetic Counseling	1.9
Attachment & Human Development	1.9
Journal of Sedimentary Research	1.9
Journal of Wood Chemistry and Technology	1.9
Palaeontologia Electronica	1.9
Injury Prevention	1.9
Irrigation and Drainage	1.9
Scandinavian Journal of Primary Health Care	1.9
Clinical Neurology and Neurosurgery	1.9
Electric Power Components and Systems	1.9
Journal of Physics A-Mathematical and Theoretical	1.9
Psychology of Violence	1.9
Journal of Language Identity and Education	1.9
Journal of Ambient Intelligence and Smart Environments	1.9
Molecular Genetics and Metabolism Reports	1.8
Rejuvenation Research	1.8
Cerebrovascular Diseases	1.8
Journal of Womens Health	1.8
Psychological Services	1.8
Transactions of the Indian Institute of Metals	1.8
Revista de Contabilidad-Spanish Accounting Review	1.8
Conservation & Society	1.8
Structural Design of Tall and Special Buildings	1.8
Journal of South Asian Development	1.8
International Journal of Satellite Communications and Networking	1.8
Journal of Medicinal Food	1.8
Journal of Computer Science and Technology	1.8
Geochemistry-Exploration Environment Analysis	1.8
Pediatric Surgery International	1.8
Journal of Aging & Social Policy	1.8
Diagnostic Microbiology and Infectious Disease	1.8
Nonlinear Analysis-Real World Applications	1.8
Clinical Transplantation	1.8
Peritoneal Dialysis International	1.8
Ethics & International Affairs	1.8
Social Psychology Quarterly	1.8
Aeronautical Journal	1.8
Africa Spectrum	1.8
Journal of Mathematical Imaging and Vision	1.8
Analog Integrated Circuits and Signal Processing	1.8
Sigmod Record	1.8
Language and Intercultural Communication	1.8
Professional Psychology-Research and Practice	1.8
Journal of Continuing Education in the Health Professions	1.8
Journal of Global Optimization	1.8
Advances in Civil Engineering	1.8
Journal of Clinical Neurophysiology	1.8
Biological & Pharmaceutical Bulletin	1.8
Scientia Marina	1.8
Environmental Entomology	1.8
Cretaceous Research	1.8
American Journal of Economics and Sociology	1.8
Journal of Energetic Materials	1.8
Journal of Women & Aging	1.8
American Journal of Otolaryngology	1.8
Journal of Asian Ceramic Societies	1.8
European Addiction Research	1.8
Main Group Chemistry	1.8
Spinal Cord	1.8
Scandinavian Journal of Gastroenterology	1.8
Journal of Social Work Education	1.8
Minimally Invasive Therapy & Allied Technologies	1.8
Tropical Conservation Science	1.8
International Journal of Crashworthiness	1.8
Plant Ecology	1.8
Turk Psikiyatri Dergisi	1.8
Kafkas Universitesi Veteriner Fakultesi Dergisi	1.8
Proceedings of the Institution of Mechanical Engineers Part H-Journal of Engineering in Medicine	1.8
Cognitive Neuropsychology	1.8
Mathematische Annalen	1.8
International Journal of Lexicography	1.8
International Food and Agribusiness Management Review	1.8
Annals of Saudi Medicine	1.8
Rapid Communications in Mass Spectrometry	1.8
Asian Journal of Womens Studies	1.8
Michigan Law Review	1.8
Acta Oecologica-International Journal of Ecology	1.8
Cancer Biomarkers	1.8
In Vivo	1.8
Journal of Economic Dynamics & Control	1.8
International Journal of Computational Methods	1.8
European Journal of Migration and Law	1.8
Journal of Veterinary Science	1.8
Critical Social Policy	1.8
Optimization	1.8
Molecular Physics	1.8
Lethaia	1.8
British Journal of Developmental Psychology	1.8
Phenomenology and the Cognitive Sciences	1.8
Experimental and Clinical Endocrinology & Diabetes	1.8
Advances in Archaeological Practice	1.8
Anticancer Research	1.8
Journal of Special Education	1.8
Palaeobiodiversity and Palaeoenvironments	1.8
Crop & Pasture Science	1.8
International Journal of Plant Sciences	1.8
International Journal for the Psychology of Religion	1.8
International Journal of Computers Communications & Control	1.8
Journal of Business-To-Business Marketing	1.8
IEEE Transactions on Applied Superconductivity	1.8
Journal of Contemporary European Studies	1.8
Protein Expression and Purification	1.8
Journal of Genetic Psychology	1.8
Social Policy and Society	1.8
Plant Biotechnology Reports	1.8
Proceedings of the Institution of Mechanical Engineers Part M-Journal of Engineering for the Maritime Environment	1.8
Quarterly Journal of Experimental Psychology	1.8
International Journal of Occupational Safety and Ergonomics	1.8
Physiological Entomology	1.8
Mathematics and Mechanics of Solids	1.8
Memory & Cognition	1.8
Professional Geographer	1.8
Journal of Documentation	1.8
Ethnos	1.8
Biology Open	1.8
International Economic Review	1.8
Radioprotection	1.8
International Journal of Comparative Sociology	1.8
Marine Micropaleontology	1.8
Journal of Chromatographic Science	1.8
Political Science	1.8
Scandinavian Actuarial Journal	1.8
Materials Science and Technology	1.8
Physical Geography	1.8
Punishment & Society-International Journal of Penology	1.8
Journal of International Trade & Economic Development	1.8
Theory & Psychology	1.8
Cell Structure and Function	1.8
Journal of Psychopathology and Behavioral Assessment	1.8
Brazilian Journal of Physics	1.8
Veterinary Dermatology	1.8
Asia Europe Journal	1.8
European Journal of Pediatric Surgery	1.8
International Angiology	1.8
Australasian Journal on Ageing	1.8
Ecological Management & Restoration	1.8
European Journal of Wildlife Research	1.8
SIAM Journal on Applied Algebra and Geometry	1.8
Internal Medicine Journal	1.8
British Journal of Industrial Relations	1.8
Journal of Applied Entomology	1.8
Geografiska Annaler Series B-Human Geography	1.8
Applied Physics B-Lasers and Optics	1.8
Environmental Chemistry	1.8
Review of International Economics	1.8
Acta Paediatrica	1.8
Journal of the Australian Library and Information Association	1.8
Journal of Cultural Economics	1.8
Melanoma Research	1.8
Economic and Industrial Democracy	1.8
Australian Journal of Earth Sciences	1.8
European Journal of Inorganic Chemistry	1.8
Lupus	1.8
Acta Alimentaria	1.8
Artificial Life	1.8
Human Mutation	1.8
Language & Communication	1.8
LUTS-Lower Urinary Tract Symptoms	1.8
American Journal of Clinical Oncology-Cancer Clinical Trials	1.8
Policing-A Journal of Policy and Practice	1.8
Journal of Cultural Economy	1.8
Dental Materials Journal	1.8
Arid Land Research and Management	1.8
Journal of International Medical Research	1.8
Nature Conservation-Bulgaria	1.8
Local Government Studies	1.8
Intervirology	1.8
IET Circuits Devices & Systems	1.8
Bernoulli	1.8
Plant Biosystems	1.8
Academia-Revista Latinoamericana de Administracion	1.8
Clinica y Salud	1.8
Assay and Drug Development Technologies	1.8
Experimental Parasitology	1.8
Systemic Practice and Action Research	1.8
Annals of Indian Academy of Neurology	1.8
Journal of Palliative Medicine	1.8
Forschung im Ingenieurwesen-Engineering Research	1.8
Applied Developmental Science	1.8
Journal of Hospital Medicine	1.8
Journal of Near Infrared Spectroscopy	1.8
Urban Education	1.8
Small Ruminant Research	1.8
Experimental Techniques	1.8
Restorative Neurology and Neuroscience	1.8
Journal of Environmental Engineering	1.8
Wetlands Ecology and Management	1.8
Journal of Offshore Mechanics and Arctic Engineering-Transactions of the Asme	1.8
Journal of Plant Nutrition	1.8
Remedial and Special Education	1.8
Analytical Letters	1.8
European Journal of Developmental Psychology	1.8
Echocardiography-A Journal of Cardiovascular Ultrasound and Allied Techniques	1.8
Journal of Perinatal & Neonatal Nursing	1.8
Applied Cognitive Psychology	1.8
Journal of Nursing Administration	1.8
Anales de Psicologia	1.8
Journal of Hand Therapy	1.8
Washington Quarterly	1.8
Geotechnical Testing Journal	1.8
Archives Europeennes de Sociologie	1.8
Public Health Nursing	1.8
Music Perception	1.8
Australian Journal of Social Issues	1.8
Clinical Child Psychology and Psychiatry	1.8
Asian Pacific Journal of Tropical Medicine	1.8
Critical Reviews in Immunology	1.8
East European Politics	1.8
Macromolecular Theory and Simulations	1.8
Strain	1.8
Australian Systematic Botany	1.8
Australian Journal of Political Science	1.8
Psychology of Religion and Spirituality	1.8
Journal of Superconductivity and Novel Magnetism	1.8
Proceedings of the Institution of Mechanical Engineers Part C-Journal of Mechanical Engineering Science	1.8
Insurance Mathematics & Economics	1.8
Norwegian Archaeological Review	1.8
International Journal of Industrial Organization	1.8
Nous	1.8
Journal of Classification	1.8
Studies in Informatics and Control	1.8
Nonlinearity	1.8
International Journal of Mass Spectrometry	1.8
Spatial Cognition and Computation	1.8
Veterinary Immunology and Immunopathology	1.8
International Journal of Humanoid Robotics	1.8
Current Bioinformatics	1.8
Libri-International Journal of Libraries and Information Studies	1.8
Contributions to Zoology	1.8
Archives of Endocrinology Metabolism	1.8
High Performance Polymers	1.8
Journal of Language and Politics	1.8
International Journal of Cardiovascular Imaging	1.8
International Journal of Communication Systems	1.8
Neotropical Entomology	1.8
Veterinary and Comparative Oncology	1.8
SIAM Journal on Computing	1.8
Journal of Neuropsychology	1.8
Action Research	1.8
Medical Ultrasonography	1.8
Microbial Drug Resistance	1.8
Journal of Child and Adolescent Psychopharmacology	1.8
Asian Journal of Criminology	1.8
Journal of Community & Applied Social Psychology	1.8
Limnologica	1.8
Child & Youth Care Forum	1.8
Natural Product Research	1.8
Journal of Early Intervention	1.8
Sexual Abuse-A Journal of Research and Treatment	1.8
Journal of Childrens Orthopaedics	1.8
High Temperature Materials and Processes	1.8
Journal of Public Health Dentistry	1.8
Journal of Financial Econometrics	1.8
Ecological Entomology	1.8
Brazilian Journal of Otorhinolaryngology	1.8
Japan Journal of Nursing Science	1.8
Journal of School Health	1.8
Journal of Social Psychology	1.8
Proceedings of the Institution of Mechanical Engineers Part O-Journal of Risk and Reliability	1.8
Food Science and Technology International	1.8
Studies in Conflict & Terrorism	1.8
Journal of Development Studies	1.8
Parliamentary Affairs	1.8
Euphytica	1.8
Daedalus	1.8
Communications in Partial Differential Equations	1.8
Economic Development and Cultural Change	1.8
Economist-Netherlands	1.8
Educational Philosophy and Theory	1.8
Microscopy	1.8
Compositio Mathematica	1.8
Canadian Journal of Physiology and Pharmacology	1.8
Journal of Aoac International	1.8
Canadian Journal of Plant Pathology	1.8
Environmental Values	1.8
Postepy Dermatologii i Alergologii	1.8
Shock Waves	1.8
Clinical Biomechanics	1.8
Auris Nasus Larynx	1.8
Southern African Journal of HIV Medicine	1.8
Journal of Toxicological Sciences	1.8
Bragantia	1.8
Organisms Diversity & Evolution	1.8
Transactions of the Institute of Measurement and Control	1.8
Bulletin of the American Mathematical Society	1.8
Child Neuropsychology	1.8
Sexual Development	1.8
Ground Water Monitoring and Remediation	1.8
Neuropsychological Rehabilitation	1.8
Open Medicine	1.8
Statistics and Computing	1.8
Theoretical Chemistry Accounts	1.8
AIMS Mathematics	1.8
Health & Social Care in the Community	1.8
Solid State Nuclear Magnetic Resonance	1.8
Acta Palaeontologica Polonica	1.8
European Physical Journal D	1.8
Cognitive Linguistics	1.8
Journal of Psychologists and Counsellors in Schools	1.8
International Journal of Transitional Justice	1.8
Proceedings of the Institution of Civil Engineers-Geotechnical Engineering	1.8
Annals of Human Biology	1.8
Journal of Research on Educational Effectiveness	1.8
Biointerphases	1.8
Vector-Borne and Zoonotic Diseases	1.8
Journal of Nippon Medical School	1.8
Scandinavian Journal of Forest Research	1.8
Plant Ecology & Diversity	1.8
Science & Justice	1.8
Graphical Models	1.8
Journal of Applied Remote Sensing	1.8
Radiation Measurements	1.8
Marine and Freshwater Research	1.8
IET Electric Power Applications	1.8
Journal of Endovascular Therapy	1.8
Lymphatic Research and Biology	1.7
Mammal Research	1.7
Journal of Gerontological Social Work	1.7
Pathobiology	1.7
Leukos	1.7
IEEE Instrumentation & Measurement Magazine	1.7
Surgical Infections	1.7
Journal of Behavioral Finance	1.7
Bioremediation Journal	1.7
Zygote	1.7
Healthcare-The Journal of Delivery Science and Innovation	1.7
Journal of Immigrant & Refugee Studies	1.7
Plasma Science & Technology	1.7
Abacus-A Journal of Accounting Finance and Business Studies	1.7
Journal of Mechanics	1.7
International Journal of Advanced Robotic Systems	1.7
Arts in Psychotherapy	1.7
Journal of Research in Medical Sciences	1.7
Journal of Applied Fluid Mechanics	1.7
Japan and the World Economy	1.7
Marketing Letters	1.7
Welding Journal	1.7
Ultrasonic Imaging	1.7
Childhood-A Global Journal of Child Research	1.7
Advances in Nursing Science	1.7
Palynology	1.7
Journal of Sulfur Chemistry	1.7
Antiquity	1.7
Rheumatic Disease Clinics of North America	1.7
AORN Journal	1.7
Journal of Intellectual & Developmental Disability	1.7
Revista Panamericana de Salud Publica-Pan American Journal of Public Health	1.7
Sociological Quarterly	1.7
Journal of Human Development and Capabilities	1.7
Biopreservation and Biobanking	1.7
Isotopes in Environmental and Health Studies	1.7
Journal of Ornithology	1.7
Emerging Adulthood	1.7
Acta Orthopaedica et Traumatologica Turcica	1.7
Simulation-Transactions of the Society for Modeling and Simulation International	1.7
Proceedings of the Institution of Mechanical Engineers Part D-Journal of Automobile Engineering	1.7
Clinical Hemorheology and Microcirculation	1.7
Moravian Geographical Reports	1.7
Combinatorial Chemistry & High Throughput Screening	1.7
Experimental Economics	1.7
Notulae Botanicae Horti Agrobotanici Cluj-Napoca	1.7
Nuclear Technology	1.7
Children & Society	1.7
Theoretical Medicine and Bioethics	1.7
Medicine Science and the Law	1.7
Global Economic Review	1.7
Kyklos	1.7
Journal of Radiological Protection	1.7
Current Neurovascular Research	1.7
Journal of Virological Methods	1.7
Journal of Spectroscopy	1.7
Journal of Physics B-Atomic Molecular and Optical Physics	1.7
Advanced Robotics	1.7
Journal of Radioanalytical and Nuclear Chemistry	1.7
Monthly Review-An Independent Socialist Magazine	1.7
Annales de l'Institut Henri Poincare-Probabilites et Statistiques	1.7
Mind Culture and Activity	1.7
Journal of Combinatorial Theory Series A	1.7
Journal of Current Southeast Asian Affairs	1.7
Ships and Offshore Structures	1.7
Educational Studies	1.7
Cancer Biotherapy and Radiopharmaceuticals	1.7
British Journal of Hospital Medicine	1.7
Arthropod-Plant Interactions	1.7
Journal of General Psychology	1.7
Journal of Geography	1.7
Cliometrica	1.7
Canadian Journal of Emergency Medicine	1.7
Cleft Palate-Craniofacial Journal	1.7
Data Base for Advances in Information Systems	1.7
Journal of Simulation	1.7
Journal of Macromolecular Science Part B-Physics	1.7
Inland Waters	1.7
Japanese Journal of Applied Physics	1.7
Educational Gerontology	1.7
Journal for the Theory of Social Behaviour	1.7
Revista Clinica Espanola	1.7
Bioinspired Biomimetic and Nanobiomaterials	1.7
Pure and Applied Chemistry	1.7
Insectes Sociaux	1.7
Philosophy of Science	1.7
International Journal of Neuroscience	1.7
Legislative Studies Quarterly	1.7
Review of Palaeobotany and Palynology	1.7
International Labour Review	1.7
Comptes Rendus Physique	1.7
Journal of Research in Reading	1.7
Reproduction in Domestic Animals	1.7
Canadian Journal of Plant Science	1.7
Agricultural and Forest Entomology	1.7
Canadian Metallurgical Quarterly	1.7
Revista Brasileira de Farmacognosia-Brazilian Journal of Pharmacognosy	1.7
Science and Technology for the Built Environment	1.7
Russian Journal of Bioorganic Chemistry	1.7
Brazilian Journal of Chemical Engineering	1.7
Chilean Journal of Agricultural Research	1.7
German Politics	1.7
Social & Legal Studies	1.7
Weed Biology and Management	1.7
Software Testing Verification & Reliability	1.7
Cross-Cultural Research	1.7
Arhiv za Higijenu Rada i Toksikologiju-Archives of Industrial Hygiene and Toxicology	1.7
Journal of Economics	1.7
Anatomical Science International	1.7
Social Work Research	1.7
Building Services Engineering Research & Technology	1.7
Bulletin of Entomological Research	1.7
Journal of Complexity	1.7
International Journal on Software Tools for Technology Transfer	1.7
Journal of Aging and Physical Activity	1.7
Periodica Polytechnica-Civil Engineering	1.7
Marine Mammal Science	1.7
Journal of Pediatric Orthopaedics	1.7
Journal of Infection and Chemotherapy	1.7
Journal of Obstetrics and Gynaecology Research	1.7
Johnson Matthey Technology Review	1.7
Informatics for Health & Social Care	1.7
International Journal of Paleopathology	1.7
Brachytherapy	1.7
Electrochemistry	1.7
Journal of Oleo Science	1.7
Otology & Neurotology	1.7
European Early Childhood Education Research Journal	1.7
Health Education Journal	1.7
Fetal Diagnosis and Therapy	1.7
Terrestrial Atmospheric and Oceanic Sciences	1.7
American Journal of Medical Genetics Part A	1.7
Journal of Experimental Zoology Part B-Molecular and Developmental Evolution	1.7
Forest Products Journal	1.7
Journal of Inorganic Materials	1.7
Journal of Empirical Research on Human Research Ethics	1.7
Scandinavian Journal of Occupational Therapy	1.7
Victims & Offenders	1.7
Indian Journal of Dermatology	1.7
Geophysical Prospecting	1.7
Military Psychology	1.7
Journal of South American Earth Sciences	1.7
Domestic Animal Endocrinology	1.7
Critical Review	1.7
Plant Breeding	1.7
Coastal Management	1.7
Acta Odontologica Scandinavica	1.7
Actas Urologicas Espanolas	1.7
Advances in Mathematics	1.7
Ecological Research	1.7
Zeitschrift fuer Gastroenterologie	1.7
Contemporary Political Theory	1.7
Apidologie	1.7
American Behavioral Scientist	1.7
Discourse Processes	1.7
Deviant Behavior	1.7
International Journal of Optics	1.7
Archnet-IJAR International Journal of Architectural Research	1.7
BMJ Military Health	1.7
Journal of Iberian Geology	1.7
Child and Adolescent Social Work Journal	1.7
Journal of the European Optical Society-Rapid Publications	1.7
AIP Advances	1.7
IEEE Embedded Systems Letters	1.7
International Journal for Academic Development	1.7
Clinical Pharmacology in Drug Development	1.7
Journal of Cryptographic Engineering	1.7
Defence and Peace Economics	1.7
Career Development and Transition for Exceptional Individuals	1.7
Sexualities	1.7
Journal of Signal Processing Systems for Signal Image and Video Technology	1.7
Australasian Psychiatry	1.7
Scandinavian Journal of Public Health	1.7
Applied Optics	1.7
Genetics and Molecular Biology	1.7
Computer Aided Geometric Design	1.7
Philosophical Psychology	1.7
Computational Statistics & Data Analysis	1.7
European Constitutional Law Review	1.7
Food Webs	1.7
European Journal of Applied Mathematics	1.7
International Ophthalmology	1.7
Applied Bionics and Biomechanics	1.7
Mobile Networks & Applications	1.7
Journal of Biosciences	1.7
Environmetrics	1.7
Journal of Orthopaedic Science	1.7
Science of Nature	1.7
Journal of Agricultural & Environmental Ethics	1.7
Journal of Mammalogy	1.7
Political Theory	1.7
Substance Use & Misuse	1.7
Journal of Applied Communication Research	1.7
Journal of Modern African Studies	1.7
Canadian Journal of Civil Engineering	1.7
Journal of Literacy Research	1.7
Translation Studies	1.7
Journal of Public Health Management and Practice	1.7
Global Nest Journal	1.7
International Journal of Biomathematics	1.7
Clinical Physiology and Functional Imaging	1.7
Journal of Hydraulic Research	1.7
Journal of Immunological Methods	1.7
Language Acquisition	1.7
Journal of Sport Rehabilitation	1.7
Journal of Law & Economics	1.7
Journal of Nursing Care Quality	1.7
Journal of Dental Education	1.7
Journal of Differential Geometry	1.7
Physica Status Solidi B-Basic Solid State Physics	1.7
IEEE Transactions on Professional Communication	1.7
Climate Change Economics	1.7
Reading Teacher	1.7
Review of Income and Wealth	1.7
Communications in Soil Science and Plant Analysis	1.7
Medical Dosimetry	1.7
Canadian Journal of Soil Science	1.7
Biologia	1.7
Second Language Research	1.7
American Journal of Criminal Justice	1.7
Brain & Development	1.7
Landscape Research	1.7
Soldagem & Inspecao	1.7
Cambridge Archaeological Journal	1.7
Inorganic and Nano-Metal Chemistry	1.7
Journal of Emotional and Behavioral Disorders	1.7
Open Geosciences	1.7
British Poultry Science	1.7
Zeitschrift fuer Naturforschung Section A-A Journal of Physical Sciences	1.7
Biomedical Chromatography	1.7
Willdenowia	1.7
ASTIN Bulletin-The Journal of the International Actuarial Association	1.7
International Journal on Document Analysis and Recognition	1.7
Journal of Hymenoptera Research	1.7
International Journal of Chemical Kinetics	1.7
Plant Systematics and Evolution	1.7
Australian Journal of Education	1.7
Design Journal	1.7
American Journal of Audiology	1.7
Teaching of Psychology	1.7
Current Eye Research	1.7
Ocular Immunology and Inflammation	1.7
Journal of Sports Economics	1.7
South African Journal of Business Management	1.7
Prion	1.7
Journal of Forensic and Legal Medicine	1.7
Journal of the Medical Library Association	1.7
International Peacekeeping	1.7
Disaster Medicine and Public Health Preparedness	1.7
Breeding Science	1.7
Videosurgery and Other Miniinvasive Techniques	1.7
Materials Transactions	1.7
Polar Science	1.7
Phytochemistry Letters	1.7
Javnost-The Public	1.7
Asia-Pacific Journal of Chemical Engineering	1.7
European Journal of Womens Studies	1.7
American Journal of Primatology	1.7
Australian Endodontic Journal	1.7
Annals of Mathematics and Artificial Intelligence	1.6
Farmacia	1.6
Forestry Chronicle	1.6
Iranian Journal of Science and Technology-Transactions of Electrical Engineering	1.6
Science and Technology Studies	1.6
Industrial Health	1.6
Forensic Science Medicine and Pathology	1.6
IEEE Latin America Transactions	1.6
International Journal of Law and Psychiatry	1.6
Journal of Ocean University of China	1.6
Journal of Multivariate Analysis	1.6
American Journal of Veterinary Research	1.6
Journal of Visual Impairment & Blindness	1.6
Psihologija	1.6
Bioelectromagnetics	1.6
Science China-Mathematics	1.6
Ethnicities	1.6
Journal of Plastic Film & Sheeting	1.6
Journal of Early Childhood Literacy	1.6
Ecology of Freshwater Fish	1.6
Developmental Neuropsychology	1.6
Adult Education Quarterly	1.6
Gerodontology	1.6
Qualitative Sociology	1.6
X-Ray Spectrometry	1.6
Alzheimer Disease & Associated Disorders	1.6
Mechanics of Composite Materials	1.6
Congenital Anomalies	1.6
Pakistan Journal of Medical Sciences	1.6
Gastroenterology Research and Practice	1.6
Journal of Emergency Medicine	1.6
Annals of Vascular Surgery	1.6
Journal of Equine Veterinary Science	1.6
Journal of X-Ray Science and Technology	1.6
Review of Scientific Instruments	1.6
Revista Espanola de Pedagogia	1.6
Asia Pacific Viewpoint	1.6
Social Science Quarterly	1.6
Culture Health & Sexuality	1.6
Journal of Architectural Conservation	1.6
International Journal of Food Engineering	1.6
Journal of Asian Natural Products Research	1.6
Journal of Vacuum Science & Technology B	1.6
IEEE Magnetics Letters	1.6
International Journal of Human Rights	1.6
Neurogenetics	1.6
Journal of the Textile Institute	1.6
Journal of Political Ideologies	1.6
Seminars in Roentgenology	1.6
Applied Neuropsychology-Adult	1.6
Letters in Drug Design & Discovery	1.6
Education Finance and Policy	1.6
Turkish Journal of Hematology	1.6
Czech Journal of Animal Science	1.6
Journal of Islamic Studies	1.6
Operative Neurosurgery	1.6
International Journal of Std & AIDS	1.6
International Journal of Pediatric Otorhinolaryngology	1.6
English Teaching-Practice and Critique	1.6
Polish Journal of Environmental Studies	1.6
Evolutionary Bioinformatics	1.6
Journal of Archaeological Science-Reports	1.6
Community Ecology	1.6
Lingua	1.6
Lipids	1.6
Central Asian Survey	1.6
Finance and Stochastics	1.6
Cutaneous and Ocular Toxicology	1.6
Mathematical Modelling and Analysis	1.6
Journal of Surgical Research	1.6
Algorithms for Molecular Biology	1.6
Soil Research	1.6
Kolner Zeitschrift fuer Soziologie und Sozialpsychologie	1.6
Journal of English Linguistics	1.6
Dyslexia	1.6
Management & Organizational History	1.6
IEEE Transactions on Plasma Science	1.6
Journal of Fluorine Chemistry	1.6
ICON-International Journal of Constitutional Law	1.6
Journal of Philosophy	1.6
Phytoparasitica	1.6
Journal of Veterinary Emergency and Critical Care	1.6
Wilderness & Environmental Medicine	1.6
Journal of Developmental and Physical Disabilities	1.6
Language and Cognition	1.6
Erwerbs-Obstbau	1.6
Scandinavian Journal of Educational Research	1.6
Philosophy and Phenomenological Research	1.6
Journal of Software-Evolution and Process	1.6
Behavioural Processes	1.6
College & Research Libraries	1.6
ACM Transactions on Database Systems	1.6
Letters in Mathematical Physics	1.6
Education and Urban Society	1.6
Combustion Science and Technology	1.6
Asia & the Pacific Policy Studies	1.6
Polar Record	1.6
Computer Journal	1.6
Journal of Applied Biomechanics	1.6
Folia Neuropathologica	1.6
International Journal of Technology Management	1.6
Microbiology and Immunology	1.6
Population Ecology	1.6
BIT Numerical Mathematics	1.6
Journal of Computational and Graphical Statistics	1.6
Colloid Journal	1.6
Botanica Marina	1.6
Revista da Associacao Medica Brasileira	1.6
CERNE	1.6
Journal of Child Neurology	1.6
Holocene	1.6
Journal of Teaching in Physical Education	1.6
Journal of Clinical Psychology in Medical Settings	1.6
Journal of Evolution Equations	1.6
New Zealand Journal of Ecology	1.6
Neurologia Medico-Chirurgica	1.6
Australasian Journal of Dermatology	1.6
Shock and Vibration	1.6
JPC-Journal of Planar Chromatography-Modern TLC	1.6
Psychiatry and Clinical Psychopharmacology	1.6
Australian Journal of Psychology	1.6
Clinical and Experimental Optometry	1.6
Eurasian Soil Science	1.6
Australian Veterinary Journal	1.6
Automatika	1.6
Adaptive Behavior	1.6
Laryngo-Rhino-Otologie	1.6
Journal of Palliative Care	1.6
Data Technologies and Applications	1.6
Journal of Asthma	1.6
Transactions of Famena	1.6
British Journal of Learning Disabilities	1.6
Frontiers of Earth Science	1.6
International Journal of Physical Modelling in Geotechnics	1.6
Clinics in Colon and Rectal Surgery	1.6
American Politics Research	1.6
Psychiatry Psychology and Law	1.6
IET Communications	1.6
International Journal for Uncertainty Quantification	1.6
Media International Australia	1.6
Hague Journal on the Rule of Law	1.6
Annals of Diagnostic Pathology	1.6
Harvard Educational Review	1.6
Journal of Behavioral Health Services & Research	1.6
Metabolic Syndrome and Related Disorders	1.6
Journal of Scheduling	1.6
Journal of Web Engineering	1.6
Transplant Immunology	1.6
Journal of Women Politics & Policy	1.6
Mathematical Thinking and Learning	1.6
Measurement in Physical Education and Exercise Science	1.6
Thoracic Surgery Clinics	1.6
Journal of Aggression Maltreatment & Trauma	1.6
Ginekologia Polska	1.6
Japanese Journal of Political Science	1.6
Chinese Physics B	1.6
Emergency Medicine Clinics of North America	1.6
Radio Science	1.6
Ophthalmic Plastic and Reconstructive Surgery	1.6
Acta Agriculturae Scandinavica Section B-Soil and Plant Science	1.6
Applied Psychological Measurement	1.6
Journal of Global History	1.6
Youth Justice-An International Journal	1.6
Journal of Sensory Studies	1.6
Journal of Aerospace Engineering	1.6
Economics of Transition and Institutional Change	1.6
Journal of Latinx Psychology	1.6
Journal of Biomechanical Engineering-Transactions of the Asme	1.6
Atencion Primaria	1.6
Acta Amazonica	1.6
Crime Law and Social Change	1.6
Annals of Plastic Surgery	1.6
Marine Geodesy	1.6
Toxicology and Industrial Health	1.6
Applied Economic Analysis	1.6
Sociological Perspectives	1.6
Journal of Adolescent and Young Adult Oncology	1.6
Lithosphere	1.6
Psychology & Sexuality	1.6
Journal of Energy in Southern Africa	1.6
African Journal of Range & Forage Science	1.6
Marine and Freshwater Behaviour and Physiology	1.6
Radiation Effects and Defects in Solids	1.6
Strojniski Vestnik-Journal of Mechanical Engineering	1.6
Statistics in Biopharmaceutical Research	1.6
Medizinische Klinik-Intensivmedizin und Notfallmedizin	1.6
Transactions of the Royal Society of Tropical Medicine and Hygiene	1.6
Urban Morphology	1.6
International Journal of Cultural Policy	1.6
Policing-An International Journal of Police Strategies & Management	1.6
Cytoskeleton	1.6
International Journal of Childrens Spirituality	1.6
Evaluation	1.6
Combustion Theory and Modelling	1.6
Language Variation and Change	1.6
Science of Computer Programming	1.6
Journal of Applied Ichthyology	1.6
Ciencia & Saude Coletiva	1.6
Sadhana-Academy Proceedings in Engineering Sciences	1.6
Pediatric Anesthesia	1.6
HEC Forum	1.6
Revista de la Real Academia de Ciencias Exactas Fisicas y Naturales Serie A-Matematicas	1.6
Acta Geographica Slovenica-Geografski Zbornik	1.6
Molecular Genetics & Genomic Medicine	1.6
Biological Journal of the Linnean Society	1.6
Journal of Economic Inequality	1.6
Advances in Applied Ceramics	1.6
Journal of Coordination Chemistry	1.6
International Journal of Sensor Networks	1.6
Criminology & Criminal Justice	1.6
Foot and Ankle Clinics	1.6
Physician and Sportsmedicine	1.6
Work-A Journal of Prevention Assessment & Rehabilitation	1.6
Journal of Near Eastern Studies	1.6
Complexity	1.6
Journal of Cardiothoracic Surgery	1.6
Pharmacogenetics and Genomics	1.6
International Journal of Medicinal Mushrooms	1.6
Journal fuer die reine und angewandte Mathematik	1.6
Journal of Experimental Education	1.6
Motor Control	1.6
Journal of Elections Public Opinion and Parties	1.6
Journal of Back and Musculoskeletal Rehabilitation	1.6
Journal of Functional Analysis	1.6
Communication and Critical-Cultural Studies	1.6
Asta-Advances in Statistical Analysis	1.6
Archive for the Psychology of Religion-Archiv fuer Religionspsychologie	1.6
Journal of Industrial Relations	1.6
Economics-The Open Access Open-Assessment E-Journal	1.6
Journal of Algebraic Geometry	1.6
Ethnicity & Disease	1.6
Herz	1.6
Powder Metallurgy	1.6
Journal of Dairy Research	1.6
Chemie Ingenieur Technik	1.6
Paediatrics and International Child Health	1.6
South African Geographical Journal	1.6
Chromatographia	1.6
Radiochimica Acta	1.6
IET Biometrics	1.6
Journal of Developmental Origins of Health and Disease	1.6
Economic History Review	1.6
Political Quarterly	1.6
Onderstepoort Journal of Veterinary Research	1.6
Pharmacogenomics	1.6
Cultural Anthropology	1.6
Liquid Crystals	1.6
Biometrics	1.6
Bundesgesundheitsblatt-Gesundheitsforschung-Gesundheitsschutz	1.6
Ophthalmic Epidemiology	1.6
Russian Chemical Bulletin	1.6
Feminist Review	1.6
Acta Cirurgica Brasileira	1.6
Nihon Reoroji Gakkaishi	1.6
Physiotherapy Theory and Practice	1.6
Health Education Research	1.6
Hand Surgery & Rehabilitation	1.6
Polimeros-Ciencia e Tecnologia	1.6
International Journal of Artificial Organs	1.6
Proceedings of the Institution of Mechanical Engineers Part I-Journal of Systems and Control Engineering	1.6
Austral Ecology	1.6
Society & Animals	1.6
Water Economics and Policy	1.6
Journal of Experimental Zoology Part A-Ecological and Integrative Physiology	1.6
Journal of Pseudo-Differential Operators and Applications	1.6
Sociological Forum	1.6
Experimental and Clinical Psychopharmacology	1.6
Agricultural Economics-Zemedelska Ekonomika	1.6
Annals of Geophysics	1.6
Canadian Journal of Earth Sciences	1.6
Journal of Cancer Education	1.6
Journal of Agromedicine	1.6
Journal of Hip Preservation Surgery	1.6
Advances in Neonatal Care	1.6
Environmental Forensics	1.6
Emergency Medicine International	1.6
European Annals of Otorhinolaryngology-Head and Neck Diseases	1.6
Journal of Topology	1.6
Petroleum Geoscience	1.6
Animal Science Journal	1.6
Ecological Chemistry and Engineering S-Chemia i Inzynieria Ekologiczna S	1.6
International Journal of Speech-Language Pathology	1.6
Phytokeys	1.6
Training and Education in Professional Psychology	1.6
Quantum Information & Computation	1.6
Biosemiotics	1.6
Journal of the Audio Engineering Society	1.5
International Journal of Health  Economics and Management	1.5
Test	1.5
Journal of Dual Diagnosis	1.5
Geosphere	1.5
Europe-Asia Studies	1.5
Journal of Positive Behavior Interventions	1.5
Journal of Public Child Welfare	1.5
International Journal of Pest Management	1.5
American Journal of Potato Research	1.5
Pharmaceutical Statistics	1.5
Microsurgery	1.5
Conflict Management and Peace Science	1.5
International Journal of Periodontics & Restorative Dentistry	1.5
Fiber and Integrated Optics	1.5
Target-International Journal of Translation Studies	1.5
Heart and Vessels	1.5
Society	1.5
International Journal of Aerospace Engineering	1.5
Progress in Development Studies	1.5
Journal of Behavioral Decision Making	1.5
Transactions of the American Fisheries Society	1.5
Modern Physics Letters A	1.5
Facial Plastic Surgery	1.5
Weed Technology	1.5
Linguistics and Philosophy	1.5
Journal of the Royal Anthropological Institute	1.5
Journal of Applied Analysis and Computation	1.5
Chinese Sociological Review	1.5
Russian Journal of Inorganic Chemistry	1.5
Knowledge and Management of Aquatic Ecosystems	1.5
Child & Family Social Work	1.5
Economic and Labour Relations Review	1.5
Invasive Plant Science and Management	1.5
Neurochirurgie	1.5
Journal of Astronomical Telescopes Instruments and Systems	1.5
Turkish Journal of Fisheries and Aquatic Sciences	1.5
Ethical Theory and Moral Practice	1.5
Indian Journal of Medical Microbiology	1.5
ICSID Review-Foreign Investment Law Journal	1.5
Photonic Network Communications	1.5
Journal of Asia-Pacific Entomology	1.5
Nuclear Instruments & Methods in Physics Research Section B-Beam Interactions With Materials and Atoms	1.5
Archaeological Research in Asia	1.5
Mineralogical Magazine	1.5
Lifetime Data Analysis	1.5
Nuclear Instruments & Methods in Physics Research Section A-Accelerators Spectrometers Detectors and Associated Equipment	1.5
Modern Law Review	1.5
Acta Parasitologica	1.5
Performance Evaluation	1.5
Theory Culture & Society	1.5
Journal of Astrophysics and Astronomy	1.5
Geodiversitas	1.5
AIDS Care-Psychological and Socio-Medical Aspects of AIDS/Hiv	1.5
Review of Economics of the Household	1.5
Physics and Chemistry of Minerals	1.5
Materia-Rio de Janeiro	1.5
Journal of Structural Chemistry	1.5
Social Work in Health Care	1.5
Anaesthesia and Intensive Care	1.5
Journal of the Optical Society of America A-Optics Image Science and Vision	1.5
Journal of Competition Law & Economics	1.5
Psychology of Music	1.5
Psychoanalytic Study of the Child	1.5
Journal of Interior Design	1.5
British Journal of Guidance & Counselling	1.5
Journal of Histochemistry & Cytochemistry	1.5
General Thoracic and Cardiovascular Surgery	1.5
Journal of Linguistic Anthropology	1.5
Journal of Industrial Economics	1.5
Journal of Chemical Research	1.5
Economic Inquiry	1.5
Journal of Vector Ecology	1.5
British Journal of Occupational Therapy	1.5
Journal of Latin American Studies	1.5
Journal of Small Animal Practice	1.5
Reading & Writing Quarterly	1.5
Journal of Water SAnitation and Hygiene for Development	1.5
Primates	1.5
Mathematics of Operations Research	1.5
PalZ	1.5
Psych Journal	1.5
Journal of Agricultural Meteorology	1.5
Health & Social Work	1.5
Experimental Aging Research	1.5
Cirugia Espanola	1.5
Plant Ecology and Evolution	1.5
Development Southern Africa	1.5
International Journal of Control	1.5
Journal of Enhanced Heat Transfer	1.5
Atmosphere-Ocean	1.5
European Journal of Law and Economics	1.5
Journal of the Brazilian Chemical Society	1.5
Biomedical Research-Tokyo	1.5
Annali Della Scuola Normale Superiore di Pisa-Classe di Scienze	1.5
Journal of Gynecology Obstetrics and Human Reproduction	1.5
Viral Immunology	1.5
Archives de Pediatrie	1.5
International Sociology	1.5
Laser Physics Letters	1.5
Zoology	1.5
Central European Journal of Immunology	1.5
Bulletin des Sciences Mathematiques	1.5
Mathematics of Control Signals and Systems	1.5
Statistical Papers	1.5
Australian & New Zealand Journal of Obstetrics & Gynaecology	1.5
Nordic Journal of Psychiatry	1.5
Chemical Industry & Chemical Engineering Quarterly	1.5
Proceedings of the Institution of Mechanical Engineers Part A-Journal of Power and Energy	1.5
Iran-Journal of the British Institute of Persian Studies	1.5
Environmental Archaeology	1.5
Journal of Power Electronics	1.5
Journal of Clinical Sport Psychology	1.5
Perception	1.5
Electromagnetic Biology and Medicine	1.5
Natural Product Communications	1.5
Electronic Journal of Statistics	1.5
Journal of Medical Imaging and Radiation Oncology	1.5
Journal of World Energy Law & Business	1.5
Politics and Religion	1.5
Journal of Pesticide Science	1.5
Applied Stochastic Models in Business and Industry	1.5
Journal of Ethology	1.5
Zookeys	1.5
International Journal of Law Crime and Justice	1.5
Axioms	1.5
International Journal of Shipping and Transport Logistics	1.5
Acta Naturae	1.5
Journal of Developmental and Life-Course Criminology	1.5
Journal of Behavioral and Experimental Economics	1.5
TOP	1.5
Florida Entomologist	1.5
Gender Place and Culture	1.5
Cognitive and Behavioral Neurology	1.5
Bioinvasions Records	1.5
Geobios	1.5
International Journal of Web Services Research	1.5
Indian Pediatrics	1.5
Distributed Computing	1.5
Physica C-Superconductivity and Its Applications	1.5
Journal of Electromagnetic Engineering and Science	1.5
Iranian Journal of Allergy Asthma and Immunology	1.5
Zoo Biology	1.5
AIDS Education and Prevention	1.5
Acta Cytologica	1.5
Ocean Science Journal	1.5
Journal of the American Society for Horticultural Science	1.5
Celestial Mechanics & Dynamical Astronomy	1.5
Journal of Nonlinear and Variational Analysis	1.5
World Archaeology	1.5
Revista Espanola de Documentacion Cientifica	1.5
Journal of Moral Philosophy	1.5
Journal of Social Archaeology	1.5
Xenobiotica	1.5
Journal of Neurolinguistics	1.5
Numerical Functional Analysis and Optimization	1.5
Annals of Human Genetics	1.5
International Journal of Antennas and Propagation	1.5
Bioscience Biotechnology and Biochemistry	1.5
ACI Materials Journal	1.5
Journal of American College Health	1.5
European Journal of Psychiatry	1.5
Gaceta Sanitaria	1.5
Symbolic Interaction	1.5
Journal of Contemporary Brachytherapy	1.5
Law and Social Inquiry-Journal of the American Bar Foundation	1.5
Journal of Developmental and Behavioral Pediatrics	1.5
Somatosensory and Motor Research	1.5
Tohoku Journal of Experimental Medicine	1.5
International Journal of Bilingualism	1.5
Sociological Research Online	1.5
Biocatalysis and Biotransformation	1.5
European Journal of Social Work	1.5
Pacific Economic Review	1.5
Synthese	1.5
Journal of Evaluation in Clinical Practice	1.5
Musicae Scientiae	1.5
Body & Society	1.5
Development Genes and Evolution	1.5
Thoracic and Cardiovascular Surgeon	1.5
Journal of Media Ethics	1.5
Journal of Agricultural Sciences-Tarim Bilimleri Dergisi	1.5
E & M Ekonomie A Management	1.5
Linguistica Antverpiensia New Series-Themes in Translation Studies	1.5
Bulletin of Geosciences	1.5
Acta Microbiologica et Immunologica Hungarica	1.5
Nuklearmedizin-Nuclear Medicine	1.5
Journal of the American Association for Laboratory Animal Science	1.5
Current Computer-Aided Drug Design	1.5
Geosciences Journal	1.5
Systematic Parasitology	1.5
Annals of Agricultural and Environmental Medicine	1.5
New Forests	1.5
Geospatial Health	1.5
Journal of Geometric Analysis	1.5
Asian Population Studies	1.5
Developmental Dynamics	1.5
Journal of Psychology and Theology	1.5
Journal of Nervous and Mental Disease	1.5
Neuroimaging Clinics of North America	1.5
Psychology Public Policy and Law	1.5
Cultural Sociology	1.5
Palaeoworld	1.5
Therapeutic Apheresis and Dialysis	1.5
Critical Reviews in Eukaryotic Gene Expression	1.5
Human Dimensions of Wildlife	1.5
International Journal of Offender Therapy and Comparative Criminology	1.5
European Journal of Industrial Engineering	1.5
Clinical Nursing Research	1.5
Optimization Methods & Software	1.5
Journal of Pressure Vessel Technology-Transactions of the Asme	1.5
Advances in Calculus of Variations	1.5
Journal of Engineering Thermophysics	1.5
Child and Adolescent Psychiatric Clinics of North America	1.5
International Journal of Forensic Mental Health	1.5
Journal of Adolescent & Adult Literacy	1.5
Acta Chiropterologica	1.5
Materials Research-Ibero-American Journal of Materials	1.5
Crime & Delinquency	1.5
Journal of Cognitive Psychology	1.5
Psychiatria Polska	1.5
Journal of Drug Issues	1.5
Ecology of Food and Nutrition	1.5
Journal of Electrocardiology	1.5
Pigment & Resin Technology	1.5
Families Relationships and Societies	1.5
Development Growth & Differentiation	1.5
European Journal of Hospital Pharmacy	1.5
Clinical Obstetrics and Gynecology	1.5
OMEGA-Journal of Death and Dying	1.5
International Tax and Public Finance	1.5
Human Rights Law Review	1.5
Episodes	1.5
Microgravity Science and Technology	1.5
Middle East Policy	1.5
Hypatia-A Journal of Feminist Philosophy	1.5
Journal of Analytical Chemistry	1.5
Chemical & Pharmaceutical Bulletin	1.5
Sports Medicine and Arthroscopy Review	1.5
Meteorologische Zeitschrift	1.5
Surgical and Radiologic Anatomy	1.5
Journal of Mathematical Fluid Mechanics	1.5
Brain Impairment	1.5
RAIRO-Operations Research	1.5
Cognitive Processing	1.5
Anz Journal of Surgery	1.5
Journal of Fourier Analysis and Applications	1.5
Disaster Prevention and Management	1.5
Tenside Surfactants Detergents	1.5
Environmental Biology of Fishes	1.5
Brain Injury	1.5
Business History	1.5
Heat Transfer Research	1.5
Topics in Early Childhood Special Education	1.5
Synlett	1.5
Scandinavian Journal of Rheumatology	1.5
Advances in Skin & Wound Care	1.5
Global Health Promotion	1.5
Arts & Health	1.5
European Journal for Philosophy of Science	1.5
Journal of Ethnobiology	1.5
Journal of the Asia Pacific Economy	1.5
Journal of Psychosocial Nursing and Mental Health Services	1.5
Journal of Veterinary Cardiology	1.5
Communications in Number Theory and Physics	1.5
European Journal of Taxonomy	1.5
Remote Sensing Letters	1.5
Phycological Research	1.5
Field Methods	1.5
Annals of Applied Statistics	1.5
Race and Justice	1.5
Empirical Studies of the Arts	1.5
Otjr-Occupation Participation and Health	1.4
Revista Iberoamericana de Micologia	1.4
American Journal of Medical Genetics Part B-Neuropsychiatric Genetics	1.4
Mathematical Modelling of Natural Phenomena	1.4
Journal of Wuhan University of Technology-Materials Science Edition	1.4
Clinical and Translational Imaging	1.4
Decision Analysis	1.4
Journal of Occupational and Environmental Hygiene	1.4
Journal of Knee Surgery	1.4
Applied Measurement in Education	1.4
High Pressure Research	1.4
Family & Community Health	1.4
Arthropod Structure & Development	1.4
Economic Development Quarterly	1.4
Transactions of the American Mathematical Society	1.4
Journal of Manipulative and Physiological Therapeutics	1.4
Historical Methods	1.4
Molecular & Cellular Toxicology	1.4
Korean Journal of Metals and Materials	1.4
History and Technology	1.4
Journal of Thermophysics and Heat Transfer	1.4
Revista Espanola de Investigaciones Sociologicas	1.4
Pediatric Hematology and Oncology	1.4
Photobiomodulation Photomedicine and Laser Surgery	1.4
Ameghiniana	1.4
Physical & Occupational Therapy in Pediatrics	1.4
Journal of Marital and Family Therapy	1.4
Health Information and Libraries Journal	1.4
Archaeometry	1.4
Revista Internacional de Andrologia	1.4
Information and Computation	1.4
Journal of Veterinary Diagnostic Investigation	1.4
Journal of Plastic Surgery and Hand Surgery	1.4
Spectroscopy Letters	1.4
Social Science Japan Journal	1.4
Discrete Dynamics in Nature and Society	1.4
Journal of the Royal Statistical Society Series C-Applied Statistics	1.4
Survey Review	1.4
Rationality and Society	1.4
Journal of Contemporary Criminal Justice	1.4
Genes to Cells	1.4
Pediatric Transplantation	1.4
New Zealand Geographer	1.4
Records of Natural Products	1.4
Cultural Trends	1.4
Constructive Approximation	1.4
SAMJ South African Medical Journal	1.4
Journal of Nonlinear Optical Physics & Materials	1.4
Behavioural Pharmacology	1.4
Journal of Ceramic Processing Research	1.4
Carpathian Journal of Mathematics	1.4
Journal of Evidence-Based Psychotherapies	1.4
Journal of the London Mathematical Society-Second Series	1.4
ESAIM-Control Optimisation and Calculus of Variations	1.4
Computer Science and Information Systems	1.4
Journal of the American Academy of Audiology	1.4
Quarterly Journal of Nuclear Medicine and Molecular Imaging	1.4
International Journal of Art & Design Education	1.4
Prosthetics and Orthotics International	1.4
Evidence & Policy	1.4
Journal of Geography in Higher Education	1.4
Journal of Occupational and Environmental Medicine	1.4
Biotechnic & Histochemistry	1.4
Medical Molecular Morphology	1.4
Physiological and Biochemical Zoology	1.4
Journal of Roman Studies	1.4
Memory Studies	1.4
Proceedings of the Institution of Civil Engineers-Energy	1.4
Hemodialysis International	1.4
Empirica	1.4
Journal of Rubber Research	1.4
Promet-Traffic & Transportation	1.4
Past & Present	1.4
Chimia	1.4
Philosophical Studies	1.4
Annals of the Institute of Statistical Mathematics	1.4
International Journal of Developmental Disabilities	1.4
IETE Journal of Research	1.4
Comparative Studies in Society and History	1.4
Asia-Pacific Journal of Financial Studies	1.4
Journal of Computer Assisted Tomography	1.4
Journal of Computer and System Sciences	1.4
Tellus Series A-Dynamic Meteorology and Oceanography	1.4
Chemoecology	1.4
Canadian Journal of Zoology	1.4
Journal of Baltic Science Education	1.4
Colombia Medica	1.4
Journal of Computational Neuroscience	1.4
Audiology and Neuro-Otology	1.4
Journal of New Music Research	1.4
Annales Henri Poincare	1.4
Horttechnology	1.4
New Zealand Journal of Crop and Horticultural Science	1.4
Polar Biology	1.4
Australian Journal of Primary Health	1.4
International Journal of Modern Physics C	1.4
Journal of Mining and Metallurgy Section B-Metallurgy	1.4
California Agriculture	1.4
Water SA	1.4
Journal of Tropical Ecology	1.4
Journal of the Belgian Society of Radiology	1.4
Zeitschrift fuer Erziehungswissenschaft	1.4
Canadian Journal of School Psychology	1.4
Deutsche Entomologische Zeitschrift	1.4
International Journal of Circuit Theory and Applications	1.4
Mycoscience	1.4
Plant Biotechnology	1.4
Current Sports Medicine Reports	1.4
Parenting-Science and Practice	1.4
Analyses of Social Issues and Public Policy	1.4
Legal Medicine	1.4
Journal of General Plant Pathology	1.4
China Perspectives	1.4
Molecular Cytogenetics	1.4
Historic Environment-Policy & Practice	1.4
Seminars in Plastic Surgery	1.4
Geo-Marine Letters	1.4
IET Signal Processing	1.4
ACM Transactions on Algorithms	1.4
MAPAN-Journal of Metrology Society of India	1.4
Youth Violence and Juvenile Justice	1.4
Journal of Vector Borne Diseases	1.4
Journal of Cancer Research and Therapeutics	1.4
Folia Morphologica	1.4
Food Culture & Society	1.4
HSS Journal	1.4
Geographical Review	1.4
Economia Politica	1.4
Historical Biology	1.4
All Life	1.4
Journal of Interventional Cardiology	1.4
Lithic Technology	1.4
Cardiology Clinics	1.4
Journal of the American Mosquito Control Association	1.4
Journal for the Study of Education and Development	1.4
Journal of Pediatric Ophthalmology & Strabismus	1.4
Journal of Fire Sciences	1.4
American Journal of Perinatology	1.4
Law Probability & Risk	1.4
Annals of the American Academy of Political and Social Science	1.4
Revista Matematica Iberoamericana	1.4
Azania-Archaeological Research in Africa	1.4
Chronic Illness	1.4
Advances in Mathematical Physics	1.4
International Journal of Developmental Neuroscience	1.4
Fisheries Science	1.4
International Journal of Modern Physics A	1.4
Plastics Rubber and Composites	1.4
Transportation Journal	1.4
Sociological Inquiry	1.4
Ecological Psychology	1.4
Horticulture Journal	1.4
Solid-State Electronics	1.4
Freshwater Science	1.4
Journal of Beliefs & Values-Studies in Religion & Education	1.4
Applied Neuropsychology-Child	1.4
Algebra & Number Theory	1.4
Peacebuilding	1.4
Survival	1.4
Scandinavian Journal of Clinical & Laboratory Investigation	1.4
Journal of Paediatrics and Child Health	1.4
Tetrahedron Letters	1.4
Theoretical Population Biology	1.4
Semiotica	1.4
Acta Oceanologica Sinica	1.4
Scandinavian Cardiovascular Journal	1.4
Folia Geobotanica	1.4
Czech Journal of Food Sciences	1.4
Norsk Geografisk Tidsskrift-Norwegian Journal of Geography	1.4
Human Service Organizations Management Leadership & Governance	1.4
Biotechnology & Biotechnological Equipment	1.4
Oncology Research and Treatment	1.4
Revista Matematica Complutense	1.4
Cambridge Review of International Affairs	1.4
Psychiatric Genetics	1.4
Micropaleontology	1.4
Korea Observer	1.4
High Energy Density Physics	1.4
Kybernetika	1.4
Gene Expression Patterns	1.4
Journal of Inclusion Phenomena and Macrocyclic Chemistry	1.4
Annals of the Missouri Botanical Garden	1.4
Open Systems & Information Dynamics	1.4
Statistics	1.4
Child Abuse Review	1.4
Journal of Seed Science	1.4
Molecular and Biochemical Parasitology	1.4
Journal of Law and Society	1.4
Near Surface Geophysics	1.4
Journal of Foraminiferal Research	1.4
Journal of Mathematical Psychology	1.4
Geophysical and Astrophysical Fluid Dynamics	1.4
International Interactions	1.4
Australian Mammalogy	1.4
Journal of Intellectual Disabilities	1.4
Zoosystematics and Evolution	1.4
Canadian Public Policy-Analyse de Politiques	1.4
Mobilization	1.4
Archives of Animal Nutrition	1.4
International Journal of Turbo & Jet-Engines	1.4
Evolutionary Psychology	1.4
Journal of Wound Ostomy and Continence Nursing	1.4
Oral History Review	1.4
European Journal of Entomology	1.4
JANAC-Journal of the Association of Nurses in AIDS Care	1.4
Journal of the Philosophy of Sport	1.4
ACM Transactions on Modeling and Computer Simulation	1.4
American Journal of Hospice & Palliative Medicine	1.4
Journal of Instrumentation	1.4
Scandinavian Journal of Economics	1.4
Pacific Affairs	1.4
Chemotherapy	1.4
International Journal of Clinical and Experimental Hypnosis	1.4
Journal of Biosocial Science	1.4
Journal of Morphology	1.4
Community Development Journal	1.4
International Journal of Rehabilitation Research	1.4
Politicka Ekonomie	1.4
Health Care Analysis	1.4
Canadian Journal of Political Science-Revue Canadienne de Science Politique	1.4
African Journal of Ecology	1.4
Journal of Foot & Ankle Surgery	1.4
Limnology	1.4
Hand Clinics	1.4
Veterinary Clinics of North America-Equine Practice	1.4
Numerical Methods for Partial Differential Equations	1.4
Current Opinion in Otolaryngology & Head and Neck Surgery	1.4
Intercultural Pragmatics	1.4
Mendeleev Communications	1.4
Nuclear Medicine Communications	1.4
Diatom Research	1.4
Australian Journal of Linguistics	1.4
Numerical Linear Algebra With Applications	1.4
Oxford Journal of Legal Studies	1.4
Quality Management in Health Care	1.4
Applicable Analysis and Discrete Mathematics	1.4
Calcolo	1.4
Journal of Freshwater Ecology	1.4
Journal of Veterinary Pharmacology and Therapeutics	1.4
Journal of Crustacean Biology	1.4
Culture & Psychology	1.4
Journal of Oral Science	1.4
Communication Culture & Critique	1.4
Nordic Psychology	1.4
Botany	1.4
International Heart Journal	1.4
Theoretical Ecology	1.4
Canadian Review of Sociology-Revue Canadienne de Sociologie	1.4
Acta Clinica Belgica	1.4
Early Child Development and Care	1.4
Applied Economics Letters	1.4
Integrative Psychological and Behavioral Science	1.4
IET Software	1.4
Journal of World Trade	1.3
Zeitschrift fuer Neuropsychologie	1.3
Applied Immunohistochemistry & Molecular Morphology	1.3
Heart Failure Clinics	1.3
African Journal of Emergency Medicine	1.3
Journal of Green Building	1.3
Journal of Applied Animal Welfare Science	1.3
Ecological Restoration	1.3
Geochemical Journal	1.3
International Journal of Toxicology	1.3
Hip International	1.3
Developing World Bioethics	1.3
Ethology	1.3
Pediatric Exercise Science	1.3
Acta Adriatica	1.3
Acta Biotheoretica	1.3
Journal of Real Estate Research	1.3
Veterinary Surgery	1.3
Entomological Research	1.3
Medical Anthropology	1.3
Journal of Raptor Research	1.3
Acta Oto-Laryngologica	1.3
Zeitschrift fuer Entwicklungspsychologie und Padagogische Psychologie	1.3
East European Politics and Societies	1.3
Scottish Geographical Journal	1.3
Visual Communication	1.3
PACE-Pacing and Clinical Electrophysiology	1.3
Annals of Otology Rhinology and Laryngology	1.3
Arab Journal of Gastroenterology	1.3
Wood and Fiber Science	1.3
Japan Journal of Industrial and Applied Mathematics	1.3
Sequential Analysis-Design Methods and Applications	1.3
Episteme-A Journal of Individual and Social Epistemology	1.3
Theory and Practice of Logic Programming	1.3
International Journal of Primatology	1.3
Psychoanalytic Psychology	1.3
Studies in American Political Development	1.3
Avian Conservation and Ecology	1.3
Journal of Paleolimnology	1.3
Politics Groups and Identities	1.3
Crop Breeding and Applied Biotechnology	1.3
Russian Journal of Plant Physiology	1.3
Social Inclusion	1.3
Syntax-A Journal of Theoretical Experimental and Interdisciplinary Research	1.3
Phosphorus Sulfur and Silicon and the Related Elements	1.3
Journal of the Chinese Institute of Engineers	1.3
Critical Criminology	1.3
Pediatric Cardiology	1.3
Cultural Studies	1.3
Amphibia-Reptilia	1.3
Neuropediatrics	1.3
Ciencia e Agrotecnologia	1.3
Revista Brasileira de Engenharia Agricola e Ambiental	1.3
Diachronica	1.3
Acta Applicandae Mathematicae	1.3
International Journal of Modern Physics E	1.3
Childs Nervous System	1.3
Nursing Clinics of North America	1.3
International Journal of Clothing Science and Technology	1.3
Current Analytical Chemistry	1.3
Husserl Studies	1.3
Open Archaeology	1.3
European Business Organization Law Review	1.3
Laboratory Animals	1.3
Journal of Hyperbolic Differential Equations	1.3
Rural History-Economy Society Culture	1.3
Animal Biodiversity and Conservation	1.3
Computational and Mathematical Organization Theory	1.3
Legal Studies	1.3
Molecular Biology	1.3
Linguistics	1.3
Journal of Seismology	1.3
Aquatic Microbial Ecology	1.3
Health Security	1.3
Canadian Journal of Experimental Psychology-Revue Canadienne de Psychologie Experimentale	1.3
Journal of Solution Chemistry	1.3
Twin Research and Human Genetics	1.3
Journal of Clinical Ultrasound	1.3
Journal of Motor Behavior	1.3
Transaction of the Canadian Society for Mechanical Engineering	1.3
Journal of International Criminal Justice	1.3
Levant	1.3
Journal of Behavioral Education	1.3
Philosophical Magazine	1.3
Journal of Oncology Pharmacy Practice	1.3
Journal of Spinal Cord Medicine	1.3
Journal of Educational and Psychological Consultation	1.3
Journal of Statistical Computation and Simulation	1.3
Journal of Research in Music Education	1.3
Journal of Human Rights	1.3
Gender and Language	1.3
Armed Forces & Society	1.3
Journal of Wildlife Diseases	1.3
Journal of Testing and Evaluation	1.3
Chemical and Biochemical Engineering Quarterly	1.3
Proceedings of the National Academy of Sciences India Section A-Physical Sciences	1.3
Presidential Studies Quarterly	1.3
Quarterly Journal of Speech	1.3
Philosophical Quarterly	1.3
Radiocarbon	1.3
Journal of International Dispute Settlement	1.3
Journal of Cardiovascular Surgery	1.3
Nonlinear Analysis-Theory Methods & Applications	1.3
American Journal of Cultural Sociology	1.3
Forum of Mathematics Sigma	1.3
International Social Work	1.3
Comptes Rendus Chimie	1.3
Phase Transitions	1.3
Perfusion-UK	1.3
Supramolecular Chemistry	1.3
Canadian Journal on Aging-Revue Canadienne du Vieillissement	1.3
Technology and Health Care	1.3
Post-Communist Economies	1.3
Journal of African Economies	1.3
Bio-Medical Materials and Engineering	1.3
AJAR-African Journal of AIDS Research	1.3
Russian Journal of Nondestructive Testing	1.3
South African Journal of Psychiatry	1.3
Journal of Thoracic Imaging	1.3
Identities-Global Studies in Culture and Power	1.3
Materiales de Construccion	1.3
Veterinary and Comparative Orthopaedics and Traumatology	1.3
Fiscal Studies	1.3
Analysis and Mathematical Physics	1.3
Australian Economic Papers	1.3
Acoustics Australia	1.3
Statistical Methods and Applications	1.3
Experimental Psychology	1.3
Avian Diseases	1.3
International Journal of Steel Structures	1.3
Journal of Microwave Power and Electromagnetic Energy	1.3
Tehnicki Vjesnik-Technical Gazette	1.3
European Law Journal	1.3
Measurement Science Review	1.3
Theoretical Economics	1.3
Social Behavior and Personality	1.3
Annals of Thoracic and Cardiovascular Surgery	1.3
Journal of Eastern African Studies	1.3
Surgical Laparoscopy Endoscopy & Percutaneous Techniques	1.3
Clinics in Sports Medicine	1.3
Biodiversity Data Journal	1.3
North American Journal of Fisheries Management	1.3
Dynamic Games and Applications	1.3
Geologia Croatica	1.3
Innovation-The European Journal of Social Science Research	1.3
Communications in Mathematical Sciences	1.3
Journal of Limnology	1.3
Pediatric Neurosurgery	1.3
Structural Engineering International	1.3
Gaceta Medica de Mexico	1.3
Mechanics & Industry	1.3
Indian Journal of Orthopaedics	1.3
Petroleum Science and Technology	1.3
Journal of AAPOS	1.3
European Journal of Ophthalmology	1.3
Current Treatment Options in Neurology	1.3
Banach Journal of Mathematical Analysis	1.3
Journal of Contemporary Ethnography	1.3
AI Communications	1.3
Infants & Young Children	1.3
American Museum Novitates	1.3
Medical Humanities	1.3
Social Science History	1.3
Iranian Journal of Parasitology	1.3
Teachers College Record	1.3
Geofluids	1.3
Combinatorica	1.3
Journal of Psychoeducational Assessment	1.3
Africa	1.3
Sport Psychologist	1.3
Orthopedics	1.3
International Arab Journal of Information Technology	1.3
Nutricion Hospitalaria	1.3
Zoologischer Anzeiger	1.3
International Journal of Mobile Communications	1.3
Australian Journal of Botany	1.3
Neuropathology	1.3
Asia-Pacific Journal of Operational Research	1.3
International Forestry Review	1.3
American Journal of Comparative Law	1.3
Australian Health Review	1.3
Mathematics in Engineering	1.3
Emu-Austral Ornithology	1.3
Geneva Papers on Risk and Insurance-Issues and Practice	1.3
Journal of Ship Production and Design	1.3
Selecta Mathematica-New Series	1.3
Imaging Science Journal	1.3
South African Journal of Economics	1.3
International Journal of Law Policy and the Family	1.3
Oral and Maxillofacial Surgery Clinics of North America	1.3
Studies in History and Philosophy of Science	1.3
Journal of Homeland Security and Emergency Management	1.3
Scottish Medical Journal	1.3
Journal of Infection in Developing Countries	1.3
Families in Society-The Journal of Contemporary Social Services	1.3
Journal of Vascular Research	1.3
Social Dynamics-A Journal of African Studies	1.3
Current Proteomics	1.3
English World-Wide	1.3
New Zealand Journal of Agricultural Research	1.3
Ulusal Travma ve Acil Cerrahi Dergisi-Turkish Journal of Trauma & Emergency Surgery	1.3
Social Choice and Welfare	1.3
Journal of Biological Systems	1.3
Image Analysis & Stereology	1.3
Journal of Mathematics	1.3
Biology & Philosophy	1.3
Transfusion Clinique et Biologique	1.3
Cancer Radiotherapie	1.3
Zoosystema	1.3
Brazilian Journal of Poultry Science	1.3
Journal of Sports Medicine and Physical Fitness	1.3
Journal of Mathematical Analysis and Applications	1.3
Reference Services Review	1.3
Indiana University Mathematics Journal	1.3
Animal Production Science	1.3
Australasian Journal of Early Childhood	1.3
International Journal of Immunogenetics	1.3
International Review of Economics Education	1.3
Journal of Hospice & Palliative Nursing	1.3
Journal of Economic Interaction and Coordination	1.3
Journal of Paleontology	1.3
Optimization Letters	1.3
Senses & Society	1.3
Macromolecular Reaction Engineering	1.3
Journal of Child Sexual Abuse	1.3
International Journal of Osteopathic Medicine	1.3
Finite Fields and Their Applications	1.3
Journal of Pension Economics & Finance	1.3
Scandinavian Political Studies	1.3
Journal of Biopharmaceutical Statistics	1.3
Nano	1.3
British Politics	1.3
Journal of Law Medicine & Ethics	1.3
International Journal of Tropical Insect Science	1.3
Interdisciplinary Science Reviews	1.3
Culture and Organization	1.3
Revista Brasileira de Zootecnia-Brazilian Journal of Animal Science	1.3
Journal of Combinatorial Theory Series B	1.3
Science of Sintering	1.3
Corrosion	1.3
Journal d'Analyse Mathematique	1.3
Psychologische Rundschau	1.3
Emerging Materials Research	1.3
Journal of African History	1.3
Osiris	1.3
Journal of the American Philosophical Association	1.3
Developing Economies	1.3
International Journal of Nursing Knowledge	1.3
Veterinarni Medicina	1.3
Italian Journal of Geosciences	1.3
Journal of Labelled Compounds & Radiopharmaceuticals	1.3
Biomedical Engineering-Biomedizinische Technik	1.3
Encephale-Revue de Psychiatrie Clinique Biologique et Therapeutique	1.3
Population	1.3
Transfusion Medicine	1.3
Applied Magnetic Resonance	1.3
Forest Pathology	1.3
Acta Botanica Brasilica	1.3
Bird Study	1.3
Acta Ethologica	1.3
Materials Science	1.3
Computational Statistics	1.3
Journal of Individual Differences	1.3
Trace Elements and Electrolytes	1.3
Bryologist	1.3
Journal of Psychophysiology	1.3
Reviews in Mathematical Physics	1.3
Knowledge Engineering Review	1.3
Mammalian Biology	1.3
Nuclear Technology & Radiation Protection	1.3
Nordic Journal of Music Therapy	1.3
Pakistan Journal of Agricultural Sciences	1.3
Journal of Legal History	1.3
Acta Ichthyologica et Piscatoria	1.3
Potential Analysis	1.3
Research in Nondestructive Evaluation	1.3
Behaviour	1.3
Emirates Journal of Food and Agriculture	1.3
Tree-Ring Research	1.3
New Zealand Journal of Zoology	1.3
Journal of Forest Research	1.3
Cognitive Neuroscience	1.3
International Journal of Microwave and Wireless Technologies	1.3
Nations and Nationalism	1.3
Cryptography and Communications-Discrete-Structures Boolean Functions and Sequences	1.3
Journal of Mineralogical and Petrological Sciences	1.3
Andrologia	1.3
Marine Genomics	1.3
Journal of Perinatal Medicine	1.3
Pediatric Allergy Immunology and Pulmonology	1.3
Developmental Neurorehabilitation	1.3
IET Microwaves Antennas & Propagation	1.3
European Journal of Integrative Medicine	1.3
Health Physics	1.2
Bulletin of the Iranian Mathematical Society	1.2
Journal of Minimal Access Surgery	1.2
Metallurgical Research & Technology	1.2
Journal of Forest Economics	1.2
Families Systems & Health	1.2
Advances in Applied Mathematics	1.2
Critical Care Nursing Clinics of North America	1.2
Applied Geophysics	1.2
Behavioral Medicine	1.2
Seminars in Interventional Radiology	1.2
Jfr-Journal of Family Research	1.2
American Philosophical Quarterly	1.2
William and Mary Quarterly	1.2
Transfusion and Apheresis Science	1.2
Journal of Electronic Testing-Theory and Applications	1.2
Ultrastructural Pathology	1.2
Plant Species Biology	1.2
Acarologia	1.2
Quarterly Journal of Engineering Geology and Hydrogeology	1.2
Journal of Social Service Research	1.2
Applicable Analysis	1.2
Human Studies	1.2
Adicciones	1.2
Singapore Economic Review	1.2
Journal of Elder Abuse & Neglect	1.2
Journal of Integral Equations and Applications	1.2
Pediatric Dermatology	1.2
Few-Body Systems	1.2
International Finance	1.2
Revista Mexicana de Fisica	1.2
Language Matters	1.2
Genetic Testing and Molecular Biomarkers	1.2
European Review of Economic History	1.2
Studies in Philosophy and Education	1.2
Mediterranean Politics	1.2
Topics in Companion Animal Medicine	1.2
Translator	1.2
Res Publica-A Journal of Moral Legal and Political Philosophy	1.2
Scottish Journal of Political Economy	1.2
IEEE Pulse	1.2
Digestive Surgery	1.2
Plastic Surgery	1.2
Ergo-An Open Access Journal of Philosophy	1.2
Economic Anthropology	1.2
Nuclear Science and Engineering	1.2
Philosophical Explorations	1.2
Progres en Urologie	1.2
Cytopathology	1.2
Military Medicine	1.2
International Journal of Quantum Information	1.2
Review of Derivatives Research	1.2
Foundations of Science	1.2
Lichenologist	1.2
African and Asian Studies	1.2
Phytotaxa	1.2
International Politics	1.2
Aquatic Mammals	1.2
Journal of Mathematical Physics	1.2
Neurologist	1.2
Veterinary Radiology & Ultrasound	1.2
International Journal of Surface Science and Engineering	1.2
Grassland Science	1.2
Journal of Historical Geography	1.2
Journal of Parasitology	1.2
Critical Inquiry	1.2
International Journal of Materials Research	1.2
Biosocieties	1.2
Revista da Escola de Enfermagem da USP	1.2
Journal of Sustainable Forestry	1.2
Journal of Humanistic Psychology	1.2
Bulletin of Economic Research	1.2
Zeitschrift fuer Rheumatologie	1.2
Social Psychology	1.2
Journal of Aquatic Food Product Technology	1.2
Journal of Low Temperature Physics	1.2
Sao Paulo Medical Journal	1.2
Jahrbucher fuer Nationalokonomie und Statistik	1.2
Austral Entomology	1.2
Journal of Dynamic Systems Measurement and Control-Transactions of the Asme	1.2
Journal of Educational Measurement	1.2
International Journal for Lesson and Learning Studies	1.2
Ardea	1.2
International Journal of Psychological Research	1.2
Physics and Chemistry of Liquids	1.2
Elementary School Journal	1.2
Canadian Journal of Physics	1.2
Compost Science & Utilization	1.2
International Journal of Dental Hygiene	1.2
Canadian Public Administration-Administration Publique du Canada	1.2
Economic Theory	1.2
Acta Medica Portuguesa	1.2
New Genetics and Society	1.2
Mediterranean Journal of Mathematics	1.2
Phlebology	1.2
Journal of Arts Management Law and Society	1.2
Journal of Phytopathology	1.2
Asian and Pacific Migration Journal	1.2
Botany Letters	1.2
Proceedings of the Institution of Civil Engineers-Municipal Engineer	1.2
Linguistic Typology	1.2
Journal of Social Work Practice	1.2
Revista de Estudios Sociales	1.2
Polar Research	1.2
Journal of Vestibular Research-Equilibrium & Orientation	1.2
Australasian Plant Pathology	1.2
Early Years	1.2
GLQ-A Journal of Lesbian and Gay Studies	1.2
Planning Perspectives	1.2
Comptes Rendus Palevol	1.2
Medizinische Genetik	1.2
Journal of Human Capital	1.2
Set-Valued and Variational Analysis	1.2
Kinesiology	1.2
Fusion Science and Technology	1.2
Archives of Environmental & Occupational Health	1.2
Mammal Study	1.2
Journal of Thermal Science and Technology	1.2
Proceedings of the Institution of Mechanical Engineers Part P-Journal of Sports Engineering and Technology	1.2
Cognitive Neuropsychiatry	1.2
Scandinavian Journal of Statistics	1.2
Journal of Cutaneous Pathology	1.2
Nordic Pulp & Paper Research Journal	1.2
Acta Radiologica	1.2
Earth and Environmental Science Transactions of the Royal Society of Edinburgh	1.2
Stochastic Processes and Their Applications	1.2
American Indian and Alaska Native Mental Health Research	1.2
Grasas y Aceites	1.2
Statistica Sinica	1.2
International Journal of RF and Microwave Computer-Aided Engineering	1.2
Revista Espanola de Medicina Nuclear e Imagen Molecular	1.2
Young	1.2
Zebrafish	1.2
Journal of the Geological Society of India	1.2
Proceedings of the Geologists Association	1.2
Anais da Academia Brasileira de Ciencias	1.2
Urologia Internationalis	1.2
Health Care for Women International	1.2
Cryptogamie Mycologie	1.2
Acta Informatica	1.2
Behavioral Disorders	1.2
Journal of Regulatory Economics	1.2
Acta Ornithologica	1.2
Journal of Law Economics & Organization	1.2
Perspectives-Studies in Translation Theory and Practice	1.2
Netherlands Quarterly of Human Rights	1.2
Personalized Medicine	1.2
Designs Codes and Cryptography	1.2
Du Bois Review-Social Science Research on Race	1.2
Mathematical Population Studies	1.2
Ethnography	1.2
Revista Mexicana de Ingenieria Quimica	1.2
Informs Journal on Applied Analytics	1.2
Folia Phoniatrica et Logopaedica	1.2
Nodea-Nonlinear Differential Equations and Applications	1.2
Journal of Development Effectiveness	1.2
Citizenship Studies	1.2
Evolution Equations and Control Theory	1.2
JoVE-Journal of Visualized Experiments	1.2
Space and Culture	1.2
Proceedings of the Institution of Mechanical Engineers Part G-Journal of Aerospace Engineering	1.2
Indian Journal of Pharmacology	1.2
Journal of Computational Mathematics	1.2
Diseases of Aquatic Organisms	1.2
Bulletin of the Menninger Clinic	1.2
Multilingua-Journal of Cross-Cultural and Interlanguage Communication	1.2
Metrika	1.2
Communications in Contemporary Mathematics	1.2
Cahiers Agricultures	1.2
World Rabbit Science	1.2
Mathematical Physics Analysis and Geometry	1.2
Processing and Application of Ceramics	1.2
Global Governance	1.2
Optical Engineering	1.2
Journal of Molecular Spectroscopy	1.2
North American Journal of Aquaculture	1.2
Teaching Sociology	1.2
Marine Biology Research	1.2
Industrial Law Journal	1.2
Cultural Geographies	1.2
Journal of Philosophical Logic	1.2
Tel Aviv-Journal of the Institute of Archaeology of Tel Aviv University	1.2
Journal of Dynamical and Control Systems	1.2
Studies in Nonlinear Dynamics and Econometrics	1.2
Journal of Continuing Education in Nursing	1.2
Chemistry of Heterocyclic Compounds	1.2
Transactions of the Institute of Metal Finishing	1.2
Eastern European Economics	1.2
Journal of Biological Education	1.2
International Journal of Electronics	1.2
Clinical Neuropharmacology	1.2
Review of Religious Research	1.2
Journal of Comparative Pathology	1.2
African Journal of Wildlife Research	1.2
Economics of Governance	1.2
European Journal of Archaeology	1.2
Horticultural Science	1.2
Journal of Inverse and Ill-Posed Problems	1.2
Berliner Journal fuer Soziologie	1.2
Process Safety Progress	1.2
Clothing and Textiles Research Journal	1.2
International Journal of Strategic Property Management	1.2
Parasite Immunology	1.2
Computational Methods in Applied Mathematics	1.2
Journal of Neurosurgical Sciences	1.2
Brain Behavior and Evolution	1.2
World Englishes	1.2
Journal of Superhard Materials	1.2
Proceedings of the Institution of Civil Engineers-Structures and Buildings	1.2
Science & Sports	1.2
Grundwasser	1.2
Mathematical Methods of Operations Research	1.2
Polymer Science Series A	1.2
Materials at High Temperatures	1.2
Bulletin of the Malaysian Mathematical Sciences Society	1.2
Humor-International Journal of Humor Research	1.2
Journal of Time Series Analysis	1.2
Women & Therapy	1.2
Australian Journal of Zoology	1.2
International Review of Hydrobiology	1.2
Australian Feminist Studies	1.2
Time & Society	1.2
Music Education Research	1.2
Journal of Artificial Organs	1.2
Toxicological and Environmental Chemistry	1.2
Southern Forests	1.2
Subterranean Biology	1.2
SOLA	1.2
State Politics & Policy Quarterly	1.2
Grana	1.1
Pediatric and Developmental Pathology	1.1
Herpetologica	1.1
Anales del Sistema Sanitario de Navarra	1.1
Homo-Journal of Comparative Human Biology	1.1
Foundations of Physics	1.1
Journal of Island & Coastal Archaeology	1.1
Journal of Laparoendoscopic & Advanced Surgical Techniques	1.1
Journal for Specialists in Pediatric Nursing	1.1
Public Culture	1.1
Law and History Review	1.1
Games and Economic Behavior	1.1
Journal of the American Musicological Society	1.1
Ciencias Marinas	1.1
Religion	1.1
Acta Neurologica Scandinavica	1.1
Americas	1.1
European Journal of Mass Spectrometry	1.1
Journal of Empirical Legal Studies	1.1
Acta Zoologica	1.1
Seminars in Dialysis	1.1
Journal of Crime & Justice	1.1
ACI Structural Journal	1.1
Limnetica	1.1
Baltica	1.1
Applied Biochemistry and Microbiology	1.1
German Economic Review	1.1
Ultrasound Quarterly	1.1
European Journal of Combinatorics	1.1
Microwave and Optical Technology Letters	1.1
Salud Colectiva	1.1
Social Compass	1.1
Journal of Dynamics and Differential Equations	1.1
Economics of Energy & Environmental Policy	1.1
JCPSP-Journal of the College of Physicians and Surgeons Pakistan	1.1
Southern Economic Journal	1.1
Journal of Difference Equations and Applications	1.1
Russian Journal of Herpetology	1.1
Systematic and Applied Acarology	1.1
Taiwanese Journal of Mathematics	1.1
Forum-A Journal of Applied Research in Contemporary Politics	1.1
Asian Studies Review	1.1
Journal of the Marine Biological Association of the United Kingdom	1.1
Positivity	1.1
Letters in Organic Chemistry	1.1
Mathematische Zeitschrift	1.1
Medical History	1.1
Pacific Focus	1.1
Surface Review and Letters	1.1
European Review of Applied Psychology-Revue Europeenne de Psychologie Appliquee	1.1
Narrative Inquiry	1.1
Politikon	1.1
Zeitschrift fuer Analysis und Ihre Anwendungen	1.1
Brazilian Journal of Geology	1.1
ICGA Journal	1.1
National Academy Science Letters-India	1.1
Zeitschrift fuer Gerontologie und Geriatrie	1.1
Accreditation and Quality Assurance	1.1
Baltic Forestry	1.1
Journal of Liquid Chromatography & Related Technologies	1.1
Nationalities Papers-The Journal of Nationalism and Ethnicity	1.1
Journal of Statistical Physics	1.1
Modern China	1.1
Electronic Journal of Probability	1.1
Journal of Agricultural Biological and Environmental Statistics	1.1
Latin American Antiquity	1.1
Journal of the Institute of Mathematics of Jussieu	1.1
Laser Physics	1.1
Psychoanalytic Dialogues	1.1
RBGN-Revista Brasileira de Gestao de Negocios	1.1
Journal of Craniofacial Surgery	1.1
Polymer Science Series C	1.1
Symmetry Integrability and Geometry-Methods and Applications	1.1
International Mathematics Research Notices	1.1
Journal of Personnel Psychology	1.1
Journal of Linguistics	1.1
Critique of Anthropology	1.1
JETP Letters	1.1
Thermal Science	1.1
Psychoanalytic Quarterly	1.1
Chemistry Letters	1.1
Acta Crystallographica Section C-Structural Chemistry	1.1
Chemistry of Natural Compounds	1.1
International Journal of Group Psychotherapy	1.1
Polimery	1.1
Comptes Rendus Mecanique	1.1
Language Problems & Language Planning	1.1
Revista Caatinga	1.1
Contributions to Plasma Physics	1.1
British Journal of Religious Education	1.1
Anthropological Theory	1.1
Veterinary Ophthalmology	1.1
Magallania	1.1
Sociological Spectrum	1.1
Journal of Tropical Pediatrics	1.1
Zeitschrift fuer Kinder-Und Jugendpsychiatrie und Psychotherapie	1.1
American Journal of Medical Quality	1.1
Groups Geometry and Dynamics	1.1
Gesundheitswesen	1.1
Ethology Ecology & Evolution	1.1
Nordic Journal of Botany	1.1
Pediatric Emergency Care	1.1
Economic Computation and Economic Cybernetics Studies and Research	1.1
Revista Latinoamericana de Psicologia	1.1
Petroleum Chemistry	1.1
Clinical Linguistics & Phonetics	1.1
Journal of Statistical Planning and Inference	1.1
Probability in the Engineering and Informational Sciences	1.1
Australian Journal of Chemistry	1.1
Portuguese Economic Journal	1.1
Operative Orthopadie und Traumatologie	1.1
European Journal of Cancer Care	1.1
Equine Veterinary Education	1.1
Journal of Applied Statistics	1.1
International Journal of Parallel Programming	1.1
Ardeola-International Journal of Ornithology	1.1
European Journal of Health Psychology	1.1
Cellulose Chemistry and Technology	1.1
Integral Transforms and Special Functions	1.1
East Asian Journal on Applied Mathematics	1.1
Rhetoric Society Quarterly	1.1
Longitudinal and Life Course Studies	1.1
ACM Transactions on Computational Logic	1.1
Rehabilitation Nursing	1.1
Journal of Poverty and Social Justice	1.1
Protection of Metals and Physical Chemistry of Surfaces	1.1
eco.mont-Journal on Protected Mountain Areas Research	1.1
Journal of Ethnicity in Substance Abuse	1.1
R Journal	1.1
Statistical Analysis and Data Mining	1.1
Fashion Practice-The Journal of Design Creative Process & the Fashion Industry	1.1
International Journal of Data Warehousing and Mining	1.1
Soft Materials	1.1
South African Journal of Geology	1.1
Physics of Wave Phenomena	1.1
International Journal for Multiscale Computational Engineering	1.1
American Journal of Evaluation	1.1
Journal of Forensic Nursing	1.1
Numerical Mathematics-Theory Methods and Applications	1.1
Language Learning and Development	1.1
Basic and Applied Social Psychology	1.1
Journal of Oral Implantology	1.1
New Zealand Veterinary Journal	1.1
Visual Studies	1.1
Philosophy of the Social Sciences	1.1
Human Heredity	1.1
International Journal of Ventilation	1.1
Sensors and Materials	1.1
Journal of Toxicologic Pathology	1.1
Feminist Theory	1.1
Journal of Veterinary Medical Science	1.1
Journal of Comparative Psychology	1.1
IEICE Transactions on Communications	1.1
American Business Law Journal	1.1
Journal of Veterinary Medical Education	1.1
Women & Criminal Justice	1.1
Journal of Social and Clinical Psychology	1.1
Journal of Electromagnetic Waves and Applications	1.1
Journal for the Study of Judaism	1.1
South Atlantic Quarterly	1.1
Journal of Korean Academy of Nursing	1.1
Botanical Sciences	1.1
Random Structures & Algorithms	1.1
History Workshop Journal	1.1
Celebrity Studies	1.1
Marine Technology Society Journal	1.1
Linguistic Review	1.1
Journal of Neurogenetics	1.1
International Journal of Music Education	1.1
Parallel Computing	1.1
International Journal of Cooperative Information Systems	1.1
Current Medical Imaging	1.1
Methodology and Computing in Applied Probability	1.1
Advances in Complex Systems	1.1
Language and Speech	1.1
Discrete Applied Mathematics	1.1
Fixed Point Theory	1.1
Linear Algebra and Its Applications	1.1
African Archaeological Review	1.1
Elektronika ir Elektrotechnika	1.1
Nervenarzt	1.1
Clinical Social Work Journal	1.1
Journal of Philosophy of Education	1.1
International Journal of Law in Context	1.1
Klinische Monatsblatter fuer Augenheilkunde	1.1
Journal of Field Archaeology	1.1
Journal of Postgraduate Medicine	1.1
South African Journal of Psychology	1.1
Journal of Herpetology	1.1
Social History	1.1
International Journal of Aeroacoustics	1.1
Homeopathy	1.1
Journal of Laryngology and Otology	1.1
African Journal of Marine Science	1.1
International Review of the Red Cross	1.1
Journal of Economic Education	1.1
Psychological Record	1.1
Journal of Economic Theory	1.1
Acta Crystallographica Section F-Structural Biology Communications	1.1
Journal of Demographic Economics	1.1
Philosophy	1.1
Discrete Mathematics	1.1
Doklady Physical Chemistry	1.1
Women & Health	1.1
i-Perception	1.1
Political Science Quarterly	1.1
Organic Preparations and Procedures International	1.1
Biocontrol Science and Technology	1.1
Tellus Series B-Chemical and Physical Meteorology	1.1
South African Journal of Chemistry-Suid-Afrikaanse Tydskrif vir Chemie	1.1
Geological Quarterly	1.1
Biological Bulletin	1.1
Stratigraphy and Geological Correlation	1.1
Bois et Forets des Tropiques	1.1
Journal for Healthcare Quality	1.1
Ciencia Florestal	1.1
International Journal of Speleology	1.1
Journal of Noncommutative Geometry	1.1
Results in Mathematics	1.1
Journal of Fixed Point Theory and Applications	1.1
Journal of Field Ornithology	1.1
Journal of Entomological Science	1.1
Journal of Multicultural Counseling and Development	1.1
Helminthologia	1.1
Russian Journal of Coordination Chemistry	1.1
Annals of Clinical Biochemistry	1.1
Journal of Clinical Pharmacy and Therapeutics	1.1
Bulletin du Cancer	1.1
Journal of Psychology in Africa	1.1
Urban Policy and Research	1.1
Economics and Philosophy	1.1
Pakistan Journal of Botany	1.1
Formal Aspects of Computing	1.1
Canadian Geographer-Geographe Canadien	1.1
Asian-Pacific Economic Literature	1.1
Distributed and Parallel Databases	1.1
Canadian Journal of Animal Science	1.1
Informal Logic	1.1
Journal of Gerontological Nursing	1.1
Television & New Media	1.1
Journal of Nutritional Science and Vitaminology	1.1
Social Cognition	1.1
Petrophysics	1.1
Japanese Journal of Infectious Diseases	1.1
Theoretical Computer Science	1.1
Translation and Interpreting Studies	1.1
IET Computers and Digital Techniques	1.1
Visual Cognition	1.1
Progress in Transplantation	1.1
Pharmacognosy Magazine	1
Focus on Autism and Other Developmental Disabilities	1
Journal of Porphyrins and Phthalocyanines	1
Intelligent Data Analysis	1
Acta Physica Sinica	1
Group Dynamics-Theory Research and Practice	1
Geotectonics	1
Journal of Carbohydrate Chemistry	1
Asymptotic Analysis	1
Journal Francais d'Ophtalmologie	1
Atmosfera	1
Advances in Applied Clifford Algebras	1
Journal of Arachnology	1
Analysis	1
Spanish Journal of Finance and Accounting-Revista Espanola de Financiacion y Contabilidad	1
Latin American Journal of Solids and Structures	1
Discrete Event Dynamic Systems-Theory and Applications	1
International Journal of Web and Grid Services	1
Revista de Historia Economica	1
Biochemistry and Molecular Biology Education	1
AIDS Research and Human Retroviruses	1
Research in Dance Education	1
Proceedings of the Institution of Civil Engineers-Water Management	1
Australian Journal of Forensic Sciences	1
Applied Entomology and Zoology	1
Review of Industrial Organization	1
Journal of Circuits Systems and Computers	1
International Journal of Software Engineering and Knowledge Engineering	1
Island Studies Journal	1
Annales de la Societe Entomologique de France	1
Astrophysical Bulletin	1
Revista Brasileira de Politica Internacional	1
Studia Geophysica et Geodaetica	1
Communications in Mathematics and Statistics	1
Schweizer Archiv fuer Tierheilkunde	1
Continuum-Journal of Media & Cultural Studies	1
KSII Transactions on Internet and Information Systems	1
Dermatologic Therapy	1
Logopedics Phoniatrics Vocology	1
Plant Protection Science	1
Journal of International Advanced Otology	1
Nova Hedwigia	1
Balkan Journal of Medical Genetics	1
Industria Textila	1
Microbiology	1
Canadian Journal of Development Studies-Revue Canadienne d'Etudes du Developpement	1
Chemija	1
Interpretation-A Journal of Subsurface Characterization	1
Revue de Medecine Interne	1
Botanica Serbica	1
Brazilian Archives of Biology and Technology	1
Journal of Mathematical Inequalities	1
Kinetics and Catalysis	1
COMPEL-The International Journal for Computation and Mathematics in Electrical and Electronic Engineering	1
Journal of Pediatric Endocrinology & Metabolism	1
Plant Genetic Resources-Characterization and Utilization	1
Journal of Constructivist Psychology	1
Functional Materials Letters	1
Bulletin of Symbolic Logic	1
European Journal of International Management	1
Earth Sciences Research Journal	1
Zeitschrift fuer Orthopadie und Unfallchirurgie	1
South American Journal of Herpetology	1
Journal of Interdisciplinary History	1
Orvosi Hetilap	1
Estudios Geologicos-Madrid	1
Dados-Revista de Ciencias Sociais	1
Journal of Employment Counseling	1
Journal of the Korean Physical Society	1
Journal of Asian and African Studies	1
Journal of Black Studies	1
Renaissance Quarterly	1
Coleopterists Bulletin	1
Hemoglobin	1
Electronics Letters	1
Polity	1
Contemporary South Asia	1
Acta Scientiarum Polonorum-Hortorum Cultus	1
Petrology	1
Journal of Environmental Engineering and Landscape Management	1
Biological Rhythm Research	1
Lithuanian Journal of Physics	1
History and Philosophy of the Life Sciences	1
Russian Geology and Geophysics	1
Intelligence and National Security	1
Mitochondrial DNA Part A	1
Childrens Health Care	1
Arctic	1
English in Education	1
Arquivos Brasileiros de Oftalmologia	1
British Journal of Music Education	1
Russian Journal of General Chemistry	1
IMA Journal of Mathematical Control and Information	1
Journal of Forensic Psychology Research and Practice	1
Semiconductors	1
Bulletin of Marine Science	1
Business History Review	1
Formal Methods in System Design	1
Materialwissenschaft und Werkstofftechnik	1
Agricultural and Food Science	1
Canadian Entomologist	1
New Medit	1
Canadian Journal of Chemistry	1
Beton- und Stahlbetonbau	1
Acta Physica Polonica B	1
Conservation Genetics Resources	1
Digital Scholarship in the Humanities	1
Journal of Nanophotonics	1
International Journal of Global Warming	1
Journal of Advanced Mechanical Design Systems and Manufacturing	1
Current Herpetology	1
IEICE Electronics Express	1
Journal of Economic Methodology	1
IEEJ Transactions on Electrical and Electronic Engineering	1
Conservation and Management of Archaeological Sites	1
Herpetozoa	1
Historical Journal	1
Archaeologies-Journal of the World Archaeological Congress	1
Algorithmica	1
International Review of Law and Economics	1
Chinese Journal of Chemical Physics	1
American Surgeon	1
Journal of Surveying Engineering	1
Seminars in Speech and Language	1
Clinical Nurse Specialist	1
International Journal of Astrobiology	1
Advances in Applied Probability	1
Thalassas	1
Econometric Reviews	1
Advances in High Energy Physics	1
International Journal of Social Psychology	1
Internal Medicine	1
American Journal of Archaeology	1
International Journal of Acarology	1
Revista Iberoamericana de Automatica e Informatica Industrial	1
SIAM Journal on Discrete Mathematics	1
Blood Pressure Monitoring	1
Journal of Balkan and Near Eastern Studies	1
Speculum-A Journal of Medieval Studies	1
Statistica Neerlandica	1
Social Work in Public Health	1
Gastroenterology Nursing	1
Microelectronics International	1
Anthropology & Medicine	1
Macroeconomic Dynamics	1
Theoretical and Mathematical Physics	1
Journal of Electronic Imaging	1
International Journal of Evidence & Proof	1
Journal of Scholarly Publishing	1
Journal of the Faculty of Engineering and Architecture of Gazi University	1
Operations Research Letters	1
Radioengineering	1
Mathematische Nachrichten	1
Mechanics of Solids	1
International Journal on Artificial Intelligence Tools	1
Journal of Mechanics of Materials and Structures	1
International Journal of Uncertainty Fuzziness and Knowledge-Based Systems	1
Journal of Logical and Algebraic Methods in Programming	1
Labor History	1
Journal of Functional Programming	1
Nematology	1
Ophthalmic Genetics	1
Fibres & Textiles in Eastern Europe	1
Gesture	1
Acta Veterinaria Hungarica	1
New Scientist	1
Legume Research	1
Bulletin of the London Mathematical Society	1
Fluid Dynamics Research	1
National Tax Journal	1
European Physical Journal-Applied Physics	1
Ecoscience	1
Acta Mathematica Scientia	1
Contemporary Economic Policy	1
Journal of Cosmetic and Laser Therapy	1
Environmental History	1
Atomization and Sprays	1
Journal of the Mexican Chemical Society	1
Canadian Journal of Statistics-Revue Canadienne de Statistique	1
Journal of Russian Laser Research	1
Journal of Forensic Psychiatry & Psychology	1
Future Virology	1
Journal of Genetics	1
Chelonian Conservation and Biology	1
Journal of Roman Archaeology	1
Medical Hypotheses	1
Journal of Nonparametric Statistics	1
Revista Brasileira de Entomologia	1
Journal of Portfolio Management	1
History of the Family	1
Instrumentation Science & Technology	1
Prison Journal	1
Journal of Graph Theory	1
Filomat	1
Transactions of the Indian Ceramic Society	1
Reports on Mathematical Physics	1
International Journal of Middle East Studies	1
International Journal of Psychoanalysis	1
Russian Journal of Numerical Analysis and Mathematical Modelling	1
Polymer-Korea	1
Revista Arvore	1
Pragmatics & Cognition	1
Bothalia	1
Journal of Quantitative Linguistics	1
Journal of Geometry and Physics	1
Complex Analysis and Operator Theory	1
Social Philosophy & Policy	1
Medycyna Pracy	1
Journal of Experimental and Theoretical Physics	1
Astronomische Nachrichten	1
Plasma Physics Reports	1
Journal of Logic Language and Information	1
Laboratory Medicine	1
Forum Mathematicum	1
Blood Coagulation & Fibrinolysis	1
Complementary Medicine Research	1
Ethik in der Medizin	1
Canadian Journal of Administrative Sciences-Revue Canadienne des Sciences de l'Administration	1
Integral Equations and Operator Theory	1
Journal of Semiconductor Technology and Science	1
Optical Review	1
Journal of Laser Micro Nanoengineering	1
Journal of Modern Dynamics	1
Zoological Science	1
Physiotherapy Canada	1
Nucleosides Nucleotides & Nucleic Acids	1
Veterinary Clinical Pathology	1
HNO	0.9
Agenda	0.9
AKCE International Journal of Graphs and Combinatorics	0.9
Frequenz	0.9
Journal of Investigative Psychology and Offender Profiling	0.9
JNP- the Journal for Nurse Practitioners	0.9
Geografisk Tidsskrift-Danish Journal of Geography	0.9
Indian Journal of Genetics and Plant Breeding	0.9
Jaapa-Journal of the American Academy of Physician Assistants	0.9
Nigerian Journal of Clinical Practice	0.9
Asia-Pacific Journal of Public Health	0.9
American Journal of Physics	0.9
Journal of Post Keynesian Economics	0.9
Journal of Social Philosophy	0.9
Veterinary Record	0.9
Acta Chirurgica Belgica	0.9
Sociologia	0.9
Journal of Insect Behavior	0.9
Journal of Volcanology and Seismology	0.9
Zeitschrift fuer Anorganische und Allgemeine Chemie	0.9
Bulletin of the Brazilian Mathematical Society	0.9
Studies in Psychology	0.9
African Health Sciences	0.9
European Surgery-Acta Chirurgica Austriaca	0.9
Ensenanza de las Ciencias	0.9
Journal of Family Therapy	0.9
Boletin de la Asociacion de Geografos Espanoles	0.9
Radical History Review	0.9
Orthopaedic Nursing	0.9
Journal for General Philosophy of Science	0.9
Journal of the American Academy of Religion	0.9
Revista Espanola de Linguistica Aplicada	0.9
Advances in Astronomy	0.9
Texas Heart Institute Journal	0.9
Journal of Shellfish Research	0.9
Enterprise & Society	0.9
Comparative Cytogenetics	0.9
Malawi Medical Journal	0.9
Revista de Biologia Tropical	0.9
Southern Medical Journal	0.9
Russian Journal of Electrochemistry	0.9
Contemporary British History	0.9
Studia Logica	0.9
Journal of Neurological Surgery Part A-Central European Neurosurgery	0.9
Historical Studies in the Natural Sciences	0.9
International Journal of Disability Development and Education	0.9
Journal of Disability Policy Studies	0.9
Therapeutic Hypothermia and Temperature Management	0.9
Journal of Modern Optics	0.9
Central European Journal of Public Health	0.9
Geografie	0.9
Foundations of Chemistry	0.9
Interaction Studies	0.9
Acta Zoologica Academiae Scientiarum Hungaricae	0.9
Historia Agraria	0.9
Tropical Grasslands-Forrajes Tropicales	0.9
Journal of Molluscan Studies	0.9
Biotechnologie Agronomie Societe et Environnement	0.9
Zootaxa	0.9
History of Psychiatry	0.9
Acta Mathematicae Applicatae Sinica-English Series	0.9
Advances in Electrical and Computer Engineering	0.9
Library Quarterly	0.9
Journal of Modern History	0.9
Dissolution Technologies	0.9
Carpathian Journal of Earth and Environmental Sciences	0.9
Journal of Natural History	0.9
Circuit World	0.9
Journal of Anthropological Research	0.9
Journal of Pediatric Hematology Oncology	0.9
Mathematics and Financial Economics	0.9
Latin American Perspectives	0.9
Phytocoenologia	0.9
Canadian Journal of Dietetic Practice and Research	0.9
Georgian Mathematical Journal	0.9
International Journal of Exergy	0.9
Linear & Multilinear Algebra	0.9
Pediatric Annals	0.9
Scandinavian Journal of History	0.9
Journal for the History of Astronomy	0.9
Hemijska Industrija	0.9
Journal of Aesthetics and Art Criticism	0.9
Communications in Statistics-Theory and Methods	0.9
Sociobiology	0.9
Physics of Metals and Metallography	0.9
Journal of British Studies	0.9
Restaurator-International Journal for the Preservation of Library and Archival Material	0.9
Systematic Botany	0.9
Engineering Economist	0.9
Topics in Language Disorders	0.9
Journal of Pediatric Orthopaedics-Part B	0.9
Ceramics-Silikaty	0.9
Biologia Plantarum	0.9
Combinatorics Probability & Computing	0.9
Condensed Matter Physics	0.9
Horticultura Brasileira	0.9
African Journalism Studies	0.9
Acta Paulista de Enfermagem	0.9
Journal of the Chilean Chemical Society	0.9
Acta Mathematica Sinica-English Series	0.9
Journal of Mining Science	0.9
European Journal of Physics	0.9
Mathematical Structures in Computer Science	0.9
Journal of Water Chemistry and Technology	0.9
Norwegian Journal of Geology	0.9
International Journal of Clinical Pharmacology and Therapeutics	0.9
Kerntechnik	0.9
Low Temperature Physics	0.9
Journal of Spectral Theory	0.9
International Studies in the Philosophy of Science	0.9
Medical Problems of Performing Artists	0.9
Zeitschrift fuer Sexualforschung	0.9
English Today	0.9
Mathematica Slovaca	0.9
Canadian Journal of Behavioural Science-Revue Canadienne des Sciences du Comportement	0.9
Notfall & Rettungsmedizin	0.9
Canadian Journal of Economics-Revue Canadienne d'Economique	0.9
Genes & Genetic Systems	0.9
Journal of Latin American and Caribbean Anthropology	0.9
Psychiatrische Praxis	0.9
Museum International	0.9
Pediatrics International	0.9
History of Psychology	0.9
Herzogia	0.9
HAHR-Hispanic American Historical Review	0.9
History and Theory	0.9
Folia Biologica-Krakow	0.9
Representation Theory	0.9
Journal of Addictions Nursing	0.9
Journal of Middle East Womens Studies	0.9
Journal of Public Economic Theory	0.9
European Journal of Philosophy	0.9
Communist and Post-Communist Studies	0.9
Geochemistry International	0.9
Indian Journal of Agricultural Sciences	0.9
Indian Journal of Pharmaceutical Education and Research	0.9
Indian Journal of Public Health	0.9
Journal of the American Institute for Conservation	0.9
Proceedings of the American Mathematical Society	0.9
Diagnostic Cytopathology	0.9
Open Economies Review	0.9
PCI Journal	0.9
Aequationes Mathematicae	0.9
African Studies Review	0.9
Nursing Science Quarterly	0.9
Journal of Symbolic Computation	0.9
American Historical Review	0.9
Archive for History of Exact Sciences	0.9
International Journal of Pattern Recognition and Artificial Intelligence	0.9
Annals of Functional Analysis	0.9
Turkish Journal of Pediatrics	0.9
at-Automatisierungstechnik	0.9
Lake and Reservoir Management	0.9
Inland Water Biology	0.9
African Entomology	0.9
English Language & Linguistics	0.9
Studies in Conservation	0.9
Fashion Theory-The Journal of Dress Body & Culture	0.9
Scottish Journal of Geology	0.9
Analytic Philosophy	0.9
Journal of Maritime Archaeology	0.9
Journal of Experimental Psychology-Animal Learning and Cognition	0.9
Turk Gogus Kalp Damar Cerrahisi Dergisi-Turkish Journal of Thoracic and Cardiovascular Surgery	0.9
Uluslararasi Iliskiler-International Relations	0.9
Pure and Applied Mathematics Quarterly	0.9
Acta Geodynamica et Geomaterialia	0.9
Polymer Science Series B	0.9
Metallurgist	0.9
African Zoology	0.9
Fluctuation and Noise Letters	0.9
Opto-Electronics Review	0.9
Across Languages and Cultures	0.9
Turkish Journal of Biochemistry-Turk Biyokimya Dergisi	0.9
Zeitschrift fuer Geburtshilfe und Neonatologie	0.9
Journal of Semantics	0.9
Baltic Journal of Road and Bridge Engineering	0.9
Journal of Imperial and Commonwealth History	0.9
Annals of Noninvasive Electrocardiology	0.9
International Journal of Data Mining and Bioinformatics	0.9
IEEE Annals of the History of Computing	0.9
Critical Studies in Television	0.9
Mathematical Medicine and Biology-A Journal of the Ima	0.9
IEEE Industry Applications Magazine	0.9
Text & Talk	0.9
Idojaras	0.9
Electronic Journal of Combinatorics	0.9
International Journal of Osteoarchaeology	0.9
Behavioral Interventions	0.9
Anatomia Histologia Embryologia	0.9
Proceedings of the Royal Society of Edinburgh Section A-Mathematics	0.9
ScienceAsia	0.9
Israel Journal of Mathematics	0.9
Journal of Economic Issues	0.9
Praktische Metallographie-Practical Metallography	0.9
Informacije Midem-Journal of Microelectronics Electronic Components and Materials	0.9
Problems of Information Transmission	0.9
Current Science	0.9
Indian Journal of Animal Research	0.9
Communications in Statistics-Simulation and Computation	0.9
Inquiry-An Interdisciplinary Journal of Philosophy	0.9
Annali di Matematica Pura ed Applicata	0.9
Differential Equations	0.9
Random Matrices-Theory and Applications	0.9
Phonetica	0.9
Drvna Industrija	0.9
Collectanea Mathematica	0.9
Lithuanian Mathematical Journal	0.9
Revista Brasileira de Fruticultura	0.9
Quimica Nova	0.9
Rechtsmedizin	0.9
Canadian Modern Language Review-Revue Canadienne des Langues Vivantes	0.9
Journal of French Language Studies	0.9
Journal of Elementology	0.9
Quaestiones Mathematicae	0.9
International Journal of Surgical Pathology	0.9
Aquatic Ecosystem Health & Management	0.9
Electromagnetics	0.9
African Journal of Aquatic Science	0.9
International Journal of Computational Fluid Dynamics	0.9
Manchester School	0.9
Topics in Geriatric Rehabilitation	0.9
Clinical and Experimental Obstetrics & Gynecology	0.9
British Journal for the History of Science	0.9
British Journal of Aesthetics	0.9
Electronic Transactions on Numerical Analysis	0.9
Journal of Theoretical and Applied Mechanics	0.9
Journal of the Australian Mathematical Society	0.9
Acoustical Physics	0.9
Astronomy Letters-A Journal of Astronomy and Space Astrophysics	0.9
Glossa-A Journal of General Linguistics	0.9
Journal of Tropical Forest Science	0.9
Australasian Journal of Philosophy	0.9
Australian Economic Review	0.9
Journal of Algebraic Combinatorics	0.9
Astrophysics	0.9
Ichthyological Research	0.9
International Journal of Oil Gas and Coal Technology	0.9
Critical Studies in Media Communication	0.9
Journal of Mathematical Economics	0.9
East Asian Science Technology and Society-An International Journal	0.9
Archaeofauna	0.8
Fetal and Pediatric Pathology	0.8
Human Organization	0.8
Environment and History	0.8
Applied Mathematics-A Journal of Chinese Universities Series B	0.8
Indian Journal of Cancer	0.8
Indo-Iranian Journal	0.8
Child & Family Behavior Therapy	0.8
Radiation Protection Dosimetry	0.8
Sexual and Relationship Therapy	0.8
New Perspectives on Turkey	0.8
ENT-Ear Nose & Throat Journal	0.8
Proceedings of the Estonian Academy of Sciences	0.8
Journal of the American Psychoanalytic Association	0.8
Revista Espanola de Derecho Constitucional	0.8
American Journal of Dermatopathology	0.8
Journal of Cognitive Psychotherapy	0.8
Annals of Combinatorics	0.8
Transplantation Proceedings	0.8
History of Education	0.8
Canadian Journal of Criminology and Criminal Justice	0.8
Journal of Comparative Family Studies	0.8
Tidsskrift for Samfunnsforskning	0.8
Postcolonial Studies	0.8
Strength of Materials	0.8
Ricerche di Matematica	0.8
Doklady Earth Sciences	0.8
Symposium-A Quarterly Journal in Modern Literatures	0.8
Indonesia and the Malay World	0.8
Theoretical and Experimental Chemistry	0.8
Current HIV Research	0.8
Neurology India	0.8
Egitim ve Bilim-Education and Science	0.8
Journal of Early Modern History	0.8
Discrete Optimization	0.8
Anthropology Southern Africa	0.8
Infinite Dimensional Analysis Quantum Probability and Related Topics	0.8
Metroeconomica	0.8
Interventions-International Journal of Postcolonial Studies	0.8
Ancient Mesoamerica	0.8
Journal of Bioinformatics and Computational Biology	0.8
Slovenian Veterinary Research	0.8
Topological Methods in Nonlinear Analysis	0.8
Environmental Engineering and Management Journal	0.8
Ramanujan Journal	0.8
Polish Journal of Pathology	0.8
Discussiones Mathematicae Graph Theory	0.8
Oxford Journal of Archaeology	0.8
Journal of Combinatorial Optimization	0.8
Nagoya Mathematical Journal	0.8
Mechanika	0.8
disP	0.8
Mammalia	0.8
Review of Faith & International Affairs	0.8
Journal of Mathematical Sociology	0.8
Pharmaceutical Chemistry Journal	0.8
Acta Endocrinologica-Bucharest	0.8
Stochastics-An International Journal of Probability and Stochastic Processes	0.8
Journal of the Kansas Entomological Society	0.8
Revista Mexicana de Biodiversidad	0.8
Macedonian Journal of Chemistry and Chemical Engineering	0.8
Journal of Southern African Studies	0.8
London Journal	0.8
International Journal of Offshore and Polar Engineering	0.8
Invertebrate Biology	0.8
Journal of Trauma Nursing	0.8
International Journal of Asian Studies	0.8
Trabajos de Prehistoria	0.8
Cardiology in the Young	0.8
International Journal of Economic Theory	0.8
Isis	0.8
Journal of the Serbian Chemical Society	0.8
Journal of Ichthyology	0.8
Erdkunde	0.8
Journal of the Pakistan Medical Association	0.8
Archives of Biological Sciences	0.8
Chemistry and Technology of Fuels and Oils	0.8
Quarterly Journal of Mathematics	0.8
Diagnostica	0.8
Journal of Applied Mechanics and Technical Physics	0.8
Spin	0.8
South African Journal of Animal Science	0.8
Solid Fuel Chemistry	0.8
Journal of Asian Studies	0.8
Physics Teacher	0.8
Zygon	0.8
Convergencia-Revista de Ciencias Sociales	0.8
Doklady Biochemistry and Biophysics	0.8
Music Theory Online	0.8
Terapia Psicologica	0.8
Handchirurgie Mikrochirurgie Plastische Chirurgie	0.8
Milan Journal of Mathematics	0.8
Expositiones Mathematicae	0.8
Folk Life-Journal of Ethnological Studies	0.8
Open Mathematics	0.8
Russian Journal of Organic Chemistry	0.8
Astronomy Reports	0.8
Irish Political Studies	0.8
Sains Malaysiana	0.8
Israeli Journal of Aquaculture-Bamidgeh	0.8
Malaysian Journal of Computer Science	0.8
Contemporary European History	0.8
Journal of Combinatorial Designs	0.8
Panoeconomicus	0.8
Arthropoda Selecta	0.8
Doklady Mathematics	0.8
Natural Areas Journal	0.8
Russian Physics Journal	0.8
Asian Economic Journal	0.8
Journal of Symplectic Geometry	0.8
Theoretical Linguistics	0.8
Entomological Science	0.8
Nephrologie & Therapeutique	0.8
Journal of Medical Devices-Transactions of the Asme	0.8
Linguistics Vanguard	0.8
Signa-Revista de la Asociacion Espanola de Semiotica	0.8
International Journal of Diabetes in Developing Countries	0.8
Indagationes Mathematicae-New Series	0.8
Turkiye Entomoloji Dergisi-Turkish Journal of Entomology	0.8
Hispanic Journal of Behavioral Sciences	0.8
Psychiatric Annals	0.8
Salud Mental	0.8
Revista de Estudios Politicos	0.8
Arabian Archaeology and Epigraphy	0.8
Anthropology & Education Quarterly	0.8
Representations	0.8
Journal of Visual Culture	0.8
Zentralblatt fuer Chirurgie	0.8
Agricultural History	0.8
American Journal of Family Therapy	0.8
IEICE Transactions on Information and Systems	0.8
Statistical Modelling	0.8
Canadian Journal of Philosophy	0.8
Journal of Labor Research	0.8
Music Theory Spectrum	0.8
Social Analysis	0.8
Boletim do Instituto de Pesca	0.8
Wound Management & Prevention	0.8
Journal of Veterinary Dentistry	0.8
Turkish Neurosurgery	0.8
Communications in Analysis and Geometry	0.8
Revue Roumaine de Chimie	0.8
Rocky Mountain Journal of Mathematics	0.8
Studia Psychologica	0.8
Journal of Neurological Surgery Part B-Skull Base	0.8
Rethinking History	0.8
Journal of the Royal Asiatic Society	0.8
Theological Studies	0.8
Island Arc	0.8
tm-Technisches Messen	0.8
Materiale Plastice	0.8
Tekstil ve Konfeksiyon	0.8
Prague Economic Papers	0.8
Animal Biology	0.8
Biomedical Papers-Olomouc	0.8
Natural Language & Linguistic Theory	0.8
Regular & Chaotic Dynamics	0.8
Queueing Systems	0.8
Aquatic Insects	0.8
Journal of the Korean Statistical Society	0.8
Annals of Pure and Applied Logic	0.8
International Journal of the History of Sport	0.8
International Journal of Wavelets Multiresolution and Information Processing	0.8
Revista de Economia Mundial	0.8
Modern Asian Studies	0.8
International Journal of Odonatology	0.8
Annals of Global Analysis and Geometry	0.8
Library	0.8
Monist	0.8
Gender and History	0.8
EURE-Revista Latinoamericana de Estudios Urbano Regionales	0.8
Materials Science-Medziagotyra	0.8
Journal of the International Phonetic Association	0.8
Integrated Ferroelectrics	0.8
Water Resources	0.8
Electronic Communications in Probability	0.8
Geology of Ore Deposits	0.8
Australian Archaeology	0.8
History of Science	0.8
Ars Mathematica Contemporanea	0.8
Intervention in School and Clinic	0.8
Journal of the Philosophy of History	0.8
Journal of Correctional Health Care	0.8
Contemporary Sociology-A Journal of Reviews	0.8
Zeitschrift fuer Soziologie	0.8
Mathematical Research Letters	0.8
Journal of Scientific & Industrial Research	0.8
Curator-The Museum Journal	0.8
Defence Science Journal	0.8
Journal of Algebra	0.8
Quarterly Journal of Mechanics and Applied Mathematics	0.8
Mikrobiyoloji Bulteni	0.8
Cirugia y Cirujanos	0.8
Classical Philology	0.8
Radiophysics and Quantum Electronics	0.8
Stat	0.8
Clinical Pediatrics	0.8
Economic Record	0.8
Proceedings of the Edinburgh Mathematical Society	0.8
Psychologie in Erziehung und Unterricht	0.8
International Review of Social History	0.8
Psychotherapie Psychosomatik Medizinische Psychologie	0.8
Carnets de Geologie	0.8
Journal of Musicological Research	0.8
Pesquisa Veterinaria Brasileira	0.8
Isokinetics and Exercise Science	0.8
Ethics & Global Politics	0.8
Ciencia Rural	0.8
Aerospace Medicine and Human Performance	0.8
Powder Metallurgy and Metal Ceramics	0.8
Latin American Journal of Aquatic Research	0.8
Andean Geology	0.8
Journal of Modern European History	0.8
Functions of Language	0.8
British Journal of Neurosurgery	0.8
Molecular Syndromology	0.8
Geografiska Annaler Series A-Physical Geography	0.8
Anziam Journal	0.8
Schmerz	0.8
Discrete Analysis	0.8
Advances in Geometry	0.8
Technical Physics Letters	0.8
Transactions of the Japan Society for Aeronautical and Space Sciences	0.8
Exploration Geophysics	0.8
Australian and New Zealand Journal of Family Therapy	0.8
Sbornik Mathematics	0.8
Comptes Rendus Biologies	0.8
Mathematical Inequalities & Applications	0.8
Clinical Nephrology	0.8
British Journal of Middle Eastern Studies	0.8
Avian Biology Research	0.8
Insight	0.8
Journal of Plant Registrations	0.8
Advances in Applied Mathematics and Mechanics	0.8
Miskolc Mathematical Notes	0.8
Popular Music and Society	0.8
Molluscan Research	0.8
Klinische Padiatrie	0.8
Dao-A Journal of Comparative Philosophy	0.7
Journal of Cytology	0.7
Hesperia	0.7
High Energy Chemistry	0.7
Culture and Education	0.7
Verhaltenstherapie	0.7
Fluid Dynamics	0.7
Glass Physics and Chemistry	0.7
Functional Analysis and Its Applications	0.7
Geofisica Internacional	0.7
Indian Journal of Pure & Applied Mathematics	0.7
Rendiconti Lincei-Matematica e Applicazioni	0.7
Oceanology	0.7
Diplomatic History	0.7
Discrete & Computational Geometry	0.7
Progress in Computational Fluid Dynamics	0.7
Psikhologicheskii Zhurnal	0.7
Dynamical Systems-An International Journal	0.7
Boundary 2-An International Journal of Literature and Culture	0.7
Philosophy & Social Criticism	0.7
Annals of Science	0.7
Annales Botanici Fennici	0.7
African Studies	0.7
Psychoanalytic Inquiry	0.7
Journal of Photopolymer Science and Technology	0.7
Anthropologie	0.7
Austrian History Yearbook	0.7
Design Issues	0.7
Publicacions Matematiques	0.7
Childrens Literature in Education	0.7
Journal of Theoretical and Computational Acoustics	0.7
Erkenntnis	0.7
Journal of Substance Use	0.7
Journal of Theoretical Probability	0.7
Vascular	0.7
Politics Religion & Ideology	0.7
Logic Journal of the Igpl	0.7
Cardiovascular Journal of Africa	0.7
Soil Mechanics and Foundation Engineering	0.7
Revista Mexicana de Ciencias Pecuarias	0.7
Kantian Review	0.7
International Journal of Feminist Approaches to Bioethics	0.7
Bangladesh Journal of Plant Taxonomy	0.7
Science & Society	0.7
RIDE-The Journal of Applied Theatre and Performance	0.7
Shakespeare Quarterly	0.7
Proceedings of the Indian Academy of Sciences-Mathematical Sciences	0.7
Turkish Journal of Field Crops	0.7
Statistics & Probability Letters	0.7
South African Journal of Education	0.7
Revista de Nutricao-Brazilian Journal of Nutrition	0.7
Journal of Theoretical Politics	0.7
Journal of African Cultural Studies	0.7
Journal of Logic and Computation	0.7
Journal of Automated Reasoning	0.7
Materiali in Tehnologije	0.7
NWIG-New West Indian Guide-Nieuwe West-Indische Gids	0.7
Archives and Records-The Journal of the Archives and Records Association	0.7
International Journal of Applied Electromagnetics and Mechanics	0.7
Journal of the National Science Foundation of Sri Lanka	0.7
Magnetohydrodynamics	0.7
Chinese Annals of Mathematics Series B	0.7
Imago Mundi-The International Journal for the History of Cartography	0.7
Phyllomedusa	0.7
Journal of Environmental and Engineering Geophysics	0.7
Mathematical Proceedings of the Cambridge Philosophical Society	0.7
Journal of the Economic and Social History of the Orient	0.7
India Review	0.7
Neues Jahrbuch fuer Geologie und Palaontologie-Abhandlungen	0.7
Diabetologie und Stoffwechsel	0.7
Journal of Pure and Applied Algebra	0.7
Fishery Bulletin	0.7
International Journal of Pharmacology	0.7
Cytology and Genetics	0.7
Oriental Insects	0.7
Gradevinar	0.7
Journal of Contemporary History	0.7
Ostrich	0.7
Pmla-Publications of the Modern Language Association of America	0.7
Paleontological Journal	0.7
Psychologie Francaise	0.7
Deutsche Medizinische Wochenschrift	0.7
Horizons	0.7
Candollea	0.7
Journal of Bryology	0.7
Journal of Applied Spectroscopy	0.7
Indian Journal of Pathology and Microbiology	0.7
Allergologie	0.7
Optics and Spectroscopy	0.7
Journal of the Polynesian Society	0.7
Journal of Operator Theory	0.7
Operative Techniques in Sports Medicine	0.7
Bosque	0.7
CESifo Economic Studies	0.7
Mitochondrial DNA Part B-Resources	0.7
Zeitschrift fuer Sportpsychologie	0.7
Izvestiya-Physics of the Solid Earth	0.7
Annales de Paleontologie	0.7
International Journal of Vehicle Design	0.7
Biomedica	0.7
Historical Archaeology	0.7
Ergodic Theory and Dynamical Systems	0.7
Ingenieria e Investigacion	0.7
Bulletin of Experimental Biology and Medicine	0.7
Differential Geometry and Its Applications	0.7
Slavery & Abolition	0.7
Computational Methods and Function Theory	0.7
German History	0.7
Cambridge Law Journal	0.7
Bauingenieur	0.7
Israel Affairs	0.7
Physics and Chemistry of Glasses-European Journal of Glass Science and Technology Part B	0.7
Vascular and Endovascular Surgery	0.7
Food Science and Technology Research	0.7
Philosophical Issues	0.7
Journal of Medieval History	0.7
Grey Room	0.7
Architectural Theory Review	0.7
Asian Economic Papers	0.7
Neurocirugia	0.7
Indian Journal of Fisheries	0.7
Complutum	0.7
Indian Journal of Engineering and Materials Sciences	0.7
Ferroelectrics	0.7
Molecular Crystals and Liquid Crystals	0.7
Folia Primatologica	0.7
Heart Surgery Forum	0.7
Irish Studies Review	0.7
South East Asia Research	0.7
International Journal of Historical Archaeology	0.7
American Literature	0.7
Journal of the American Podiatric Medical Association	0.7
Clinics in Podiatric Medicine and Surgery	0.7
Welt des Islams	0.7
Acta Veterinaria Brno	0.7
Graphs and Combinatorics	0.7
Annales Zoologici	0.7
Revista Internacional de Metodos Numericos Para Calculo y Diseno en Ingenieria	0.7
Anthropologischer Anzeiger	0.7
Inter-Asia Cultural Studies	0.7
American Journal of Forensic Medicine and Pathology	0.7
Solar System Research	0.7
Journal of Architecture	0.7
Journal of Fish and Wildlife Management	0.7
Studia Linguistica	0.7
Studia Mathematica	0.7
Russian Journal of Physical Chemistry A	0.7
Technology and Culture	0.7
Australian Journal of Anthropology	0.7
Semigroup Forum	0.7
Ankara Universitesi Veteriner Fakultesi Dergisi	0.7
Experimental and Clinical Transplantation	0.7
Engenharia Sanitaria e Ambiental	0.7
Electronic Journal of Qualitative Theory of Differential Equations	0.7
Asian Women	0.7
Continental Philosophy Review	0.7
Journal of Mathematical Logic	0.7
Michigan Mathematical Journal	0.7
Bulletin of the Belgian Mathematical Society-Simon Stevin	0.7
China-An International Journal	0.7
Mathematical Social Sciences	0.7
French Cultural Studies	0.7
Argumenta Oeconomica	0.7
Applied Ecology and Environmental Research	0.7
Lithology and Mineral Resources	0.7
Cryptogamie Bryologie	0.7
Malaysian Journal of Library & Information Science	0.7
Journal of Chemical Crystallography	0.7
International Journal of Ad Hoc and Ubiquitous Computing	0.7
Journal of the History of Biology	0.7
Journal of the History of the Behavioral Sciences	0.7
Journal of Theological Studies	0.7
Operators and Matrices	0.7
Zeitschrift der Deutschen Gesellschaft fuer Geowissenschaften	0.7
Journal of Number Theory	0.7
Kew Bulletin	0.7
Negotiation and Conflict Management Research	0.7
Oriens	0.7
Transactions of the Philological Society	0.7
Theology and Science	0.7
Modern Intellectual History	0.7
Journal of Mathematical Physics Analysis Geometry	0.7
Journal of Southeast Asian Studies	0.7
Pacific Journal of Mathematics	0.7
Journal of Aesthetic Education	0.7
Journal of American History	0.7
Journal of Holy Land and Palestine Studies	0.7
Phi Delta Kappan	0.7
Quarterly of Applied Mathematics	0.7
Journal of Approximation Theory	0.7
Ratio	0.7
International Journal for Philosophy of Religion	0.7
Curriculum Inquiry	0.7
Labour-Le Travail	0.7
Comptes Rendus Mathematique	0.7
Cartographic Journal	0.7
Language and Literature	0.7
Positions-Asia Critique	0.7
European Review	0.7
Physikalische Medizin Rehabilitationsmedizin Kurortmedizin	0.7
Zoomorphology	0.7
Clinical Neuropathology	0.7
Arkiv for Matematik	0.7
Brittonia	0.7
Russian Journal of Applied Chemistry	0.7
Bradleya	0.7
Computational Mathematics and Mathematical Physics	0.7
Zeitschrift fuer Arbeits-Und Organisationspsychologie	0.7
Invertebrate Reproduction & Development	0.7
Computational Geometry-Theory and Applications	0.7
Clinical Laboratory	0.7
Pteridines	0.7
International Journal of Environment and Pollution	0.7
Izvestiya Mathematics	0.7
American Journal of Law & Medicine	0.7
International Journal of Community Music	0.7
Plankton & Benthos Research	0.7
Journal of American Ethnic History	0.7
Design and Culture	0.7
Review of Symbolic Logic	0.7
Waterbirds	0.7
Stochastic Models	0.7
Communication Disorders Quarterly	0.7
Journal of Mens Health	0.7
Clinical Case Studies	0.7
Pakistan Journal of Pharmaceutical Sciences	0.6
Arte Individuo y Sociedad	0.6
Indian Journal of Hematology and Blood Transfusion	0.6
Film Quarterly	0.6
History of Political Economy	0.6
GFF	0.6
Nova Religio-Journal of Alternative and Emergent Religions	0.6
Information Processing Letters	0.6
Izvestiya Atmospheric and Oceanic Physics	0.6
Cold War History	0.6
Acta Poloniae Pharmaceutica	0.6
Revista de Neurologia	0.6
Hacienda Publica Espanola-Review of Public Economics	0.6
Journal of Baltic Studies	0.6
IEICE Transactions on Fundamentals of Electronics Communications and Computer Sciences	0.6
IEICE Transactions on Electronics	0.6
Papers of the British School at Rome	0.6
Archiv fuer Geschichte der Philosophie	0.6
Film-Philosophy	0.6
Bioscience Journal	0.6
Journal of Material Culture	0.6
Journal of the Society of Architectural Historians	0.6
Journal of the South African Veterinary Association	0.6
Revista de Metalurgia	0.6
Sophia	0.6
Revista Internacional de Sociologia	0.6
South African Journal of Surgery	0.6
Hong Kong Journal of Emergency Medicine	0.6
Theoria-A Swedish Journal of Philosophy	0.6
Mathematica Scandinavica	0.6
Al-Masaq-Journal of the Medieval Mediterranean	0.6
Acta Ortopedica Brasileira	0.6
Wilson Journal of Ornithology	0.6
Metal Science and Heat Treatment	0.6
Scripta Nova-Revista Electronica de Geografia y Ciencias Sociales	0.6
Metaphilosophy	0.6
Journal of Magnetics	0.6
Oceania	0.6
Stochastics and Dynamics	0.6
Journal of Mechanics in Medicine and Biology	0.6
Middle Eastern Studies	0.6
Kovove Materialy-Metallic Materials	0.6
Circulo de Linguistica Aplicada a la Comunicacion	0.6
History of the Human Sciences	0.6
Bulletin of Latin American Research	0.6
Monatshefte fuer Mathematik	0.6
International Insolvency Review	0.6
Revista Brasileira de Paleontologia	0.6
Journal of Cold War Studies	0.6
Transformation Groups	0.6
Iheringia Serie Zoologia	0.6
Communications in Algebra	0.6
Journal of Pacific History	0.6
Environment Protection Engineering	0.6
Journal of Landscape Architecture	0.6
Journal of General and Applied Microbiology	0.6
Proceedings of the Steklov Institute of Mathematics	0.6
Theatre Research International	0.6
Neurophysiology	0.6
Material Religion	0.6
Neurochemical Journal	0.6
Entomological News	0.6
Cosmic Research	0.6
Pacific Science	0.6
Japanese Psychological Research	0.6
Crustaceana	0.6
Jundishapur Journal of Microbiology	0.6
Doklady Chemistry	0.6
Programming and Computer Software	0.6
Traditio-Studies in Ancient and Medieval History Thought and Religion	0.6
Iranian Studies	0.6
English Historical Review	0.6
English Literary Renaissance	0.6
Clinical Dysmorphology	0.6
Pesquisa Agropecuaria Brasileira	0.6
Violence and Victims	0.6
Colonial Latin American Review	0.6
Undersea and Hyperbaric Medicine	0.6
Brazilian Journal of Probability and Statistics	0.6
Russian Journal of Ecology	0.6
Saude e Sociedade	0.6
Bulletin of the Lebedev Physics Institute	0.6
European Journal of Horticultural Science	0.6
Method & Theory in the Study of Religion	0.6
Zeitschrift fuer Naturforschung Section B-A Journal of Chemical Sciences	0.6
Theory of Computing Systems	0.6
Israel Journal of Plant Sciences	0.6
Babel-Revue Internationale de la Traduction-International Journal of Translation	0.6
Journal of Group Theory	0.6
British Journal for the History of Philosophy	0.6
Zeitschrift fuer Klinische Psychologie und Psychotherapie	0.6
Studies in Language	0.6
Bulletin of the Australian Mathematical Society	0.6
Nexus Network Journal	0.6
Acta Carsologica	0.6
Canadian Journal of Mathematics-Journal Canadien de Mathematiques	0.6
Religions	0.6
Psychosis-Psychological Social and Integrative Approaches	0.6
Japanese Economic Review	0.6
Review of Cognitive Linguistics	0.6
Modern Italy	0.6
Paleontological Research	0.6
History and Anthropology	0.6
Asian Journal of Mathematics	0.6
Pflege	0.6
Anuario de Historia de la Iglesia	0.6
Indian Journal of Traditional Knowledge	0.6
Fundamenta Mathematicae	0.6
Journal of Nanoelectronics and Optoelectronics	0.6
International Journal of Philosophical Studies	0.6
Ideggyogyaszati Szemle-Clinical Neuroscience	0.6
University of Toronto Law Journal	0.6
Mathematical Notes	0.6
Revista Fitotecnia Mexicana	0.6
Revista Internacional de Contaminacion Ambiental	0.6
TAPPI Journal	0.6
Tropical Doctor	0.6
Acta Archaeologica	0.6
International Labor and Working-Class History	0.6
Al-Qantara	0.6
Ethnomusicology Forum	0.6
Ambix	0.6
Stochastic Analysis and Applications	0.6
Archiv der Mathematik	0.6
International Journal of Algebra and Computation	0.6
Ukrainian Mathematical Journal	0.6
Revista de la Union Matematica Argentina	0.6
Alea-Latin American Journal of Probability and Mathematical Statistics	0.6
RAE-Revista de Administracao de Empresas	0.6
Macroheterocycles	0.6
Revue de Geographie Alpine-Journal of Alpine Research	0.6
Southern Journal of Philosophy	0.6
Manuscripta Mathematica	0.6
Journal of the Chemical Society of Pakistan	0.6
Journal of Exotic Pet Medicine	0.6
Journal of the Mathematical Society of Japan	0.6
Mathematika	0.6
Spanish in Context	0.6
Notre Dame Journal of Formal Logic	0.6
Algebras and Representation Theory	0.6
Studia Universitatis Babes-Bolyai Chemia	0.6
Studies on Neotropical Fauna and Environment	0.6
South African Journal on Human Rights	0.6
Nan Nu-Men Women and Gender in China	0.6
Folia Linguistica	0.6
Phonology	0.6
Acta Mathematica Hungarica	0.6
Utilitas	0.6
Names-A Journal of Onomastics	0.6
Journal of Symbolic Logic	0.6
International Journal of Heavy Vehicle Systems	0.6
Transylvanian Review of Administrative Sciences	0.6
Series-Journal of the Spanish Economic Association	0.6
Boletin de la Sociedad Argentina de Botanica	0.6
Twentieth-Century Music	0.6
New German Critique	0.6
Environmental & Engineering Geoscience	0.6
Saeculum	0.6
Journal of the Hellenic Veterinary Medical Society	0.6
European Law Review	0.6
Complex Variables and Elliptic Equations	0.6
Archives of Disease in Childhood-Education and Practice Edition	0.6
Journal of Social History	0.6
Russian Journal of Pacific Geology	0.6
Islam-Zeitschrift fuer Geschichte und Kultur des Islamischen Orients	0.6
Bulletin of the Council for Research in Music Education	0.6
Palestine Exploration Quarterly	0.6
Cambridge Journal of Postcolonial Literary Inquiry	0.6
Redia-Journal of Zoology	0.6
Revue d'Economie Politique	0.6
Journal of Applied Probability	0.6
Glass and Ceramics	0.6
International Journal of Game Theory	0.6
Combustion Explosion and Shock Waves	0.6
Applications of Mathematics	0.6
International Journal of Morphology	0.6
Urban History	0.6
Central European History	0.6
Revista Signos	0.6
Biology Bulletin	0.6
Zoology in the Middle East	0.6
Journal of Friction and Wear	0.6
Continuity and Change	0.6
Proceedings of the Institution of Civil Engineers-Civil Engineering	0.6
Revista Colombiana de Ciencias Pecuarias	0.6
Review of Radical Political Economics	0.6
International Journal of Mathematics	0.6
Bautechnik	0.6
Sotsiologicheskie Issledovaniya	0.6
Journal of Computer and Systems Sciences International	0.6
Econometric Theory	0.6
Applied Categorical Structures	0.6
Resource Geology	0.6
Stem Cell Research	0.6
Cultural Studies-Critical Methodologies	0.6
Comparative Parasitology	0.6
Indian Journal of Gender Studies	0.5
Journal of the Torrey Botanical Society	0.5
French Historical Studies	0.5
Geomagnetism and Aeronomy	0.5
American Mathematical Monthly	0.5
Investigacion Economica	0.5
American Scientist	0.5
Philosophical Investigations	0.5
Annales Societatis Geologorum Poloniae	0.5
Proceedings of the Yorkshire Geological Society	0.5
Aktuelle Urologie	0.5
Acta Arithmetica	0.5
Rhetoric Review	0.5
Anthropological Forum	0.5
RILCE-Revista de Filologia Hispanica	0.5
Journal of Legal Medicine	0.5
American Journal of Clinical Hypnosis	0.5
Journal of Policy History	0.5
Journal of European Studies	0.5
Tohoku Mathematical Journal	0.5
Sociologie du Travail	0.5
Stahlbau	0.5
Notes and Records-The Royal Society Journal of the History of Science	0.5
Journal of Zoo and Wildlife Medicine	0.5
Neurocase	0.5
Organised Sound	0.5
Scandinavian Studies	0.5
Screen	0.5
Pragmatics	0.5
Mariners Mirror	0.5
Neural Network World	0.5
Notarzt	0.5
Asian Philosophy	0.5
BMGN-The Low Countries Historical Review	0.5
Quaternaire	0.5
Mediterranean Historical Review	0.5
Law and Philosophy	0.5
Journal of Avian Medicine and Surgery	0.5
Journal of Medieval and Early Modern Studies	0.5
Historia Mathematica	0.5
Shakespeare	0.5
Archeologicke Rozhledy	0.5
Sport History Review	0.5
Post-Medieval Archaeology	0.5
Arqueologia	0.5
Journal of Mathematics and Music	0.5
Nordic Journal of Linguistics	0.5
Early Popular Visual Culture	0.5
Poetics Today	0.5
International Journal of Number Theory	0.5
Journal of Religion	0.5
South Asia-Journal of South Asian Studies	0.5
Textile-Cloth and Culture	0.5
Geodetski Vestnik	0.5
Proceedings of the Entomological Society of Washington	0.5
JARQ-Japan Agricultural Research Quarterly	0.5
Ethnohistory	0.5
Veterinarski Arhiv	0.5
International Journal of American Linguistics	0.5
Phronesis-A Journal for Ancient Philosophy	0.5
Religious Education	0.5
Journal of Family History	0.5
Diasporas-Histoire et Societes	0.5
International History Review	0.5
Applicable Algebra in Engineering Communication and Computing	0.5
Southern African Linguistics and Applied Language Studies	0.5
Anasthesiologie Intensivmedizin Notfallmedizin Schmerztherapie	0.5
Blumea	0.5
Estudios Atacamenos	0.5
Russian Journal of Developmental Biology	0.5
Islam and Christian-Muslim Relations	0.5
Russian Meteorology and Hydrology	0.5
Fortschritte der Neurologie Psychiatrie	0.5
Journal of the History of the Neurosciences	0.5
Russian Journal of Marine Biology	0.5
Kindheit und Entwicklung	0.5
Asia Pacific Journal of Anthropology	0.5
Knowledge Organization	0.5
Revue des Maladies Respiratoires	0.5
Art Bulletin	0.5
Journal of the British Society for Phenomenology	0.5
Crystallography Reports	0.5
Theoria-Revista de Teoria Historia y Fundamentos de la Ciencia	0.5
Physics of Particles and Nuclei	0.5
International Journal of Foundations of Computer Science	0.5
Zeitschrift fuer Evaluation	0.5
Western North American Naturalist	0.5
Journal of Israeli History	0.5
Parallax	0.5
Journal of Chinese Philosophy	0.5
Asterisque	0.5
Journal of Medieval Iberian Studies	0.5
Journal of the Japan Petroleum Institute	0.5
Biomolecular Nmr Assignments	0.5
Angelaki-Journal of the Theoretical Humanities	0.5
Harvard Theological Review	0.5
History of Religions	0.5
Northeastern Naturalist	0.5
Gesta-International Center of Medieval Art	0.5
Journal of Medical Primatology	0.5
Central European Journal of Energetic Materials	0.5
Hepatitis Monthly	0.5
American Speech	0.5
Open Astronomy	0.5
Journal Awwa	0.5
Semina-Ciencias Agrarias	0.5
Dance Chronicle	0.5
Environmental Ethics	0.5
Annee Psychologique	0.5
Journal of Risk	0.5
Annual of the British School at Athens	0.5
American Fern Journal	0.5
Arcadia	0.5
Dance Research Journal	0.5
Geometriae Dedicata	0.5
History and Philosophy of Logic	0.5
Theory of Probability and Its Applications	0.5
Astronomy & Geophysics	0.5
Bulletin de la Societe Mathematique de France	0.5
Contemporary Problems of Ecology	0.5
Revista Iberoamericana de Diagnostico y Evaluacion-E Avaliacao Psicologica	0.5
Russian Journal of Genetics	0.5
Revista Mexicana de Ciencias Geologicas	0.5
Style	0.5
Journal of Homotopy and Related Structures	0.5
Russian Review	0.5
Siberian Mathematical Journal	0.5
Travail Genre et Societes	0.5
Gestion y Politica Publica	0.5
New Testament Studies	0.5
Scientia Forestalis	0.5
Novel-A Forum on Fiction	0.5
Medicina Dello Sport	0.5
Numen-International Review for the History of Religions	0.5
Social History of Medicine	0.5
Journal of Algebra and Its Applications	0.5
Middle East Journal	0.5
European Journal of English Studies	0.5
Topology and Its Applications	0.5
Notes	0.5
Muslim World	0.5
Pratiques Psychologiques	0.5
Studies in Christian Ethics	0.5
Journal of East European Management Studies	0.5
Experimental Mathematics	0.5
Journal of Value Inquiry	0.5
Journal of Hellenic Studies	0.5
Dreaming	0.5
Journal of Evolutionary Biochemistry and Physiology	0.5
Archivos Argentinos de Pediatria	0.5
Latin American Applied Research	0.5
Journal of the History of Economic Thought	0.5
Studia Scientiarum Mathematicarum Hungarica	0.5
Actes de la Recherche en Sciences Sociales	0.5
Animation-An Interdisciplinary Journal	0.5
Novon	0.5
International Journal of the Classical Tradition	0.5
International Journal of Nautical Archaeology	0.5
Acta Clinica Croatica	0.5
Paedagogica Historica	0.5
Caldasia	0.5
Pan-Pacific Entomologist	0.5
Cytologia	0.5
Patterns of Prejudice	0.5
Periodica Mathematica Hungarica	0.5
Publicationes Mathematicae-Debrecen	0.5
Informes de la Construccion	0.5
Sumarski List	0.5
Inorganic Materials	0.5
Philosophical Forum	0.5
Religious Studies	0.5
Postmedieval-A Journal of Medieval Cultural Studies	0.5
Publications of the Research Institute for Mathematical Sciences	0.5
English Language Notes	0.5
Bijdragen Tot de Taal- Land- en Volkenkunde	0.5
Veterinaria Mexico	0.5
Canadian Mathematical Bulletin-Bulletin Canadien de Mathematiques	0.5
St Petersburg Mathematical Journal	0.5
Trans-Form-Acao	0.5
Arquivo Brasileiro de Medicina Veterinaria e Zootecnia	0.5
Thermophysics and Aeromechanics	0.5
Herpetological Journal	0.5
Journal of Spanish Cultural Studies	0.5
Journal of Contemporary Physics-Armenian Academy of Sciences	0.5
Historia Ciencias Saude-Manguinhos	0.5
Chemie in unserer Zeit	0.5
Journal of Australian Studies	0.5
Journal of Environmental Science and Management	0.5
Sportverletzung-Sportschaden	0.5
M S-Medecine Sciences	0.5
War & Society	0.5
Physics of Atomic Nuclei	0.5
IDS Bulletin-Institute of Development Studies	0.5
Analysis Mathematica	0.5
Archive for Mathematical Logic	0.5
Deleuze and Guattari Studies	0.5
Womens History Review	0.5
Automation and Remote Control	0.5
Canadian Journal of Linguistics-Revue Canadienne de Linguistique	0.5
Acta Physica Polonica A	0.5
Papers of the Bibliographical Society of America	0.5
Journal of Hard Tissue Biology	0.5
Pragmatics and Society	0.5
Journal of Contemporary Religion	0.5
Homology Homotopy and Applications	0.5
Annales de Chirurgie Plastique Esthetique	0.5
Psycho-Oncologie	0.5
European Review of History-Revue Europeenne d'Histoire	0.5
Near Eastern Archaeology	0.4
Folklore	0.4
Sante Publique	0.4
Feminist Theology	0.4
Culture & History Digital Journal	0.4
European Journal of the History of Economic Thought	0.4
Glasnik Matematicki	0.4
American Journal of Psychology	0.4
Molecular Genetics Microbiology and Virology	0.4
Historia Mexicana	0.4
Western Historical Quarterly	0.4
Acta Oeconomica	0.4
New Review of Film and Television Studies	0.4
Holocaust and Genocide Studies	0.4
Journal of the Anatomical Society of India	0.4
Southwestern Entomologist	0.4
Annales Polonici Mathematici	0.4
Dynamis	0.4
Algebra Universalis	0.4
American Biology Teacher	0.4
Noise Control Engineering Journal	0.4
Public Archaeology	0.4
Belleten	0.4
Rendiconti del Seminario Matematico della Universita di Padova	0.4
Herald of the Russian Academy of Sciences	0.4
Electronics and Communications in Japan	0.4
Journal of Fiber Science and Technology	0.4
Iranian Journal of Pediatrics	0.4
Romanische Forschungen	0.4
Australian Historical Studies	0.4
Theoretical Foundations of Chemical Engineering	0.4
Bangladesh Journal of Botany	0.4
Boletin de la Sociedad Geologica Mexicana	0.4
Historical Research	0.4
Northwest Science	0.4
Contemporary Pragmatism	0.4
Order-A Journal on the Theory of Ordered Sets and Its Applications	0.4
Journal of Knot Theory and Its Ramifications	0.4
Medycyna Weterynaryjna-Veterinary Medicine-Science and Practice	0.4
Mnemosyne	0.4
Modern Language Quarterly	0.4
Leonardo	0.4
Moscow University Physics Bulletin	0.4
Moyen Age	0.4
Berichte zur Wissenschaftsgeschichte	0.4
Human Ecology Review	0.4
History of Photography	0.4
Journal of the History of Medicine and Allied Sciences	0.4
Comparative Critical Studies	0.4
Cultural & Social History	0.4
Literature & History-Third Series	0.4
TDR-The Drama Review-The Journal of Performance Studies	0.4
Russian History-Histoire Russe	0.4
Jewish History	0.4
Augustinian Studies	0.4
Journal of Jewish Studies	0.4
Journal of Semitic Studies	0.4
Pacific Historical Review	0.4
Czechoslovak Mathematical Journal	0.4
Indian Journal of Animal Sciences	0.4
Instruments and Experimental Techniques	0.4
Journal of Biblical Literature	0.4
Contemporary Psychoanalysis	0.4
Eighteenth-Century Fiction	0.4
Diplomacy & Statecraft	0.4
Art History	0.4
Revista de Biologia Marina y Oceanografia	0.4
Rossiiskaya Arkheologiya	0.4
Tokyo Journal of Mathematics	0.4
Early Medieval Europe	0.4
Russian Journal of Non-Ferrous Metals	0.4
Logica Universalis	0.4
Revista Mvz Cordoba	0.4
Kinematics and Physics of Celestial Bodies	0.4
Journal of Institutional and Theoretical Economics-Zeitschrift fuer die gesamte Staatswissenschaft	0.4
European History Quarterly	0.4
Technical Physics	0.4
Review of Central and East European Law	0.4
Journal of Communications Technology and Electronics	0.4
Serials Review	0.4
Journal of Modern Italian Studies	0.4
Studies in World Christianity	0.4
Archives des Maladies Professionnelles et de l'Environnement	0.4
Ayer	0.4
High Temperature	0.4
Hispania-Revista Espanola de Historia	0.4
Historia y Comunicacion Social	0.4
Historia-Zeitschrift fuer Alte Geschichte	0.4
Perinola-Revista de Investigacion Quevediana	0.4
Nutrition Clinique et Metabolisme	0.4
Philosophia-International Journal of Philosophy	0.4
Frontiers-A Journal of Women Studies	0.4
Endeavour	0.4
Philosophia	0.4
American Literary History	0.4
Studies in Theatre and Performance	0.4
Investigacion Bibliotecologica	0.4
American Indian Culture and Research Journal	0.4
Anuario de Estudios Americanos	0.4
Zeitschrift fuer die neutestamentliche Wissenschaft und die Kunde der alteren Kirche	0.4
Annales de Biologie Clinique	0.4
History of European Ideas	0.4
African Arts	0.4
Journal of Germanic Linguistics	0.4
Algebra and Logic	0.4
Antiquaries Journal	0.4
Britannia	0.4
AIBR-Revista de Antropologia Iberoamericana	0.4
Neurological Sciences and Neurophysiology	0.4
Journal of Pidgin and Creole Languages	0.4
Bulletin of the School of Oriental and African Studies-University of London	0.4
International Journal of Hindu Studies	0.4
Revista Medica de Chile	0.4
Revue Historique	0.4
Journal of Victorian Culture	0.4
Statistics and Its Interface	0.4
Theory and Decision	0.4
In Practice	0.4
Theory of Computing	0.4
Dance Research	0.4
Bilig	0.4
Trames-Journal of the Humanities and Social Sciences	0.4
Paragraph	0.4
Critical Arts-South-North Cultural and Media Studies	0.4
Historia y Politica	0.4
Laeknabladid	0.4
Journal of the Lepidopterists Society	0.4
Monatsschrift Kinderheilkunde	0.4
Informacios Tarsadalom	0.4
Early Science and Medicine	0.4
Journal of Urban History	0.4
Oxford Literary Review	0.4
American Catholic Philosophical Quarterly	0.4
Vernacular Architecture	0.4
Kardiologiya	0.4
Science-Fiction Studies	0.4
Early Music	0.4
Praehistorische Zeitschrift	0.4
Synthesis-La Plata	0.4
Time & Mind-The Journal of Archaeology Consciousness and Culture	0.4
Fundamental and Applied Limnology	0.4
English Studies	0.4
Tetsu to Hagane-Journal of the Iron and Steel Institute of Japan	0.4
Postepy Higieny i Medycyny Doswiadczalnej	0.4
Acta Analytica-International Periodical for Philosophy in the Analytical Tradition	0.4
Japanese Journal of Applied Entomology and Zoology	0.4
Ethnomusicology	0.4
Yakugaku Zasshi-Journal of the Pharmaceutical Society of Japan	0.4
Church History	0.4
Mathematical Intelligencer	0.4
Journal of Commonwealth Literature	0.4
Interpretation-A Journal of Bible and Theology	0.4
Journal of Cardiac Surgery	0.4
Revista Chilena de Infectologia	0.4
Journal of Religious Ethics	0.4
Hokkaido Mathematical Journal	0.4
Caribbean Journal of Science	0.4
Proceedings of the Japan Academy Series A-Mathematical Sciences	0.4
Chungara-Revista de Antropologia Chilena	0.4
Tempo Social	0.4
Journal for the Study of the New Testament	0.4
Transinformacao	0.4
Universitas Psychologica	0.4
Movimento-Porto Alegre	0.4
Topics in Clinical Nutrition	0.4
Electrical Engineering in Japan	0.4
French History	0.4
Acta Biologica Colombiana	0.4
Art Journal	0.4
Historia Critica	0.4
CT&F-Ciencia Tecnologia y Futuro	0.4
Life Writing	0.4
Zephyrus-Revista de Prehistoria y Arqueologia	0.4
Studies in East European Thought	0.4
Journal of Optical Technology	0.4
Tieraerztliche Praxis Ausgabe Kleintiere Heimtiere	0.4
Australian Journal of Politics and History	0.4
Canadian Historical Review	0.4
Turkish Historical Review	0.4
Southeastern Naturalist	0.4
Japanese Journal of Religious Studies	0.4
Modern Judaism	0.4
Cadmo	0.3
Journal of the Society of Christian Ethics	0.3
EGA-Revista de Expresion Grafica Arquitectonica	0.3
Fabula	0.3
Indian Journal of Surgery	0.3
Journal of Cave and Karst Studies	0.3
Journal of Medical Biography	0.3
Indian Economic and Social History Review	0.3
Latin American Economic Review	0.3
Bulletin de l'Academie Nationale de Medecine	0.3
Forum der Psychoanalyse	0.3
Victorian Studies	0.3
Vigiliae Christianae	0.3
North American Archaeologist	0.3
Wasserwirtschaft	0.3
Acta Linguistica Academica	0.3
California History	0.3
Zeitschrift fuer Romanische Philologie	0.3
Zeitschrift fuer die alttestamentliche Wissenschaft	0.3
Rhetorica-A Journal of the History of Rhetoric	0.3
Annales Medico-Psychologiques	0.3
Zhurnal Obshchei Biologii	0.3
Literature Compass	0.3
Zoologichesky Zhurnal	0.3
Journal of the British Archaeological Association	0.3
Journal of Quranic Studies	0.3
German Studies Review	0.3
Tydskrif vir Letterkunde	0.3
Source-Notes in the History of Art	0.3
Journal of Synthetic Organic Chemistry Japan	0.3
Studia Neophilologica	0.3
Turkish Journal of Geriatrics-Turk Geriatri Dergisi	0.3
South African Journal of Philosophy	0.3
Christian Bioethics	0.3
Monatsschrift fuer Kriminologie und Strafrechtsreform	0.3
Tijdschrift voor Communicatiewetenschap	0.3
Bauphysik	0.3
Journal of Southern History	0.3
Croatian Journal of Education-Hrvatski Casopis za Odgoj i Obrazovanje	0.3
Journal of Postcolonial Writing	0.3
Journal of Architectural Education	0.3
Bronte Studies	0.3
Ben Jonson Journal	0.3
Journal of Topology and Analysis	0.3
Middle Eastern Literatures	0.3
Zeitschrift fuer Assyriologie und Vorderasiatische Archaologie	0.3
Journal of Egyptian Archaeology	0.3
Journal of Religious History	0.3
Journal of Arabic Literature	0.3
English Studies in Africa	0.3
Journal of the Japan Institute of Metals and Materials	0.3
Critique-Studies in Contemporary Fiction	0.3
Psyche-Zeitschrift fuer Psychoanalyse und Ihre Anwendungen	0.3
Journal of American Folklore	0.3
Chemistry & Industry	0.3
Journal of American Studies	0.3
Philosophisches Jahrbuch	0.3
Journal of African Media Studies	0.3
Review of English Studies	0.3
Journal of Church and State	0.3
Comparative Literature	0.3
International Surgery	0.3
Journal of English and Germanic Philology	0.3
Biblische Zeitschrift	0.3
Public Historian	0.3
Estudos Ibero-Americanos	0.3
Revista Musical Chilena	0.3
Kagaku Kogaku Ronbunshu	0.3
Dead Sea Discoveries	0.3
Castanea	0.3
Iran and the Caucasus	0.3
Modern & Contemporary France	0.3
International Journal of Materials & Product Technology	0.3
Journal of Contemporary Mathematical Analysis-Armenian Academy of Sciences	0.3
Archivo Espanol de Arte	0.3
Atomic Energy	0.3
Literature and Theology	0.3
Biotechnology Law Report	0.3
Science in Context	0.3
Tieraerztliche Praxis Ausgabe Grosstiere Nutztiere	0.3
Cahiers de Civilisation Medievale	0.3
Studies in the History of Gardens & Designed Landscapes	0.3
Deviance et Societe	0.3
Journal for Eighteenth-Century Studies	0.3
Buildings & Landscapes-Journal of the Vernacular Architecture Forum	0.3
Contemporary Womens Writing	0.3
International Research in Childrens Literature	0.3
Law & Literature	0.3
Medieval History Journal	0.3
Historische Zeitschrift	0.3
Finanzarchiv	0.3
Forum for Modern Language Studies	0.3
French Studies	0.3
Algebra Colloquium	0.3
Glasgow Mathematical Journal	0.3
American Journal of Philology	0.3
Vetus Testamentum	0.3
Cryptologia	0.3
Hidrobiologica	0.3
Arbor-Ciencia Pensamiento y Cultura	0.3
Womens Studies-An Interdisciplinary Journal	0.3
Zeitschrift fuer Anglistik und Amerikanistik	0.3
Zeitschrift fuer Slawistik	0.3
Trends in Glycoscience and Glycotechnology	0.3
Amerasia Journal	0.3
Sculpture Review	0.3
Nineteenth-Century Contexts-An Interdisciplinary Journal	0.3
Translation Review	0.3
World Literature Today	0.3
Slavonic and East European Review	0.3
Sociologisk Forskning	0.3
Revista de Literatura	0.3
Theatre Dance and Performance Training	0.3
Southwestern Naturalist	0.3
Revue des Sciences Philosophiques et Theologiques	0.3
Doklady Physics	0.3
NTM	0.3
Terapevticheskii Arkhiv	0.3
Textile History	0.3
Journal of Latin American Cultural Studies	0.3
Textual Practice	0.3
Ceska A Slovenska Neurologie A Neurochirurgie	0.3
Revolutionary Russia	0.3
Journal of Literary Studies	0.3
South African Historical Journal	0.3
Itinerario-International Journal on the History of European Expansion and Global Interaction	0.3
Metu Journal of the Faculty of Architecture	0.3
Journal of the Faculty of Agriculture Kyushu University	0.3
Journal of Design History	0.3
Quaestio Rossica	0.3
Popular Music	0.3
Langue Francaise	0.3
Studia Phaenomenologica	0.3
Exchange-Journal of Contemporary Christianities in Context	0.3
Filosofija-Sociologija	0.3
Annales de Pathologie	0.3
Problemos	0.3
Industrial Archaeology Review	0.3
Refractories and Industrial Ceramics	0.3
Journal of Beckett Studies	0.3
ISLE-Interdisciplinary Studies in Literature and Environment	0.3
Kant-Studien	0.3
Milton Studies	0.3
Byzantine and Modern Greek Studies	0.3
Contemporary Theatre Review	0.3
Journal of Indian Philosophy	0.3
International Journal of Nanotechnology	0.3
Polish Journal of Ecology	0.3
AJS Review-The Journal of the Association for Jewish Studies	0.3
Nippon Suisan Gakkaishi	0.3
International Journal of Islamic Architecture	0.3
Queen Mary Journal of Intellectual Property	0.3
Philosophy and Rhetoric	0.3
Relations Industrielles-Industrial Relations	0.3
Renaissance and Reformation	0.3
Journal of Canadian Studies-Revue d'Etudes Canadiennes	0.3
Colloquium Mathematicum	0.3
Comparative Literature Studies	0.3
Midwest Studies in Philosophy	0.3
English	0.3
Sugar Industry-Zuckerindustrie	0.3
Irish Theological Quarterly	0.3
Studies in Religion-Sciences Religieuses	0.3
Revista Brasileira de Historia	0.3
Centaurus	0.3
Cultural Critique	0.3
Merrill-Palmer Quarterly-Journal of Developmental Psychology	0.3
Shofar-An Interdisciplinary Journal of Jewish Studies	0.3
Nuncius-Journal of the History of Science	0.3
Orbis Litterarum	0.3
Historical Journal of Film Radio and Television	0.3
Klinische Neurophysiologie	0.3
Arabica	0.3
Psychoanalysis and History	0.3
Costume-The Journal of the Costume Society	0.3
Rijksmuseum Bulletin	0.3
Journal of the Gilded Age and Progressive Era	0.3
Drustvena Istrazivanja	0.3
Greece & Rome	0.2
Isegoria	0.2
Acta Theologica	0.2
Hispania Sacra	0.2
Historian	0.2
Historisk Tidsskrift	0.2
War in History	0.2
Gedrag & Organisatie	0.2
Novum Testamentum	0.2
Voprosy Filosofii	0.2
Journal of Speculative Philosophy	0.2
Journal of Feminist Studies in Religion	0.2
Journal of Anglican Studies	0.2
Musica Hodie	0.2
Asclepio-Revista de Historia de la Medicina y de la Ciencia	0.2
October	0.2
Atlantis-Journal of the Spanish Association of Anglo-American Studies	0.2
Anuario Filosofico	0.2
Archiv fuer Papyrusforschung und Verwandte Gebiete	0.2
Journal of Popular Film and Television	0.2
Earth Sciences History	0.2
Filozofia	0.2
University of Pittsburgh Law Review	0.2
Slavic Review	0.2
Tijdschrift voor Geschiedenis	0.2
ARQ-Architectural Research Quarterly	0.2
Differences-A Journal of Feminist Cultural Studies	0.2
Opuscula-Annual of the Swedish Institutes at Athens and Rome	0.2
European Journal of Scandinavian Studies	0.2
Zeitschrift fuer Antikes Christentum-Journal of Ancient Christianity	0.2
Parliamentary History	0.2
Folklore-Electronic Journal of Folklore	0.2
Journal of Pediatric Infectious Diseases	0.2
Gematologiya i Transfuziologiya	0.2
Acta Orientalia Academiae Scientiarum Hungaricae	0.2
Cahiers du Monde Russe	0.2
Music & Letters	0.2
Musical Quarterly	0.2
Geomorphologie-Relief Processus Environnement	0.2
Neophilologus	0.2
Journal for the Study of the Old Testament	0.2
Journal of Modern Craft	0.2
European Legacy-Toward New Paradigms	0.2
Andamios	0.2
Italian Studies	0.2
Melanges de la Casa de Velazquez	0.2
Postmodern Culture	0.2
Oxford German Studies	0.2
Text and Performance Quarterly	0.2
Journal of Philosophical Research	0.2
Historical Review-La Revue Historique	0.2
Journal of Popular Culture	0.2
Research in Phenomenology	0.2
Bulletin of Hispanic Studies	0.2
American Art	0.2
Journal of Derivatives	0.2
Critical Survey	0.2
Deutsche Zeitschrift fuer Philosophie	0.2
Srpski Arhiv za Celokupno Lekarstvo	0.2
Chinese Studies in History	0.2
Classical Quarterly	0.2
International Journal of African Historical Studies	0.2
Ecumenical Review	0.2
Oregon Historical Quarterly	0.2
Manuscrito	0.2
Medecine Nucleaire-Imagerie Fonctionnelle et Metabolique	0.2
Logos-Vilnius	0.2
Historia-Santiago	0.2
Chaucer Review	0.2
Suchttherapie	0.2
Rivista di Storia Della Filosofia	0.2
Contemporary Music Review	0.2
Journal of the Royal Musical Association	0.2
Historical Records of Australian Science	0.2
Zeitschrift fuer Kristallographie-New Crystal Structures	0.2
Byzantinische Zeitschrift	0.2
Plainsong & Medieval Music	0.2
Camera Obscura	0.2
Biblical Interpretation-A Journal of Contemporary Approaches	0.2
Journal of Screenwriting	0.2
Language & History	0.2
Culture et Musees	0.2
Russian Literature	0.2
Pluralist	0.2
Iranian Red Crescent Medical Journal	0.2
Heythrop Journal	0.2
Extrapolation	0.2
Forum Italicum	0.2
Fibre Chemistry	0.2
International Philosophical Quarterly	0.2
Translation and Literature	0.2
Journal of Nietzsche Studies	0.2
German Life and Letters	0.2
Germanic Review	0.2
Vierteljahrshefte fuer Zeitgeschichte	0.2
Vojnosanitetski Pregled	0.2
Teaching Philosophy	0.2
Journal of the American Oriental Society	0.2
Yale Review	0.2
Contemporary French and Francophone Studies	0.2
Revista de Filologia Espanola	0.2
Anales del Seminario de Historia de la Filosofia	0.2
Mexican Studies-Estudios Mexicanos	0.2
Zhurnal Vysshei Nervnoi Deyatelnosti Imeni i P Pavlova	0.2
Anuario de Estudios Medievales	0.2
Architectural History	0.2
Archipel-Etudes Interdisciplinaires sur Le Monde Insulindien	0.2
Melus	0.2
Computer Music Journal	0.2
Afterall	0.2
Architectural Design	0.2
American Nineteenth Century History	0.2
Walt Whitman Quarterly Review	0.2
Tydskrif vir Geesteswetenskappe	0.2
Pferdeheilkunde	0.2
Tijdschrift voor Rechtsgeschiedenis-Revue d'Histoire du Droit-The Legal History Review	0.2
Journal of the South African Institution of Civil Engineering	0.2
Revista de Indias	0.2
Revista Iberoamericana	0.2
Exemplaria-Medieval Early Modern Theory	0.2
Artmargins	0.2
Journal of Chinese Literature and Culture	0.2
Tempo-Niteroi	0.2
Studies in History and Theory of Architecture-Studii de Istoria Si Teoria Arhitecturii	0.2
Keats-Shelley Review	0.2
Ecclesiastical Law Journal	0.2
Archives of Natural History	0.2
Laval Theologique et Philosophique	0.2
Modern Philology	0.2
Third Text	0.2
Mouvement Social	0.2
Telos	0.2
Journal of Modern Literature	0.2
Konsthistorisk Tidskrift	0.2
Neohelicon	0.2
Northern History	0.2
Utopian Studies	0.2
Co-herencia	0.2
Clcweb-Comparative Literature and Culture	0.2
Bulletin of Spanish Studies	0.2
Allgemeine Zeitschrift fuer Philosophie	0.2
Journal of British Cinema and Television	0.2
Britain and the World	0.2
Jahrbucher fuer Geschichte Osteuropas	0.2
Mokuzai Gakkaishi	0.2
Critique	0.2
Przemysl Chemiczny	0.2
Pensamiento	0.2
Dress-The Journal of the Costume Society of America	0.2
Philosophy Today	0.2
Journal of Asian History	0.2
Research in African Literatures	0.2
Mitteilungen der Osterreichischen Geographischen Gesellschaft	0.2
Victorian Literature and Culture	0.2
Rossiiskaya Istoriya	0.2
Alpha-Revista de Artes Letras y Filosofia	0.2
Islamic Law and Society	0.2
Kodai Mathematical Journal	0.2
Atenea	0.2
Seventeenth Century	0.2
Polis	0.2
Revista Chilena de Literatura	0.2
Revista Chilena de Derecho	0.2
Romance Quarterly	0.2
Wasafiri	0.2
Renaissance Studies	0.2
Buddhist Studies Review	0.2
Small Axe	0.2
Bunseki Kagaku	0.2
Cambridge Quarterly	0.2
New Theatre Quarterly	0.2
Modern Theology	0.2
Beitrage zur Geschichte der Deutschen Sprache und Literatur	0.2
Revija za Socijalnu Politiku	0.2
Organon F	0.2
Zeitschrift fuer Germanistische Linguistik	0.2
Romanticism	0.2
Politix	0.2
Prostor	0.2
Revue Francaise d'Allergologie	0.2
Evolution Psychiatrique	0.1
Future Anterior	0.1
Explicator	0.1
Expository Times	0.1
Hispanic Review	0.1
Historicky Casopis	0.1
German Quarterly	0.1
Giornale Storico Della Letteratura Italiana	0.1
University of Toronto Quarterly	0.1
Iranian Journal of Radiology	0.1
Theater	0.1
Nineteenth-Century Literature	0.1
Revue d'Histoire Moderne et Contemporaine	0.1
Probability and Mathematical Statistics-Poland	0.1
Shaw-The Journal of Bernard Shaw Studies	0.1
Wordsworth Circle	0.1
Zeitschrift fuer Agyptische Sprache und Altertumskunde	0.1
American Music	0.1
Journal of Film and Video	0.1
Zeitschrift fuer Kunstgeschichte	0.1
Anuario Musical	0.1
Nineteenth Century Music	0.1
American Studies in Scandinavia	0.1
Archives of American Art Journal	0.1
Twentieth Century Literature	0.1
Sculpture Journal	0.1
Revue de l'Histoire des Religions	0.1
Revue de Metaphysique et de Morale	0.1
Revue d'Histoire Ecclesiastique	0.1
Revue Francaise de Sociologie	0.1
Revue Romane	0.1
Rivista di Filologia e di Istruzione Classica	0.1
Lit-Literature Interpretation Theory	0.1
Tempo	0.1
Bariatric Surgical Practice and Patient Care	0.1
Archeosciences-Revue d'Archeometrie	0.1
Theatre Survey	0.1
Theology Today	0.1
Seminar-A Journal of Germanic Studies	0.1
Notes and Queries	0.1
Journal of the History of Collections	0.1
Studia Theologica-Czech Republic	0.1
Nottingham French Studies	0.1
Meta	0.1
Minnesota Review	0.1
Labour History	0.1
Modern Drama	0.1
Eighteenth-Century Life	0.1
Linguistique	0.1
Religious Studies Review	0.1
Eighteenth-Century Music	0.1
Dix-Neuf	0.1
Photography and Culture	0.1
Revue d'Etudes Comparatives Est-Ouest	0.1
Viator-Medieval and Renaissance Studies	0.1
Arquitetura Revista	0.1
Anglia-Zeitschrift fuer Englische Philologie	0.1
Zeitschrift der Deutschen Morgenlandischen Gesellschaft	0.1
Essays in Criticism	0.1
Pamietnik Literacki	0.1
Etudes Litteraires	0.1
Philologus	0.1
Dialogue-Canadian Philosophical Review	0.1
Classical Journal	0.1
Phoenix-The Journal of the Classical Association of Canada	0.1
Indian Historical Review	0.1
Irish University Review	0.1
Studies in American Jewish Literature	0.1
Canadian Journal of Film Studies-Revue Canadienne d'Etudes Cinematographiques	0.1
Teksty Drugie	0.1
Studies in Canadian Literature-Etudes en Litterature Canadienne	0.1
Acta Literaria	0.1
Euphrosyne-Revista de Filologia Classica	0.1
Central Asiatic Journal	0.1
Oxford Art Journal	0.1
Feministische Studien	0.1
Societes	0.1
Bulletin Hispanique	0.1
Zivot Umjetnosti	0.1
Russkaia Literatura	0.1
Common Knowledge	0.1
Performance Research	0.1
Vlaams Diergeneeskundig Tijdschrift	0.1
Literary Imagination	0.1
Hermes-Zeitschrift fuer Klassische Philologie	0.1
Disparidades-Revista de Antropologia	0.1
Anq-A Quarterly Journal of Short Articles Notes and Reviews	0.1
Litterature	0.1
Scandinavian Journal of the Old Testament	0.1
Cahiers Elisabethains	0.1
LiLi-Zeitschrift fuer Literaturwissenschaft und Linguistik	0.1
Zeitschrift fuer Bibliothekswesen und Bibliographie	0.1
Zeitschrift fuer Philosophische Forschung	0.1
Opera Quarterly	0.1
Estudios Filologicos	0.1
Proyecto Progreso Arquitectura	0.1
RLC-Revue de Litterature Comparee	0.1
Revue du Nord	0.1
Rhodora	0.1
Rivista di Estetica	0.1
Neue Zeitschrift fuer Systematische Theologie und Religionsphilosophie	0.1
New England Quarterly-A Historical Review of New England Life and Letters	0.1
Medium Aevum	0.1
Zeitgeschichte	0.1
Anthropos	0.1
Milton Quarterly	0.1
Cahiers Victoriens & Edouardiens	0.1
Modern Language Review	0.1
Biologicheskie Membrany	0.1
Alea-Estudos Neolatinos	0.1
Canadian Theatre Review	0.1
Bulletin of the Institute of Classical Studies	0.1
International Journal of the Platonic Tradition	0.1
International Journal of Public Theology	0.1
Index on Censorship	0.1
Nineteenth-Century Music Review	0.1
Toung Pao	0.1
Tyndale Bulletin	0.1
Religion and the Arts	0.1
Winterthur Portfolio-A Journal of American Material Culture	0.1
Trends in Classics	0.1
Aktuelle Rheumatologie	0.1
Arion-A Journal of Humanities and the Classics	0.1
Filozofska Istrazivanja	0.1
Critical Quarterly	0.1
Esprit	0.1
Journal of Ecclesiastical History	0.1
Etudes Philosophiques	0.1
Deutsche Vierteljahrsschrift fuer Literaturwissenschaft und Geistesgeschichte	0.1
Dialog-A Journal of Theology	0.1
Modernist Cultures	0.1
Irish Historical Studies	0.1
Portuguese Studies	0.1
Revista de Historia da Sociedade e da Cultura	0.1
International Journal of Systematic Theology	0.1
arq	0.1
Transactions of the Charles S Peirce Society	0.1
Informacao & Sociedade-Estudos	0.1
Prooftexts-A Journal of Jewish Literary History	0.1
Ideas y Valores	0.1
Langages	0.1
Bulletin Monumental	0.1
Canadian Review of American Studies	0.1
Bach	0.1
Word & Image	0.1
Early Modern Women-An Interdisciplinary Journal	0.1
Journal of the Society for American Music	0.1
Journal of the Japanese Society for Food Science and Technology-Nippon Shokuhin Kagaku Kogaku Kaishi	0.1
British Catholic History	0.1
American Journal of Semiotics	0.1
Historiographia Linguistica	0.1
Kritika Kultura	0.1
Guerres Mondiales et Conflits Contemporains	0
Iberoromania	0
Zeitschrift fuer Evangelische Ethik	0
Zeitschrift fuer Religions-Und Geistesgeschichte	0
Zeitschrift fuer Theologie und Kirche	0
Architectura-Zeitschrift fuer Geschichte der Baukunst	0
Review-Literature and Arts of the Americas	0
20 et 21-Revue d'Histoire	0
Texas Studies in Literature and Language	0
Slovo	0
Revue des Langues Romanes	0
Dutch Crossing-Journal of Low Countries Studies	0
Marvels & Tales-Journal of Fairy-Tale Studies	0
Zeitschrift fuer Germanistik	0
Etudes Francaises	0
Etudes Theologiques et Religieuses	0
Dix-Septieme Siecle	0
Revista 180	0
Annales de Bretagne et des Pays de l'Ouest	0
Jahrbuch fuer Internationale Germanistik	0
Australian Journal of French Studies	0
East European Jewish Affairs	0
Perspective-Actualite en Histoire de l'Art	0
Daphnis-Zeitschrift fuer Mittlere Deutsche Literatur	0
International Journal of Human Genetics	0
Filtration & Separation	0
Hispanic Research Journal-Iberian and Latin American Studies	0
Nordic Theatre Studies	0
Romantisme	0
Sen-i Gakkaishi	0
Revue Philosophique de la France et de l'Etranger	0
Studi Francesi	0
Sefarad	0
Quaderni d'Italianistica	0
Denkmalpflege	0
Cinemas d'Amerique Latine	0
Luso-Brazilian Review	0
Gefahrstoffe Reinhaltung der Luft	0
Voix & Images	0
Psychiatrie de l'Enfant	0
Internationales Archiv fuer Sozialgeschichte der Deutschen Literatur	0
Etudes Anglaises	0
Etudes Germaniques	0
Philosophische Rundschau	0
eLife	0
Revue Francaise d'Etudes Americaines	0
Litteratures	0
Muzikoloski Zbornik	0
Jung Journal-Culture & Psyche	0
